0.052488,0.051003,0.05164,0.05297,0.057882,0.10234,0.097402,0.098992,0.10171,0.11093,0.12398,0.12136,0.12361,0.13317,0.13714,0.39182,0.37641,0.38607,0.41273,0.425,0.32935,0.30738,0.32176,0.35061,0.3459,0.76911,0.76073,0.74831,0.74121,0.76367,pd_off_open
0.052156,0.053392,0.054442,0.051336,0.057077,0.11044,0.11054,0.11302,0.11215,0.12053,0.11754,0.1216,0.12608,0.12085,0.12941,0.37252,0.38431,0.38699,0.37851,0.39272,0.32453,0.32297,0.32804,0.3217,0.34214,0.66325,0.67453,0.6108,0.64128,0.52768,pd_off_open
0.053498,0.052524,0.050097,0.055354,0.050307,0.098815,0.09455,0.093579,0.10422,0.096885,0.13193,0.12783,0.12872,0.13841,0.13435,0.41633,0.39851,0.39568,0.42507,0.40893,0.32669,0.30774,0.29903,0.34102,0.32043,0.71882,0.72785,0.68797,0.74343,0.6696,pd_off_open
0.050591,0.048752,0.047175,0.052072,0.050017,0.098589,0.093404,0.091297,0.10103,0.098255,0.12777,0.12291,0.12218,0.13587,0.12843,0.41935,0.40113,0.39761,0.43205,0.41235,0.33424,0.31306,0.30446,0.34384,0.3262,0.69111,0.68929,0.67137,0.6719,0.66323,pd_off_open
0.053021,0.052277,0.051221,0.056588,0.051985,0.1014,0.09649,0.094354,0.10367,0.099476,0.13091,0.13136,0.12964,0.14148,0.13094,0.41987,0.40054,0.39931,0.42714,0.41665,0.32071,0.3028,0.29321,0.3363,0.30947,0.67738,0.66611,0.63467,0.65862,0.63562,pd_off_open
0.048046,0.047367,0.048428,0.048391,0.046529,0.10145,0.10152,0.10201,0.10306,0.099125,0.12979,0.13097,0.13283,0.12902,0.12001,0.40751,0.40094,0.41036,0.3815,0.38523,0.32324,0.3188,0.32511,0.30602,0.31069,0.65566,0.60924,0.62868,0.66686,0.72787,pd_off_open
0.051738,0.050075,0.051433,0.049876,0.049593,0.10003,0.10092,0.10178,0.10212,0.096479,0.13394,0.13165,0.1338,0.12661,0.12537,0.4083,0.40544,0.40971,0.38755,0.38492,0.31406,0.31476,0.3161,0.31017,0.31153,0.61811,0.60054,0.59528,0.66149,0.68023,pd_off_open
0.050068,0.048881,0.049421,0.046662,0.04818,0.10797,0.10845,0.10908,0.10914,0.10342,0.13262,0.13491,0.13558,0.13098,0.12377,0.40644,0.40538,0.41192,0.38565,0.38277,0.30912,0.30767,0.31091,0.29771,0.30476,0.60251,0.56433,0.57033,0.57677,0.63318,pd_off_open
0.049922,0.048581,0.050555,0.048455,0.04901,0.10438,0.10599,0.10627,0.10715,0.10264,0.13546,0.13349,0.13641,0.13208,0.12618,0.3986,0.40076,0.404,0.38532,0.38097,0.31125,0.31785,0.31736,0.31525,0.31095,0.59479,0.60383,0.59678,0.62858,0.66236,pd_off_open
0.048801,0.04847,0.049249,0.048607,0.047668,0.10589,0.10742,0.10792,0.10888,0.10336,0.14537,0.14221,0.14545,0.14066,0.13347,0.40527,0.40571,0.41148,0.39134,0.38483,0.30011,0.29925,0.30094,0.29022,0.29764,0.41793,0.4756,0.44344,0.49323,0.56929,pd_off_open
0.049783,0.048995,0.050011,0.049767,0.047993,0.10725,0.10944,0.10961,0.11042,0.10447,0.13696,0.13891,0.13957,0.13782,0.12863,0.40832,0.40491,0.40975,0.39371,0.38175,0.30281,0.30445,0.30432,0.29662,0.29934,0.4903,0.48871,0.47992,0.48474,0.57515,pd_off_open
0.052485,0.051613,0.052148,0.051552,0.052595,0.10424,0.10252,0.10309,0.098504,0.10466,0.1297,0.13308,0.13508,0.12755,0.12922,0.39778,0.40931,0.41156,0.38181,0.40195,0.30077,0.30807,0.31658,0.30363,0.31376,0.67921,0.6129,0.62206,0.66454,0.6744,pd_off_open
0.052287,0.053679,0.053986,0.053496,0.055414,0.10867,0.11007,0.11347,0.1112,0.12041,0.12298,0.12917,0.13298,0.12969,0.13431,0.3714,0.39043,0.39315,0.38477,0.39969,0.31089,0.31653,0.31777,0.30807,0.33581,0.72883,0.71874,0.67338,0.71586,0.64645,pd_off_open
0.053011,0.053712,0.053507,0.051484,0.053382,0.10386,0.10556,0.10647,0.10029,0.1087,0.13442,0.13939,0.14048,0.13237,0.13856,0.39696,0.41144,0.41393,0.38466,0.40013,0.29048,0.30048,0.30528,0.28998,0.30378,0.67095,0.57314,0.57694,0.58693,0.63081,pd_off_open
0.05192,0.052264,0.053131,0.0521,0.051345,0.10235,0.10412,0.1039,0.097929,0.10329,0.13779,0.13907,0.14246,0.13225,0.14177,0.39475,0.41003,0.4143,0.38313,0.39936,0.29466,0.30277,0.30793,0.29559,0.30256,0.60174,0.57174,0.55511,0.57707,0.56009,pd_off_open
0.050824,0.051463,0.052153,0.049432,0.051204,0.10423,0.10869,0.11017,0.10283,0.10709,0.14066,0.14435,0.1478,0.13734,0.14397,0.39027,0.40698,0.40901,0.38103,0.39311,0.28877,0.30127,0.30618,0.29536,0.30025,0.52683,0.50142,0.50109,0.54624,0.49813,pd_off_open
0.053057,0.052137,0.052649,0.048776,0.052287,0.10663,0.10792,0.10866,0.10238,0.10849,0.1367,0.14022,0.14226,0.13421,0.13856,0.39204,0.41246,0.4108,0.38532,0.39763,0.2939,0.29831,0.3043,0.28797,0.30233,0.66025,0.60088,0.58111,0.65131,0.63587,pd_off_open
0.053158,0.051514,0.053001,0.049848,0.051904,0.10574,0.1065,0.1072,0.10287,0.10952,0.13423,0.13608,0.13869,0.1293,0.13714,0.39281,0.40662,0.40875,0.38242,0.395,0.29788,0.30522,0.31034,0.29517,0.31103,0.66106,0.58335,0.59159,0.62537,0.60172,pd_off_open
0.053515,0.052932,0.053805,0.054307,0.057084,0.10357,0.10029,0.1048,0.10571,0.10751,0.13616,0.13361,0.14062,0.1406,0.14604,0.39015,0.37737,0.39102,0.40674,0.40475,0.31833,0.30157,0.30347,0.33621,0.32336,0.65465,0.61002,0.53248,0.58489,0.5836,pd_off_open
0.052881,0.052548,0.052327,0.05358,0.056025,0.10321,0.10063,0.10187,0.10298,0.10827,0.13526,0.12986,0.13593,0.1367,0.14625,0.39038,0.37648,0.3874,0.4052,0.40526,0.32725,0.30653,0.30684,0.34551,0.32613,0.68841,0.70081,0.64712,0.68733,0.643,pd_off_open
0.053928,0.05275,0.052779,0.052755,0.058003,0.10015,0.099986,0.10365,0.10289,0.1074,0.13892,0.13462,0.14214,0.13904,0.14573,0.38678,0.37482,0.39089,0.40799,0.40638,0.32122,0.30436,0.30175,0.34049,0.32607,0.50483,0.55647,0.48299,0.60339,0.49843,pd_off_open
0.053133,0.053297,0.052909,0.054203,0.055826,0.10288,0.1016,0.10445,0.10267,0.11118,0.13887,0.13403,0.1423,0.13834,0.14888,0.38481,0.37549,0.39298,0.40364,0.40628,0.31781,0.30148,0.30138,0.33498,0.32727,0.53102,0.5537,0.47513,0.59935,0.48259,pd_off_open
0.053917,0.052554,0.053657,0.054165,0.057459,0.10442,0.10104,0.10273,0.10543,0.10929,0.13147,0.12612,0.13016,0.13559,0.14055,0.38794,0.37603,0.38387,0.41167,0.40669,0.32917,0.30959,0.31019,0.34835,0.33495,0.72362,0.73508,0.69933,0.70336,0.70622,pd_off_open
0.052037,0.052748,0.053731,0.053818,0.056175,0.11029,0.11145,0.11666,0.11399,0.11998,0.12389,0.12987,0.13359,0.12898,0.13706,0.37472,0.3963,0.39656,0.38577,0.39117,0.30901,0.32177,0.31406,0.30085,0.31308,0.71975,0.69552,0.64057,0.66994,0.64649,pd_off_open
0.052784,0.051843,0.052022,0.053888,0.054822,0.10431,0.10117,0.10316,0.10551,0.1115,0.13135,0.12729,0.13232,0.13511,0.14319,0.39068,0.37345,0.38109,0.40057,0.40219,0.33462,0.31141,0.30982,0.34343,0.33578,0.70875,0.66699,0.59476,0.65508,0.6434,pd_off_open
0.047798,0.049258,0.051223,0.050254,0.051781,0.090952,0.095961,0.099367,0.096028,0.10024,0.12806,0.13462,0.13787,0.13286,0.14094,0.37616,0.39429,0.40016,0.39526,0.39553,0.31822,0.3278,0.33682,0.33024,0.33101,0.57039,0.54954,0.52904,0.58531,0.47031,pd_off_open
0.046565,0.048121,0.050509,0.04911,0.051065,0.094451,0.097359,0.10024,0.094948,0.10423,0.13049,0.13511,0.13893,0.13422,0.14139,0.37531,0.39183,0.40163,0.39306,0.39997,0.31833,0.32453,0.33312,0.33115,0.32539,0.53103,0.52342,0.4985,0.55509,0.46123,pd_off_open
0.046859,0.047685,0.049476,0.047394,0.05101,0.090185,0.095619,0.09902,0.096124,0.098845,0.12873,0.13307,0.13711,0.13167,0.14197,0.37577,0.39556,0.40268,0.39361,0.40242,0.31991,0.32678,0.3371,0.33926,0.32804,0.59993,0.5698,0.54857,0.58395,0.49606,pd_off_open
0.046555,0.047997,0.050067,0.049049,0.050677,0.093912,0.097069,0.10181,0.096769,0.10274,0.12328,0.13207,0.13619,0.13333,0.13517,0.37565,0.39252,0.40316,0.39314,0.39781,0.32252,0.328,0.3367,0.33173,0.33354,0.61294,0.55412,0.53973,0.56629,0.53721,pd_off_open
0.047494,0.047975,0.049715,0.047456,0.051408,0.093375,0.097609,0.10068,0.096695,0.10389,0.12942,0.1336,0.1377,0.13349,0.14291,0.37934,0.39338,0.4022,0.39233,0.40074,0.31606,0.32534,0.33132,0.32962,0.32702,0.52262,0.5093,0.49363,0.49223,0.41147,pd_off_open
0.047454,0.047394,0.048817,0.047562,0.052011,0.094648,0.096588,0.10093,0.096506,0.10516,0.13121,0.13516,0.13889,0.13318,0.14418,0.38027,0.39344,0.40318,0.38899,0.40104,0.3154,0.32359,0.33116,0.33,0.31897,0.54131,0.50948,0.51277,0.55861,0.44799,pd_off_open
0.050115,0.051385,0.052546,0.051367,0.049502,0.096656,0.096745,0.10082,0.10019,0.093294,0.11941,0.11992,0.12713,0.12721,0.11859,0.40839,0.39764,0.42762,0.40878,0.38986,0.3276,0.31009,0.32724,0.33285,0.30696,0.64373,0.68339,0.59623,0.68147,0.65357,pd_off_open
0.052652,0.051711,0.053618,0.052721,0.051167,0.098688,0.099203,0.10315,0.10301,0.097226,0.12127,0.12034,0.12797,0.12584,0.12153,0.40723,0.39352,0.42201,0.40902,0.38602,0.32769,0.30929,0.32169,0.3324,0.30642,0.70127,0.72074,0.6338,0.71238,0.68164,pd_off_open
0.05098,0.051796,0.052667,0.052636,0.050403,0.10198,0.10011,0.1041,0.10388,0.095841,0.12344,0.12261,0.1309,0.12776,0.11959,0.40365,0.39107,0.42096,0.40416,0.3847,0.32686,0.31125,0.32306,0.32686,0.30633,0.68001,0.70355,0.62315,0.7117,0.69679,pd_off_open
0.053054,0.054467,0.049768,0.058327,0.048207,0.10759,0.1097,0.10443,0.11992,0.10203,0.12409,0.12726,0.12672,0.14139,0.12477,0.38153,0.39234,0.39196,0.43688,0.37904,0.31657,0.32604,0.32345,0.372,0.31832,0.79578,0.80857,0.7247,0.77969,0.72784,pd_off_open
0.051473,0.049901,0.05179,0.050361,0.048164,0.10001,0.097953,0.10135,0.10273,0.094186,0.12412,0.1238,0.12981,0.12747,0.12028,0.41049,0.39748,0.42303,0.40732,0.38921,0.32575,0.31105,0.31888,0.32951,0.30291,0.6782,0.6878,0.63988,0.68485,0.67557,pd_off_open
0.050619,0.050169,0.051848,0.052003,0.048894,0.10022,0.098173,0.10283,0.10238,0.099716,0.12516,0.12212,0.13067,0.129,0.11958,0.40464,0.39484,0.42017,0.40316,0.39028,0.32557,0.31164,0.3216,0.33287,0.30605,0.70134,0.71336,0.64782,0.70642,0.66445,pd_off_open
0.049542,0.050584,0.051704,0.051726,0.04877,0.10029,0.10188,0.10604,0.10448,0.099976,0.1285,0.12629,0.13536,0.13429,0.12285,0.41145,0.39476,0.42198,0.40687,0.39071,0.31997,0.30417,0.31284,0.32499,0.29216,0.66806,0.69327,0.61734,0.67821,0.67901,pd_off_open
0.053047,0.050178,0.049348,0.057101,0.052053,0.099645,0.097577,0.093836,0.1108,0.094834,0.12776,0.1272,0.12393,0.14693,0.12445,0.41206,0.39814,0.37785,0.46178,0.38705,0.33029,0.32818,0.30993,0.39083,0.31304,0.68193,0.68946,0.68681,0.66785,0.69169,pd_off_open
0.053986,0.052517,0.049457,0.05932,0.051566,0.10347,0.098296,0.095669,0.11116,0.099617,0.13065,0.1272,0.12468,0.14517,0.12627,0.40662,0.3932,0.37828,0.45248,0.38992,0.33074,0.325,0.30597,0.38446,0.31378,0.68512,0.70471,0.67825,0.68935,0.67153,pd_off_open
0.048554,0.048295,0.045557,0.054673,0.0454,0.10147,0.10266,0.096957,0.11806,0.095381,0.13122,0.12863,0.12723,0.14929,0.12824,0.40229,0.39353,0.37409,0.45992,0.38064,0.33506,0.3328,0.31225,0.399,0.31525,0.70191,0.70531,0.67978,0.67143,0.67418,pd_off_open
0.05226,0.051298,0.047652,0.056408,0.047835,0.1028,0.098744,0.096266,0.11332,0.09965,0.13335,0.1279,0.12587,0.14686,0.13036,0.40672,0.39661,0.37918,0.45876,0.38755,0.3283,0.32529,0.30692,0.38689,0.30715,0.66664,0.66805,0.63779,0.64534,0.63564,pd_off_open
0.051323,0.049357,0.047893,0.055861,0.049259,0.10141,0.097887,0.095027,0.11313,0.098047,0.13593,0.13203,0.13133,0.15055,0.13442,0.40974,0.39862,0.38299,0.46262,0.39152,0.32093,0.32195,0.30221,0.38312,0.29904,0.67147,0.66475,0.63506,0.63675,0.64783,pd_off_open
0.051872,0.050169,0.048093,0.056413,0.049689,0.1015,0.097859,0.094956,0.11208,0.09728,0.13109,0.12706,0.12497,0.14423,0.12796,0.4117,0.39948,0.37903,0.45553,0.38949,0.32705,0.32775,0.30807,0.39296,0.30686,0.63258,0.65131,0.62152,0.65702,0.6114,pd_off_open
0.051777,0.050371,0.052518,0.052726,0.055191,0.09512,0.093773,0.09736,0.098745,0.10239,0.1236,0.12039,0.12684,0.12966,0.13292,0.39678,0.40187,0.41615,0.41866,0.4309,0.30235,0.30811,0.32081,0.33116,0.33197,0.64764,0.6149,0.63203,0.64586,0.62846,pd_off_open
0.05602,0.056503,0.051896,0.060457,0.052639,0.10728,0.10965,0.10396,0.11935,0.10192,0.12395,0.12723,0.1262,0.14093,0.12147,0.37591,0.38528,0.38703,0.43897,0.37283,0.31657,0.32738,0.33121,0.38277,0.32165,0.7916,0.81683,0.75682,0.81714,0.7441,pd_off_open
0.049962,0.049298,0.051028,0.051973,0.052739,0.10327,0.098898,0.10473,0.10384,0.10866,0.12556,0.12112,0.12844,0.13117,0.13482,0.39507,0.39487,0.41014,0.41354,0.4301,0.29972,0.30568,0.31969,0.32836,0.3266,0.65693,0.67572,0.66879,0.68011,0.66184,pd_off_open
0.050775,0.048939,0.050864,0.050706,0.054871,0.1075,0.10263,0.1075,0.10528,0.11433,0.1231,0.1211,0.12814,0.13091,0.13218,0.39184,0.39318,0.40778,0.41526,0.42493,0.30104,0.30086,0.32102,0.33105,0.32582,0.63411,0.63273,0.62683,0.63988,0.65006,pd_off_open
0.04984,0.047896,0.050059,0.050934,0.05366,0.10524,0.1002,0.10575,0.1047,0.11243,0.12321,0.11831,0.12615,0.12819,0.13247,0.39288,0.39317,0.40656,0.40858,0.42759,0.30398,0.30866,0.3239,0.32861,0.3323,0.66617,0.63792,0.655,0.67917,0.66414,pd_off_open
0.048003,0.046935,0.049642,0.049512,0.050695,0.10252,0.099378,0.10407,0.10333,0.10926,0.12109,0.12067,0.12683,0.13158,0.13063,0.39269,0.3923,0.41188,0.41725,0.42457,0.3067,0.30951,0.32725,0.33341,0.33128,0.60192,0.61798,0.62759,0.64762,0.59433,pd_off_open
0.050377,0.049643,0.051714,0.052632,0.053697,0.1095,0.10461,0.11,0.11001,0.11606,0.12822,0.12374,0.13106,0.13408,0.13789,0.38999,0.38756,0.40175,0.40806,0.42402,0.29821,0.30018,0.31848,0.32838,0.3223,0.53396,0.58974,0.57081,0.60055,0.53719,pd_off_open
0.051298,0.051653,0.052519,0.052876,0.056113,0.10427,0.10173,0.1051,0.10423,0.10927,0.12712,0.12613,0.13075,0.12974,0.13676,0.39025,0.39028,0.40127,0.4005,0.4178,0.31035,0.30446,0.31506,0.32412,0.33317,0.72589,0.70444,0.67918,0.7299,0.72816,pd_off_open
0.050048,0.050282,0.051465,0.052237,0.053312,0.10091,0.099448,0.10273,0.10312,0.1092,0.12652,0.12473,0.12831,0.1298,0.13474,0.39094,0.38879,0.40351,0.40159,0.41944,0.31189,0.30722,0.319,0.32592,0.346,0.69984,0.72031,0.68888,0.70964,0.71664,pd_off_open
0.051197,0.050951,0.053497,0.051652,0.054213,0.10573,0.1048,0.10641,0.10527,0.11419,0.1313,0.12821,0.13252,0.13213,0.13946,0.38989,0.38959,0.40205,0.40172,0.42248,0.30303,0.29964,0.30971,0.31812,0.33003,0.60623,0.60031,0.59847,0.60616,0.59114,pd_off_open
0.050963,0.050917,0.052877,0.0542,0.053633,0.1027,0.10168,0.10451,0.10421,0.10901,0.12934,0.12974,0.13336,0.13249,0.13794,0.39432,0.39287,0.40508,0.40417,0.41921,0.3047,0.29888,0.31135,0.32264,0.32884,0.57462,0.5887,0.56903,0.61824,0.56797,pd_off_open
0.0514,0.050775,0.053158,0.051638,0.05609,0.10347,0.10366,0.10667,0.10819,0.10904,0.12884,0.12966,0.13291,0.13066,0.13916,0.38955,0.38944,0.40126,0.40186,0.41764,0.30879,0.29866,0.31171,0.31912,0.33444,0.61752,0.59038,0.59674,0.66582,0.59115,pd_off_open
0.053663,0.055585,0.051523,0.059187,0.050955,0.1019,0.10563,0.10105,0.11658,0.099064,0.12215,0.12324,0.12354,0.13522,0.12418,0.38331,0.38986,0.39214,0.43881,0.38778,0.3215,0.32582,0.32929,0.37607,0.32336,0.79476,0.82095,0.72836,0.78905,0.75957,pd_off_open
0.051097,0.052173,0.053165,0.053397,0.055491,0.10162,0.10165,0.10433,0.10577,0.10554,0.13132,0.12976,0.13261,0.13095,0.14107,0.39019,0.38823,0.40085,0.40068,0.41655,0.30836,0.30236,0.31317,0.31939,0.33734,0.68335,0.67328,0.66485,0.68734,0.69769,pd_off_open
0.05217,0.051152,0.05268,0.054169,0.05564,0.10495,0.10319,0.10655,0.10585,0.11297,0.13578,0.13083,0.13827,0.13877,0.14526,0.39436,0.38215,0.3953,0.40708,0.41349,0.30767,0.29325,0.30798,0.3306,0.321,0.64532,0.65859,0.614,0.67083,0.59822,pd_off_open
0.052904,0.052875,0.053794,0.056109,0.054863,0.10559,0.10426,0.10957,0.10799,0.11133,0.13348,0.12779,0.13558,0.1344,0.1456,0.39458,0.38419,0.39944,0.41009,0.4116,0.30767,0.29094,0.30571,0.32885,0.32057,0.65199,0.66266,0.61024,0.66468,0.54778,pd_off_open
0.052317,0.05165,0.053392,0.055361,0.054864,0.10619,0.10614,0.10945,0.11273,0.11186,0.13326,0.12824,0.13508,0.13968,0.14423,0.39777,0.38216,0.39878,0.41111,0.41262,0.3083,0.28963,0.30186,0.31881,0.32692,0.62193,0.59611,0.58599,0.58278,0.50141,pd_off_open
0.052942,0.052163,0.05349,0.054578,0.055709,0.10794,0.10713,0.1099,0.1112,0.11333,0.13382,0.12946,0.13719,0.13849,0.14617,0.39678,0.38867,0.40185,0.40931,0.41896,0.29972,0.28675,0.29933,0.31775,0.3161,0.53392,0.53853,0.51283,0.54978,0.44135,pd_off_open
0.053403,0.051497,0.052682,0.05359,0.056387,0.11016,0.10839,0.11137,0.11254,0.11793,0.13339,0.12937,0.13523,0.13786,0.14659,0.39583,0.3815,0.39839,0.40007,0.41079,0.30518,0.28972,0.30151,0.32183,0.31842,0.59675,0.59486,0.56441,0.59237,0.49036,pd_off_open
0.053557,0.053292,0.054501,0.056354,0.055421,0.10828,0.10676,0.11156,0.11425,0.11463,0.13386,0.13042,0.13664,0.14076,0.14554,0.39192,0.38284,0.39743,0.40718,0.41285,0.30549,0.28759,0.30208,0.32183,0.31854,0.62854,0.598,0.56679,0.54903,0.50989,pd_off_open
0.0544,0.05129,0.05404,0.056106,0.054115,0.10519,0.1005,0.10405,0.10676,0.107,0.13413,0.12643,0.13525,0.13938,0.13452,0.40472,0.39662,0.4106,0.418,0.40496,0.30517,0.29691,0.30068,0.33242,0.30308,0.6446,0.6582,0.59568,0.66817,0.63725,pd_off_open
0.053815,0.050169,0.053501,0.054196,0.053802,0.10947,0.10484,0.10908,0.11161,0.11181,0.13494,0.12647,0.13656,0.13731,0.13589,0.40285,0.3901,0.40976,0.41834,0.39948,0.30123,0.30055,0.29834,0.32922,0.30059,0.69263,0.66749,0.65035,0.7256,0.66292,pd_off_open
0.053639,0.050018,0.053222,0.053892,0.054346,0.10633,0.099978,0.10726,0.10844,0.10791,0.13235,0.12746,0.13529,0.13915,0.1338,0.40616,0.39388,0.4125,0.41735,0.40796,0.30356,0.29816,0.3006,0.32738,0.30056,0.59923,0.61111,0.57393,0.58883,0.59511,pd_off_open
0.052945,0.054456,0.050903,0.057972,0.050991,0.10115,0.10403,0.10015,0.11348,0.098724,0.13143,0.13304,0.13259,0.14304,0.13114,0.39361,0.39944,0.39166,0.43045,0.3837,0.31729,0.31796,0.30938,0.35111,0.31855,0.80412,0.79892,0.70631,0.77967,0.71747,pd_off_open
0.053993,0.051463,0.053546,0.055725,0.053575,0.1071,0.10261,0.10817,0.11116,0.10915,0.12961,0.12823,0.13598,0.13415,0.13251,0.41302,0.39657,0.41518,0.42181,0.41044,0.29805,0.29221,0.29791,0.32584,0.29274,0.6711,0.64591,0.61501,0.69143,0.6451,pd_off_open
0.051029,0.049578,0.051494,0.052357,0.05208,0.10652,0.101,0.10638,0.1087,0.1077,0.13432,0.12831,0.13614,0.1386,0.13594,0.40394,0.39822,0.41431,0.42056,0.40705,0.30449,0.29377,0.3011,0.33039,0.30026,0.63123,0.61148,0.57468,0.6226,0.62089,pd_off_open
0.053317,0.050155,0.05249,0.05249,0.054463,0.10622,0.10012,0.10571,0.10943,0.10701,0.13363,0.12718,0.13619,0.13781,0.13389,0.40964,0.3964,0.41117,0.42337,0.40509,0.30129,0.29571,0.30232,0.32992,0.29936,0.60836,0.6199,0.56449,0.63293,0.58883,pd_off_open
0.056258,0.056419,0.057394,0.062655,0.056675,0.11665,0.11411,0.11664,0.12529,0.11681,0.13497,0.13445,0.13411,0.14497,0.13239,0.39673,0.39082,0.38675,0.42473,0.3909,0.29989,0.28343,0.29539,0.33956,0.30278,0.64723,0.62085,0.6125,0.64402,0.63582,pd_off_open
0.057948,0.056081,0.056443,0.063622,0.056344,0.11897,0.1161,0.12174,0.12779,0.11904,0.13574,0.1333,0.1346,0.14163,0.13167,0.39651,0.39144,0.3899,0.42794,0.38206,0.29576,0.28588,0.29107,0.33587,0.29859,0.62818,0.63978,0.57039,0.65655,0.60219,pd_off_open
0.05673,0.055242,0.056443,0.061949,0.055587,0.11957,0.11624,0.12223,0.12801,0.11922,0.13534,0.13417,0.13526,0.14665,0.13232,0.39653,0.38992,0.39215,0.42749,0.38408,0.29767,0.28056,0.29089,0.34032,0.29535,0.61227,0.54079,0.50867,0.5661,0.59595,pd_off_open
0.057804,0.054833,0.058083,0.062744,0.057504,0.11829,0.11523,0.12049,0.12807,0.11774,0.13477,0.13058,0.13455,0.14267,0.13382,0.39441,0.38841,0.38954,0.42684,0.3881,0.29816,0.28557,0.29512,0.33672,0.29737,0.61448,0.59625,0.49795,0.63489,0.56825,pd_off_open
0.05627,0.054841,0.05599,0.061365,0.056512,0.11878,0.11479,0.11982,0.12663,0.11678,0.13527,0.13147,0.13378,0.14211,0.13649,0.3955,0.39032,0.38684,0.42482,0.38926,0.30171,0.28469,0.29359,0.34036,0.30071,0.6311,0.63422,0.58063,0.63345,0.64868,pd_off_open
0.05742,0.056487,0.057508,0.060513,0.056299,0.11832,0.11403,0.12073,0.12291,0.11745,0.13473,0.13334,0.13455,0.14055,0.13728,0.39743,0.38949,0.39344,0.42468,0.38852,0.29601,0.28438,0.292,0.33279,0.29521,0.58784,0.59057,0.54021,0.63187,0.61282,pd_off_open
0.051375,0.052245,0.049639,0.056185,0.050212,0.098253,0.099325,0.098282,0.10887,0.098758,0.12255,0.12473,0.12553,0.13696,0.12413,0.38072,0.39024,0.39629,0.43939,0.38202,0.31928,0.33353,0.34072,0.38567,0.32518,0.73833,0.71674,0.64719,0.69165,0.6858,pd_off_open
0.052689,0.052039,0.05013,0.054872,0.052278,0.10369,0.10641,0.10393,0.1169,0.10196,0.12807,0.12946,0.12871,0.14172,0.12687,0.39129,0.39719,0.38804,0.43128,0.3866,0.3179,0.32274,0.3166,0.36372,0.31204,0.82031,0.83326,0.76307,0.83024,0.78926,pd_off_open
0.059152,0.04708,0.053442,0.046164,0.057288,0.1112,0.085741,0.099697,0.086445,0.10809,0.13485,0.10306,0.12058,0.1038,0.13086,0.43942,0.32904,0.3912,0.33453,0.42537,0.37198,0.27371,0.32962,0.28247,0.36292,0.7971,0.79723,0.7969,0.79505,0.79497,pd_off_open
0.054235,0.052431,0.053198,0.054737,0.05745,0.099985,0.098241,0.10046,0.10654,0.11019,0.12739,0.12719,0.12738,0.12914,0.14548,0.38685,0.37157,0.38246,0.41132,0.41917,0.32437,0.30846,0.31976,0.34887,0.34947,0.76495,0.76332,0.75987,0.75978,0.71973,pd_off_open
0.058154,0.04474,0.052802,0.045826,0.056033,0.11144,0.085332,0.10031,0.088319,0.10934,0.14022,0.10877,0.12691,0.11236,0.13889,0.4353,0.32452,0.38957,0.33528,0.42409,0.36907,0.27314,0.32718,0.27816,0.35679,0.76506,0.75743,0.76679,0.76485,0.76233,pd_off_open
0.065341,0.051548,0.059898,0.053933,0.064757,0.11131,0.086053,0.099141,0.084063,0.10575,0.13534,0.10254,0.12086,0.10484,0.13215,0.43872,0.32574,0.38901,0.33047,0.42269,0.36897,0.27066,0.32586,0.2761,0.35772,0.81747,0.81274,0.8173,0.8197,0.81971,pd_off_open
0.061263,0.047849,0.055818,0.049614,0.060406,0.10846,0.082471,0.096576,0.081891,0.10369,0.13617,0.10491,0.12147,0.10542,0.13313,0.4398,0.32736,0.39089,0.33493,0.42757,0.37264,0.27037,0.33087,0.28188,0.36245,0.86333,0.85751,0.86502,0.87072,0.87117,pd_off_open
0.061796,0.048401,0.056215,0.050111,0.060847,0.11351,0.087636,0.10247,0.088778,0.11041,0.14238,0.10986,0.12817,0.11306,0.1403,0.43435,0.3254,0.38639,0.32641,0.41839,0.36501,0.26704,0.32241,0.27258,0.35315,0.84454,0.83056,0.84866,0.85524,0.8526,pd_off_open
0.059775,0.047024,0.054234,0.046314,0.056881,0.11134,0.086862,0.099782,0.08706,0.10849,0.14035,0.10867,0.12646,0.11021,0.13679,0.43145,0.32102,0.38531,0.32992,0.41845,0.37225,0.27532,0.33072,0.28253,0.36153,0.76702,0.76496,0.76753,0.75955,0.75974,pd_off_open
0.05229,0.049896,0.048391,0.051422,0.044987,0.1022,0.09777,0.094904,0.10045,0.089821,0.12957,0.12456,0.1227,0.12992,0.11275,0.4304,0.41105,0.40379,0.43086,0.37267,0.33492,0.32367,0.31154,0.35756,0.28672,0.67491,0.66524,0.65516,0.70778,0.69961,pd_off_open
0.05181,0.049815,0.049004,0.049965,0.045747,0.10472,0.099796,0.097881,0.10165,0.090735,0.13348,0.13075,0.12676,0.1335,0.11547,0.42646,0.40817,0.40012,0.42849,0.37656,0.33198,0.31789,0.30821,0.35267,0.28122,0.65271,0.65377,0.63881,0.71441,0.65542,pd_off_open
0.051226,0.049888,0.049068,0.053906,0.045507,0.10252,0.099372,0.096384,0.10359,0.0894,0.13088,0.12756,0.12606,0.13726,0.11085,0.42428,0.40478,0.39853,0.42594,0.36793,0.33734,0.32356,0.31381,0.3626,0.29161,0.67901,0.66181,0.68017,0.68386,0.72139,pd_off_open
0.052893,0.051842,0.049609,0.054306,0.045012,0.10456,0.099605,0.097699,0.10584,0.09014,0.13161,0.12884,0.12742,0.1377,0.11406,0.42482,0.4075,0.39811,0.43111,0.36804,0.32982,0.32079,0.30909,0.36687,0.28629,0.67053,0.6867,0.66723,0.71072,0.69302,pd_off_open
0.051227,0.051143,0.049302,0.0544,0.044884,0.10347,0.097841,0.096862,0.10316,0.091758,0.13188,0.12761,0.12581,0.13094,0.11384,0.42304,0.40403,0.39887,0.43089,0.37295,0.33658,0.31764,0.31341,0.36621,0.28998,0.67265,0.67065,0.65515,0.70664,0.70239,pd_off_open
0.054978,0.052973,0.052831,0.052286,0.060654,0.10101,0.098299,0.098386,0.10022,0.11134,0.12674,0.12617,0.12858,0.13241,0.14113,0.38561,0.36903,0.38158,0.40551,0.42008,0.32823,0.31152,0.3207,0.35022,0.3478,0.77426,0.74371,0.7335,0.72447,0.74994,pd_off_open
0.051327,0.049589,0.048766,0.052022,0.046627,0.10541,0.10065,0.098136,0.10246,0.092606,0.13496,0.12826,0.12657,0.13239,0.11569,0.43066,0.4089,0.40522,0.43272,0.3751,0.32747,0.31013,0.30537,0.35076,0.28432,0.57823,0.63646,0.58947,0.67769,0.6242,pd_off_open
0.056015,0.055625,0.055843,0.060234,0.058461,0.10373,0.1041,0.10452,0.11421,0.10923,0.13621,0.13513,0.14129,0.14859,0.14188,0.3806,0.37771,0.38662,0.42498,0.40178,0.30343,0.30652,0.30782,0.34828,0.32247,0.76581,0.73447,0.67277,0.72624,0.74123,pd_off_open
0.055658,0.055475,0.055801,0.061465,0.05556,0.10418,0.10625,0.10575,0.11529,0.10857,0.13837,0.13758,0.14329,0.15154,0.14635,0.38056,0.37863,0.38589,0.42428,0.39781,0.30428,0.29809,0.30647,0.35179,0.3191,0.72304,0.69464,0.62882,0.68519,0.64922,pd_off_open
0.056988,0.055354,0.056483,0.060477,0.059244,0.10592,0.10857,0.10803,0.11725,0.11032,0.13928,0.13527,0.14333,0.14709,0.14634,0.37742,0.37611,0.38719,0.42101,0.39587,0.30357,0.2981,0.30683,0.34634,0.31554,0.6712,0.69342,0.6197,0.70235,0.63799,pd_off_open
0.056342,0.054984,0.057114,0.060201,0.05863,0.10857,0.10889,0.10945,0.11726,0.11348,0.13882,0.13675,0.14356,0.15069,0.14632,0.38253,0.37769,0.38898,0.42485,0.39632,0.29591,0.29279,0.30237,0.34134,0.3174,0.68135,0.67665,0.63865,0.67655,0.65121,pd_off_open
0.05541,0.053733,0.055124,0.059433,0.05794,0.10619,0.10571,0.10656,0.11443,0.11181,0.1387,0.13551,0.1425,0.14871,0.14788,0.38316,0.37662,0.38836,0.41991,0.40405,0.29894,0.30054,0.30329,0.34894,0.31999,0.68979,0.70753,0.62365,0.69558,0.5901,pd_off_open
0.054247,0.054313,0.055594,0.058429,0.055959,0.10612,0.10334,0.10661,0.11308,0.11269,0.13758,0.13531,0.14215,0.14883,0.14565,0.38557,0.38554,0.39118,0.42563,0.39947,0.29801,0.29719,0.3042,0.33451,0.32179,0.71283,0.70345,0.6338,0.6634,0.69486,pd_off_open
0.053936,0.052209,0.052452,0.052431,0.058495,0.10972,0.10385,0.10664,0.10552,0.1183,0.13425,0.13155,0.13752,0.14093,0.14568,0.38255,0.37221,0.38382,0.40919,0.41265,0.31594,0.30162,0.30692,0.33851,0.32947,0.705,0.66486,0.61157,0.62323,0.65068,pd_off_open
0.053312,0.050698,0.053501,0.056007,0.058828,0.10759,0.10303,0.10476,0.10705,0.11761,0.13413,0.13005,0.13569,0.13951,0.14492,0.38583,0.37717,0.38798,0.4101,0.41224,0.30998,0.30143,0.30716,0.33929,0.33439,0.70308,0.66711,0.65528,0.6803,0.66795,pd_off_open
0.056286,0.053645,0.054884,0.05474,0.061302,0.10486,0.10139,0.10575,0.10535,0.11716,0.13431,0.12871,0.13642,0.136,0.14664,0.38157,0.37396,0.38238,0.40551,0.41073,0.32083,0.29858,0.31068,0.33689,0.33165,0.73265,0.72007,0.66566,0.70423,0.69004,pd_off_open
0.052487,0.049281,0.051722,0.053653,0.056092,0.099122,0.09737,0.099923,0.10562,0.10818,0.1269,0.12839,0.13016,0.13316,0.14159,0.38413,0.36743,0.37919,0.41902,0.41341,0.32901,0.31456,0.32208,0.36444,0.35603,0.78162,0.74949,0.75469,0.7436,0.77021,pd_off_open
0.055058,0.051863,0.054458,0.055299,0.059233,0.11085,0.10711,0.10847,0.10902,0.11803,0.13761,0.13356,0.13949,0.14453,0.14996,0.38693,0.3703,0.38688,0.41262,0.41189,0.30295,0.29584,0.29943,0.32952,0.33053,0.68101,0.65415,0.60662,0.64152,0.66877,pd_off_open
0.052624,0.050706,0.052704,0.053405,0.056661,0.10724,0.1031,0.10642,0.10926,0.11264,0.13745,0.13475,0.13974,0.14152,0.14997,0.38438,0.37449,0.38489,0.41179,0.41691,0.30873,0.30056,0.30502,0.33889,0.33025,0.70554,0.65505,0.602,0.61405,0.63883,pd_off_open
0.053705,0.051733,0.05296,0.055377,0.057448,0.10482,0.099285,0.10435,0.1046,0.1113,0.13752,0.13355,0.14114,0.14147,0.15277,0.3816,0.37331,0.38295,0.41055,0.41169,0.31559,0.30375,0.30682,0.34167,0.33245,0.69293,0.6324,0.59565,0.65108,0.63615,pd_off_open
0.052309,0.051502,0.050104,0.044342,0.053647,0.1047,0.10345,0.098671,0.093323,0.10903,0.13131,0.12838,0.12442,0.12344,0.1374,0.39901,0.39682,0.3824,0.37226,0.40043,0.33108,0.32872,0.31399,0.31742,0.32841,0.69699,0.70603,0.70927,0.70488,0.6637,pd_off_open
0.051886,0.051279,0.049897,0.048444,0.0538,0.10779,0.10623,0.10236,0.099126,0.1146,0.12892,0.12643,0.12138,0.11994,0.13556,0.40166,0.39082,0.37698,0.36582,0.40633,0.33184,0.332,0.31326,0.31128,0.32767,0.72479,0.66411,0.73466,0.76345,0.6133,pd_off_open
0.051168,0.049961,0.048006,0.046791,0.053551,0.10555,0.10252,0.099688,0.095868,0.11009,0.13271,0.13107,0.12564,0.12075,0.1429,0.39991,0.39306,0.37947,0.36816,0.40461,0.33083,0.33222,0.31264,0.31179,0.32504,0.67403,0.70583,0.70789,0.75974,0.58101,pd_off_open
0.051848,0.050907,0.049751,0.047244,0.054076,0.10875,0.10471,0.10271,0.099431,0.11484,0.13242,0.13049,0.12468,0.12054,0.14234,0.40351,0.40058,0.38286,0.37411,0.40367,0.32434,0.31911,0.3057,0.31034,0.32046,0.66127,0.64196,0.69133,0.74034,0.53895,pd_off_open
0.05238,0.051664,0.049318,0.048936,0.056645,0.10641,0.10503,0.099891,0.098063,0.11276,0.13028,0.12729,0.12376,0.11915,0.1397,0.39983,0.39385,0.37788,0.37219,0.406,0.32985,0.32995,0.31259,0.31631,0.32421,0.68759,0.65305,0.68893,0.7408,0.58249,pd_off_open
0.052841,0.052057,0.050713,0.048402,0.05577,0.10905,0.10661,0.10278,0.10138,0.11698,0.13203,0.13094,0.12535,0.12121,0.14247,0.40093,0.39587,0.37662,0.36897,0.41127,0.32301,0.32201,0.30742,0.30905,0.31807,0.62468,0.60799,0.65297,0.68383,0.47355,pd_off_open
0.053511,0.054205,0.055686,0.053676,0.054787,0.10294,0.10411,0.10743,0.10557,0.10563,0.12879,0.13212,0.13713,0.13963,0.13183,0.37712,0.39548,0.40255,0.4025,0.39342,0.30176,0.31386,0.32232,0.33223,0.32053,0.76968,0.75953,0.75265,0.75728,0.75976,pd_off_open
0.052911,0.051038,0.052908,0.055038,0.058098,0.10066,0.096251,0.097302,0.10452,0.10996,0.13137,0.13008,0.12814,0.13155,0.15057,0.39151,0.37299,0.38183,0.4121,0.42565,0.32329,0.30324,0.31552,0.34413,0.34595,0.74234,0.68775,0.70171,0.73343,0.66722,pd_off_open
0.053505,0.055703,0.057582,0.058899,0.056122,0.10695,0.10581,0.10984,0.10541,0.10883,0.13064,0.13076,0.13637,0.13207,0.13657,0.36978,0.39539,0.39931,0.40156,0.3874,0.29914,0.31479,0.32163,0.33947,0.32014,0.71814,0.78337,0.75953,0.82283,0.71249,pd_off_open
0.052857,0.053516,0.055735,0.055014,0.054303,0.10405,0.10456,0.10825,0.10519,0.10627,0.1289,0.13253,0.13754,0.14057,0.13377,0.37355,0.39587,0.40432,0.41032,0.39078,0.29635,0.31774,0.3229,0.33677,0.31781,0.71239,0.72677,0.71316,0.70587,0.7063,pd_off_open
0.054473,0.053918,0.056092,0.056036,0.055527,0.10561,0.10579,0.11036,0.10907,0.10839,0.129,0.13005,0.13478,0.13477,0.13559,0.36886,0.39232,0.39902,0.40238,0.3847,0.30251,0.31911,0.32468,0.33684,0.32478,0.67081,0.71029,0.68094,0.7328,0.65697,pd_off_open
0.052789,0.05307,0.056179,0.055465,0.053275,0.10892,0.10638,0.1112,0.10795,0.11106,0.12958,0.13334,0.13715,0.13536,0.13772,0.36673,0.39332,0.39872,0.405,0.38958,0.3017,0.31374,0.3231,0.33195,0.31932,0.69809,0.69261,0.69465,0.69192,0.66898,pd_off_open
0.055661,0.053814,0.056113,0.053726,0.056928,0.10758,0.10596,0.11025,0.10854,0.11131,0.12954,0.12974,0.13709,0.13521,0.13546,0.37076,0.39078,0.39991,0.40457,0.39186,0.2968,0.31587,0.32321,0.33717,0.31767,0.69914,0.71566,0.70627,0.73097,0.67585,pd_off_open
0.056921,0.056086,0.054655,0.059683,0.056126,0.10703,0.10685,0.10366,0.11082,0.11017,0.12947,0.12786,0.12897,0.13453,0.13573,0.39354,0.39326,0.38929,0.407,0.39529,0.31003,0.30732,0.31525,0.3456,0.31184,0.7696,0.75464,0.74391,0.78592,0.72865,pd_off_open
0.055682,0.055549,0.053881,0.056936,0.05906,0.10611,0.1069,0.10471,0.10768,0.10824,0.13224,0.1335,0.13374,0.13835,0.14074,0.3927,0.39463,0.38926,0.40202,0.39992,0.30722,0.30537,0.31247,0.33734,0.30235,0.68954,0.68612,0.65522,0.73844,0.59902,pd_off_open
0.052722,0.052837,0.051415,0.053692,0.05454,0.1042,0.10695,0.10499,0.10629,0.11013,0.13377,0.13536,0.13343,0.13192,0.14499,0.39928,0.40023,0.39257,0.40541,0.40414,0.30528,0.3001,0.30908,0.33681,0.30277,0.64004,0.64068,0.6473,0.74163,0.52006,pd_off_open
0.053869,0.052548,0.052751,0.05438,0.055356,0.10533,0.10667,0.1071,0.10977,0.10794,0.13458,0.13648,0.13568,0.13824,0.14615,0.39628,0.39933,0.39017,0.39926,0.40273,0.30366,0.29845,0.30751,0.33359,0.30637,0.69613,0.6414,0.65803,0.70432,0.57767,pd_off_open
0.053946,0.055392,0.054123,0.057373,0.054932,0.10755,0.10868,0.10667,0.11017,0.11345,0.13398,0.13672,0.13413,0.13655,0.14503,0.39396,0.40155,0.3907,0.4117,0.39886,0.3039,0.29704,0.30405,0.32448,0.30309,0.71962,0.69194,0.68917,0.74721,0.55906,pd_off_open
0.051766,0.050715,0.051395,0.054263,0.056925,0.10285,0.10229,0.10135,0.10709,0.11614,0.12873,0.12871,0.12841,0.13507,0.14614,0.38836,0.36963,0.38009,0.40396,0.42291,0.32593,0.30651,0.31411,0.34182,0.34867,0.75563,0.67381,0.70217,0.70215,0.667,pd_off_open
0.053555,0.052605,0.05237,0.055052,0.053991,0.10852,0.107,0.10491,0.10845,0.11077,0.13491,0.13482,0.13675,0.13791,0.1421,0.39606,0.3993,0.39391,0.40579,0.39512,0.30321,0.29866,0.30863,0.33216,0.30585,0.67011,0.63915,0.6456,0.69501,0.60174,pd_off_open
0.049048,0.049897,0.050713,0.053972,0.053758,0.097227,0.099504,0.098833,0.099509,0.10688,0.12609,0.13378,0.13431,0.13887,0.13588,0.38371,0.39648,0.39697,0.40913,0.41209,0.31215,0.31687,0.32181,0.34193,0.33131,0.67077,0.65853,0.67358,0.66593,0.66368,pd_off_open
0.048961,0.051747,0.05238,0.054198,0.053978,0.095849,0.098609,0.097741,0.10022,0.10217,0.1283,0.13541,0.13645,0.14029,0.13729,0.38298,0.39622,0.39948,0.40792,0.4062,0.31392,0.31585,0.3201,0.33226,0.33236,0.62878,0.60792,0.60419,0.63912,0.61024,pd_off_open
0.048451,0.051956,0.051839,0.05358,0.053381,0.095572,0.099382,0.098763,0.10341,0.10383,0.12786,0.13333,0.13241,0.13838,0.13904,0.38398,0.39523,0.40069,0.41029,0.40289,0.31444,0.318,0.32061,0.33687,0.33246,0.67008,0.65884,0.66449,0.69147,0.68045,pd_off_open
0.048495,0.051018,0.051113,0.053113,0.052771,0.092843,0.09769,0.097818,0.10193,0.10286,0.12608,0.13497,0.136,0.141,0.14086,0.38351,0.40037,0.40419,0.41093,0.40786,0.31158,0.31599,0.31834,0.34147,0.33029,0.66028,0.6342,0.61062,0.64693,0.62074,pd_off_open
0.047775,0.050503,0.050849,0.053041,0.053047,0.093239,0.099888,0.099367,0.10405,0.107,0.12642,0.13305,0.13429,0.13762,0.14305,0.38174,0.39739,0.39874,0.40776,0.41177,0.31389,0.31676,0.32014,0.34276,0.3308,0.64786,0.65777,0.63972,0.65837,0.61536,pd_off_open
0.048265,0.051806,0.052301,0.055167,0.053818,0.09754,0.10244,0.10196,0.10638,0.10595,0.1267,0.13073,0.13305,0.13688,0.13863,0.38553,0.39531,0.3985,0.41385,0.40844,0.30828,0.31575,0.32008,0.34152,0.32723,0.66849,0.68999,0.68103,0.71417,0.62264,pd_off_open
0.050285,0.048414,0.05111,0.050343,0.052128,0.10485,0.10017,0.10467,0.10068,0.11077,0.11936,0.11586,0.12068,0.12142,0.12858,0.39117,0.36811,0.38907,0.3884,0.40016,0.3425,0.32611,0.3404,0.34055,0.34029,0.7092,0.71733,0.7053,0.69539,0.71609,pd_off_open
0.050803,0.049507,0.050908,0.051041,0.053175,0.10917,0.10616,0.10891,0.11002,0.11285,0.11792,0.11586,0.12097,0.12292,0.12963,0.3893,0.37285,0.3906,0.38706,0.39695,0.33618,0.31893,0.335,0.33584,0.33841,0.69418,0.69636,0.70659,0.68917,0.6942,pd_off_open
0.050429,0.047566,0.05086,0.049869,0.053236,0.10698,0.10366,0.10798,0.1052,0.11358,0.12382,0.11994,0.12484,0.12525,0.13208,0.3895,0.36828,0.38797,0.38927,0.39885,0.33522,0.31853,0.33379,0.33764,0.33767,0.69907,0.68459,0.69591,0.66115,0.65285,pd_off_open
0.051271,0.05223,0.053804,0.051581,0.054699,0.1063,0.10685,0.11022,0.10995,0.11537,0.12164,0.12626,0.12908,0.12429,0.13288,0.37695,0.38954,0.39381,0.3827,0.39948,0.31611,0.31986,0.32348,0.31338,0.3434,0.70245,0.66799,0.64522,0.66086,0.62777,pd_off_open
0.05086,0.048496,0.050949,0.052246,0.05483,0.10703,0.10451,0.10935,0.10986,0.11307,0.12342,0.12051,0.12731,0.12537,0.13356,0.39021,0.37016,0.39163,0.38348,0.39509,0.33049,0.31746,0.33067,0.33036,0.33589,0.71532,0.71663,0.71526,0.70519,0.69353,pd_off_open
0.049697,0.048161,0.050468,0.049811,0.054384,0.10814,0.10634,0.11083,0.11233,0.11363,0.1236,0.11963,0.12654,0.1258,0.13502,0.38526,0.36776,0.38631,0.38976,0.39282,0.33402,0.32101,0.3303,0.33434,0.34198,0.68514,0.6683,0.67683,0.64359,0.6785,pd_off_open
0.050101,0.047733,0.050648,0.05043,0.05238,0.10687,0.10495,0.11002,0.11164,0.11376,0.12686,0.12341,0.1292,0.12948,0.13657,0.38991,0.37609,0.39101,0.3932,0.39879,0.32578,0.31172,0.32415,0.33022,0.33482,0.70476,0.66355,0.66259,0.64052,0.64995,pd_off_open
0.053363,0.052939,0.054803,0.049367,0.054738,0.10031,0.099902,0.10345,0.092099,0.10528,0.12663,0.12228,0.13102,0.12052,0.13077,0.39473,0.39084,0.41266,0.37591,0.40974,0.3144,0.31122,0.3262,0.29425,0.32693,0.73603,0.73977,0.7154,0.74493,0.72194,pd_off_open
0.052265,0.050995,0.054058,0.047522,0.054678,0.10246,0.099947,0.10425,0.091725,0.10742,0.12673,0.12488,0.13268,0.12006,0.13412,0.40098,0.39263,0.4146,0.37116,0.41728,0.3101,0.3075,0.3197,0.28421,0.32223,0.69787,0.69289,0.67975,0.68756,0.65859,pd_off_open
0.051162,0.051566,0.052823,0.046621,0.054561,0.10276,0.10036,0.10401,0.088801,0.10887,0.12854,0.12384,0.13229,0.12024,0.13463,0.40004,0.39004,0.41122,0.36579,0.41136,0.31353,0.31078,0.32413,0.28729,0.32295,0.65721,0.68772,0.66396,0.68736,0.62793,pd_off_open
0.051712,0.05113,0.053076,0.049323,0.051689,0.10052,0.1005,0.10442,0.092477,0.10429,0.12834,0.12631,0.13513,0.12228,0.1362,0.39902,0.40067,0.42193,0.37771,0.41725,0.30709,0.30361,0.31404,0.28308,0.31802,0.63996,0.64277,0.60387,0.65689,0.58923,pd_off_open
0.052786,0.052178,0.054571,0.049345,0.054275,0.10271,0.1017,0.10545,0.097325,0.10516,0.13629,0.13062,0.14055,0.12467,0.1411,0.39002,0.39,0.40663,0.36388,0.40659,0.30773,0.30719,0.32067,0.28961,0.31727,0.61497,0.65852,0.61645,0.66519,0.55442,pd_off_open
0.052169,0.051668,0.054401,0.049044,0.05346,0.10119,0.098032,0.10371,0.091744,0.10546,0.13313,0.12946,0.13753,0.12345,0.14057,0.40228,0.39404,0.41099,0.36623,0.41677,0.30301,0.30369,0.31797,0.28532,0.32028,0.59056,0.61532,0.56936,0.61682,0.53023,pd_off_open
0.050737,0.049126,0.05166,0.04524,0.051908,0.10536,0.10027,0.10647,0.092125,0.10919,0.12471,0.11801,0.12715,0.10953,0.12858,0.38929,0.37903,0.39145,0.34539,0.39915,0.33823,0.33265,0.33576,0.29405,0.34849,0.71395,0.72298,0.66211,0.72862,0.7087,pd_off_open
0.052385,0.053137,0.0541,0.054714,0.055164,0.10882,0.10878,0.1134,0.11077,0.1181,0.12233,0.12812,0.13244,0.12759,0.13449,0.37088,0.38977,0.39356,0.38536,0.39466,0.31154,0.31978,0.32186,0.3125,0.3354,0.73644,0.71071,0.68331,0.73454,0.65866,pd_off_open
0.054902,0.052845,0.054827,0.04838,0.056848,0.11247,0.10866,0.11597,0.10079,0.11738,0.13093,0.12431,0.13501,0.11765,0.13663,0.38476,0.36476,0.39864,0.34742,0.40317,0.31403,0.30308,0.33229,0.28157,0.33162,0.59372,0.65364,0.58954,0.65358,0.5924,pd_off_open
0.054187,0.050971,0.054854,0.048478,0.055687,0.11125,0.10729,0.11527,0.10057,0.11753,0.13429,0.12572,0.13581,0.12056,0.13753,0.38221,0.36949,0.401,0.34081,0.40432,0.31135,0.30252,0.33152,0.28166,0.33257,0.55561,0.61665,0.56974,0.60971,0.54763,pd_off_open
0.0528,0.050098,0.053269,0.046246,0.054557,0.11471,0.10998,0.11707,0.1017,0.12039,0.1308,0.123,0.13391,0.11939,0.1338,0.38411,0.37012,0.39615,0.3418,0.40198,0.31124,0.30728,0.33427,0.28407,0.33635,0.60718,0.63114,0.59221,0.65765,0.58167,pd_off_open
0.053048,0.0503,0.054018,0.048273,0.054455,0.11568,0.1109,0.11777,0.10156,0.12257,0.1316,0.12358,0.13439,0.119,0.13539,0.37867,0.36838,0.39766,0.34416,0.39923,0.31552,0.30643,0.32879,0.28059,0.33864,0.55273,0.59334,0.59764,0.66535,0.5373,pd_off_open
0.053659,0.051855,0.055383,0.047708,0.056368,0.11424,0.11096,0.11817,0.1028,0.12195,0.1314,0.12518,0.1351,0.11685,0.13646,0.38317,0.37141,0.39821,0.34067,0.40618,0.30897,0.30322,0.32658,0.27913,0.33173,0.57933,0.64821,0.58466,0.70929,0.54505,pd_off_open
0.057295,0.057278,0.057526,0.059079,0.061965,0.10236,0.10479,0.10434,0.10592,0.11377,0.12018,0.12109,0.12371,0.12429,0.1332,0.38074,0.38112,0.3953,0.40918,0.41884,0.31491,0.30942,0.31892,0.33147,0.34156,0.79717,0.7757,0.7849,0.80291,0.78503,pd_off_open
0.057324,0.056204,0.05755,0.058726,0.061219,0.10571,0.10522,0.10611,0.10868,0.11494,0.12248,0.12299,0.12313,0.12722,0.13854,0.38384,0.38298,0.39587,0.40797,0.41892,0.30804,0.30429,0.31589,0.33234,0.33536,0.76104,0.76592,0.77622,0.78676,0.74401,pd_off_open
0.057172,0.056679,0.057356,0.0593,0.061486,0.10451,0.10195,0.10341,0.10732,0.1114,0.12388,0.12485,0.12401,0.12857,0.14243,0.38426,0.38336,0.39314,0.40272,0.41851,0.3094,0.31024,0.31642,0.3382,0.33143,0.78763,0.77524,0.78513,0.80249,0.74943,pd_off_open
0.053684,0.055337,0.055749,0.057376,0.059892,0.10328,0.10546,0.10595,0.11,0.11029,0.1251,0.12853,0.12767,0.13505,0.14226,0.382,0.38974,0.40027,0.41244,0.41867,0.30473,0.30306,0.31264,0.32801,0.32886,0.77105,0.73319,0.75648,0.76319,0.7164,pd_off_open
0.055537,0.055952,0.055381,0.057032,0.059627,0.10475,0.10564,0.10649,0.10704,0.11524,0.12701,0.12603,0.12817,0.12909,0.14465,0.37955,0.38215,0.38948,0.40645,0.41987,0.30934,0.30861,0.31471,0.33325,0.33097,0.75594,0.75242,0.76184,0.77468,0.73674,pd_off_open
0.051354,0.052549,0.052335,0.051803,0.054902,0.10709,0.10888,0.11243,0.11062,0.11783,0.12133,0.12588,0.12958,0.1261,0.13196,0.37728,0.39237,0.39482,0.38633,0.40096,0.31053,0.32012,0.324,0.30967,0.33547,0.70571,0.68802,0.62907,0.64629,0.60937,pd_off_open
0.057469,0.056113,0.056594,0.059035,0.060368,0.10409,0.10475,0.10452,0.10851,0.11369,0.12401,0.12504,0.12677,0.12851,0.14081,0.38524,0.38433,0.39546,0.4045,0.42107,0.30813,0.30278,0.31416,0.33007,0.33201,0.76111,0.74198,0.75144,0.76486,0.71223,pd_off_open
0.053119,0.052205,0.053013,0.054277,0.05459,0.10135,0.099032,0.10283,0.10277,0.10535,0.13179,0.13164,0.13674,0.13536,0.14071,0.39271,0.38493,0.39599,0.402,0.41045,0.31278,0.30458,0.31507,0.33177,0.32539,0.6889,0.61825,0.5922,0.69038,0.52964,pd_off_open
0.05207,0.051395,0.052476,0.053043,0.05322,0.10446,0.10118,0.10331,0.10287,0.1082,0.13834,0.13557,0.13985,0.14041,0.14287,0.39603,0.38426,0.39829,0.39926,0.40189,0.30816,0.29908,0.30904,0.32469,0.32196,0.60216,0.59382,0.548,0.57334,0.58753,pd_off_open
0.052253,0.050688,0.051815,0.052488,0.053525,0.1018,0.1006,0.10372,0.10176,0.10709,0.14048,0.13564,0.14251,0.13719,0.14685,0.39336,0.38672,0.40281,0.40084,0.40491,0.3065,0.2992,0.30688,0.31822,0.31761,0.50557,0.52035,0.45071,0.55967,0.44798,pd_off_open
0.052144,0.050008,0.051061,0.051828,0.054427,0.10224,0.10111,0.10227,0.10364,0.10526,0.13262,0.13005,0.13435,0.13162,0.1421,0.3964,0.38553,0.39763,0.40275,0.40299,0.31531,0.30681,0.31391,0.33429,0.32637,0.5977,0.58163,0.55771,0.67314,0.45836,pd_off_open
0.050897,0.049078,0.050498,0.052431,0.052109,0.10376,0.10116,0.10308,0.1055,0.10875,0.13502,0.13243,0.13681,0.13719,0.13973,0.39589,0.38186,0.39549,0.40448,0.39717,0.3165,0.30631,0.31419,0.33626,0.32485,0.56964,0.5508,0.5265,0.64534,0.50088,pd_off_open
0.052282,0.051474,0.052651,0.053012,0.054422,0.10742,0.10503,0.1086,0.11074,0.10906,0.14104,0.13673,0.14107,0.13822,0.14548,0.39456,0.38152,0.3934,0.39621,0.39303,0.30882,0.29943,0.30647,0.32371,0.31401,0.52683,0.51848,0.48016,0.57324,0.45962,pd_off_open
0.051053,0.050631,0.048998,0.05326,0.050753,0.097849,0.092514,0.092946,0.10016,0.098341,0.12775,0.12378,0.12303,0.13476,0.12612,0.41832,0.39727,0.39438,0.42477,0.40379,0.33652,0.3205,0.30775,0.34695,0.32098,0.67557,0.71958,0.67051,0.66941,0.70435,pd_off_open
0.053175,0.050977,0.050685,0.055212,0.053686,0.10166,0.095256,0.09594,0.10324,0.10072,0.13329,0.12679,0.1269,0.13806,0.13519,0.41836,0.39777,0.39591,0.42493,0.41498,0.32363,0.30427,0.29618,0.33806,0.31425,0.70469,0.72756,0.65806,0.66814,0.7045,pd_off_open
0.053389,0.050299,0.050256,0.053481,0.05313,0.098362,0.092529,0.091931,0.099095,0.098144,0.12904,0.12385,0.12554,0.13685,0.13029,0.41975,0.4028,0.39652,0.42924,0.41732,0.32849,0.308,0.30197,0.33901,0.31811,0.72153,0.6768,0.68535,0.65863,0.70533,pd_off_open
0.055181,0.05286,0.061167,0.059362,0.054666,0.10115,0.095678,0.1103,0.11002,0.097578,0.12189,0.116,0.13568,0.13531,0.1178,0.38774,0.36659,0.43119,0.43174,0.3744,0.31569,0.29455,0.34764,0.35061,0.30307,0.75125,0.76209,0.7771,0.77205,0.75244,hc_open
0.052892,0.052965,0.054057,0.052319,0.052227,0.10997,0.10719,0.1114,0.10663,0.10785,0.13218,0.12661,0.13301,0.12399,0.12958,0.40405,0.40148,0.4139,0.38596,0.4072,0.29929,0.30327,0.29737,0.2905,0.31665,0.61952,0.66596,0.59149,0.62558,0.67346,hc_open
0.049196,0.048511,0.05224,0.055782,0.055072,0.094648,0.095089,0.10184,0.11245,0.10473,0.12243,0.12278,0.13221,0.14473,0.136,0.38559,0.38833,0.41572,0.4537,0.43431,0.29687,0.29672,0.32175,0.35698,0.33789,0.69002,0.68056,0.69047,0.70685,0.68372,hc_open
0.048845,0.047226,0.051538,0.055102,0.054941,0.092954,0.093416,0.099576,0.1074,0.10508,0.11843,0.1187,0.12812,0.13593,0.13356,0.39065,0.38785,0.41514,0.44417,0.44208,0.30326,0.30359,0.32345,0.35908,0.34305,0.65908,0.63246,0.6282,0.6465,0.66298,hc_open
0.051144,0.05034,0.05319,0.057976,0.057466,0.096286,0.09506,0.10243,0.10885,0.1083,0.11806,0.12069,0.13078,0.14495,0.13165,0.37939,0.38276,0.4153,0.45091,0.4286,0.3003,0.301,0.32535,0.36058,0.34489,0.71201,0.68969,0.68627,0.6754,0.72339,hc_open
0.053315,0.053322,0.052577,0.053487,0.058767,0.099754,0.10229,0.1007,0.10238,0.113,0.11746,0.12463,0.12389,0.13212,0.1363,0.38385,0.40291,0.3977,0.42612,0.41605,0.31054,0.32219,0.31219,0.3329,0.33603,0.78614,0.75982,0.75191,0.69811,0.77583,hc_open
0.05454,0.056166,0.054477,0.056421,0.057497,0.099613,0.10227,0.10119,0.10452,0.11211,0.12156,0.12637,0.12628,0.13473,0.1361,0.37819,0.39657,0.39138,0.41959,0.40372,0.31182,0.32611,0.31843,0.34528,0.33241,0.79473,0.76413,0.77052,0.7342,0.74888,hc_open
0.050316,0.054137,0.053064,0.056439,0.055521,0.096777,0.10325,0.10293,0.10749,0.11169,0.11502,0.1229,0.12189,0.12936,0.13028,0.38662,0.40599,0.40046,0.42619,0.42105,0.30783,0.32262,0.31633,0.34486,0.33106,0.75275,0.7562,0.75176,0.74289,0.76903,hc_open
0.051293,0.054196,0.052207,0.054686,0.057063,0.098,0.1017,0.099974,0.10507,0.10994,0.11708,0.12415,0.12389,0.131,0.1333,0.39099,0.40886,0.40712,0.4382,0.42085,0.30598,0.31842,0.30765,0.33205,0.32666,0.77115,0.73122,0.74054,0.717,0.75791,hc_open
0.050726,0.053256,0.052076,0.053486,0.056434,0.09936,0.10206,0.10213,0.10611,0.11156,0.12149,0.12899,0.12969,0.14133,0.13176,0.39035,0.40855,0.40306,0.42486,0.42395,0.3002,0.31351,0.30745,0.33527,0.32121,0.7435,0.72064,0.70064,0.67045,0.71444,hc_open
0.053307,0.055003,0.054474,0.057655,0.056502,0.097996,0.10326,0.10322,0.10836,0.11154,0.11973,0.12658,0.12568,0.13553,0.13406,0.38481,0.405,0.40107,0.43099,0.41754,0.30358,0.31561,0.31043,0.33426,0.32827,0.76097,0.75405,0.74697,0.72617,0.73318,hc_open
0.052041,0.052884,0.053687,0.053795,0.052896,0.10207,0.10319,0.10442,0.10374,0.10608,0.12149,0.126,0.12788,0.12657,0.1303,0.39135,0.39156,0.4028,0.39264,0.4028,0.31566,0.3199,0.32431,0.32227,0.32509,0.75518,0.73284,0.73608,0.72771,0.74978,hc_open
0.05175,0.05233,0.053196,0.048089,0.051776,0.1125,0.10897,0.11088,0.10951,0.11012,0.13301,0.12764,0.13496,0.12533,0.13088,0.40622,0.40137,0.41211,0.38338,0.40574,0.29596,0.30172,0.30055,0.28634,0.31153,0.63051,0.67233,0.63083,0.64552,0.6596,hc_open
0.051477,0.053658,0.052801,0.055196,0.052113,0.099501,0.10187,0.10258,0.09931,0.10653,0.1208,0.1237,0.12859,0.12307,0.12909,0.39392,0.39835,0.40486,0.39216,0.40793,0.31218,0.31691,0.32601,0.32901,0.32566,0.76015,0.73773,0.74685,0.75045,0.73992,hc_open
0.051838,0.054426,0.054724,0.05372,0.054783,0.10305,0.10341,0.10432,0.097995,0.10892,0.12608,0.12578,0.13006,0.12629,0.13116,0.38305,0.39018,0.40232,0.39269,0.40093,0.31394,0.31928,0.32628,0.32125,0.32491,0.75905,0.7583,0.75249,0.77798,0.75227,hc_open
0.051658,0.05355,0.054044,0.05447,0.055553,0.10186,0.1026,0.10415,0.10206,0.10531,0.12339,0.12823,0.12999,0.12783,0.13194,0.38736,0.39706,0.40424,0.39705,0.3938,0.3108,0.31452,0.325,0.32636,0.32947,0.77149,0.72982,0.75624,0.73532,0.77394,hc_open
0.050737,0.051327,0.052008,0.051047,0.053572,0.10034,0.10223,0.10444,0.09879,0.10823,0.12486,0.12849,0.13189,0.12715,0.13137,0.38872,0.39964,0.40449,0.39374,0.40114,0.31369,0.31488,0.32523,0.31624,0.32218,0.72728,0.70552,0.71123,0.74193,0.73759,hc_open
0.055227,0.057334,0.056858,0.055765,0.058215,0.10131,0.10344,0.10518,0.10435,0.10761,0.12251,0.12366,0.1265,0.12536,0.12816,0.37817,0.38848,0.39832,0.39188,0.39523,0.31517,0.31917,0.33395,0.3232,0.33388,0.7745,0.75757,0.76616,0.73979,0.78609,hc_open
0.054122,0.051653,0.054327,0.053208,0.054697,0.10561,0.096355,0.10223,0.099857,0.10407,0.12617,0.11875,0.12643,0.12755,0.12589,0.40146,0.36759,0.39235,0.38381,0.39977,0.34417,0.31182,0.32521,0.32248,0.33843,0.80234,0.74476,0.76645,0.7136,0.80869,hc_open
0.055661,0.054027,0.054539,0.057782,0.053013,0.1046,0.098598,0.10219,0.10116,0.10287,0.12572,0.11917,0.12528,0.12525,0.12597,0.39796,0.37184,0.39144,0.38439,0.39851,0.34183,0.31315,0.32511,0.33122,0.33643,0.79058,0.76454,0.75613,0.77019,0.78772,hc_open
0.054395,0.05253,0.053434,0.053842,0.054929,0.10376,0.097833,0.09978,0.10073,0.10162,0.12687,0.12483,0.12985,0.13062,0.12876,0.40151,0.37582,0.39098,0.38567,0.39953,0.33465,0.32067,0.3204,0.33078,0.32601,0.83058,0.74544,0.75275,0.75641,0.79505,hc_open
0.055518,0.052527,0.053583,0.05533,0.053989,0.10079,0.097039,0.10065,0.10003,0.10073,0.13442,0.12562,0.1365,0.13386,0.13328,0.40049,0.374,0.39114,0.38934,0.40331,0.3324,0.30576,0.31842,0.32376,0.32778,0.78821,0.71976,0.6821,0.70385,0.74815,hc_open
0.053918,0.051359,0.052567,0.052924,0.052122,0.10101,0.096908,0.099188,0.098076,0.10102,0.13275,0.12515,0.13313,0.13182,0.13371,0.40173,0.37728,0.3935,0.38805,0.40356,0.33759,0.30595,0.31787,0.31934,0.33234,0.74734,0.71773,0.66055,0.67655,0.71747,hc_open
0.051846,0.052366,0.053138,0.051693,0.052008,0.10848,0.1084,0.11099,0.10897,0.1056,0.13447,0.13487,0.13873,0.13093,0.13745,0.40982,0.4019,0.4144,0.38827,0.41306,0.29097,0.29809,0.29378,0.28395,0.30053,0.618,0.65065,0.59949,0.64495,0.62507,hc_open
0.055605,0.051214,0.052769,0.0518,0.054011,0.10196,0.09506,0.10009,0.096288,0.10118,0.12944,0.11935,0.1268,0.12185,0.13089,0.4054,0.37252,0.39363,0.38636,0.40507,0.34194,0.30658,0.32336,0.3224,0.33896,0.74061,0.74393,0.71993,0.76142,0.69832,hc_open
0.049646,0.049844,0.049624,0.050034,0.051234,0.094551,0.091751,0.094882,0.095419,0.099318,0.1284,0.12374,0.12989,0.12927,0.1342,0.40755,0.39717,0.41022,0.42295,0.40477,0.32605,0.31452,0.31381,0.33557,0.32102,0.67644,0.68012,0.6046,0.60314,0.68016,hc_open
0.049738,0.048484,0.048098,0.050077,0.050263,0.097594,0.094808,0.095995,0.1012,0.097342,0.12728,0.12348,0.12945,0.13347,0.13501,0.40718,0.39868,0.41436,0.42539,0.40624,0.32212,0.31106,0.31145,0.33306,0.32087,0.66102,0.64926,0.59508,0.61412,0.6118,hc_open
0.050291,0.049222,0.049637,0.052024,0.051366,0.094659,0.09367,0.094161,0.097166,0.097711,0.12999,0.12648,0.13386,0.13592,0.13549,0.40519,0.40004,0.41384,0.41846,0.41626,0.31602,0.30959,0.30978,0.33381,0.31824,0.59658,0.59157,0.5207,0.5573,0.5527,hc_open
0.049505,0.049192,0.049235,0.050258,0.051512,0.09528,0.093143,0.095657,0.097483,0.098583,0.13523,0.131,0.13806,0.13808,0.14058,0.40862,0.40098,0.419,0.42519,0.41479,0.30882,0.30082,0.30312,0.32066,0.31213,0.51707,0.59754,0.46292,0.53701,0.49906,hc_open
0.050513,0.049838,0.049683,0.051446,0.054289,0.096051,0.09419,0.095834,0.09529,0.10271,0.12549,0.12195,0.12828,0.12891,0.13364,0.4085,0.40208,0.41374,0.41946,0.41383,0.31889,0.31115,0.31011,0.32927,0.32012,0.67653,0.67217,0.61265,0.64898,0.65281,hc_open
0.050754,0.049969,0.050211,0.052317,0.053879,0.093726,0.093321,0.09428,0.096225,0.099873,0.12408,0.12138,0.12873,0.1304,0.13098,0.41161,0.40192,0.41735,0.42489,0.41203,0.3201,0.30836,0.31128,0.32885,0.32141,0.62871,0.61611,0.54497,0.56655,0.6361,hc_open
0.052736,0.052806,0.053417,0.055491,0.05744,0.10081,0.10445,0.10614,0.11066,0.11216,0.12432,0.12716,0.13264,0.13728,0.13744,0.37515,0.38444,0.38527,0.40064,0.41176,0.31333,0.31854,0.31853,0.34456,0.34718,0.72164,0.69644,0.68183,0.69232,0.70716,hc_open
0.054364,0.054233,0.05434,0.055635,0.058649,0.10754,0.10894,0.11074,0.11145,0.11778,0.12299,0.12353,0.1285,0.13387,0.1328,0.37394,0.38042,0.3851,0.40107,0.4098,0.3152,0.32063,0.31632,0.3385,0.33764,0.72331,0.72387,0.703,0.69971,0.71192,hc_open
0.052539,0.054684,0.054504,0.054261,0.057024,0.096462,0.10037,0.10201,0.10439,0.10465,0.11825,0.11792,0.12227,0.12833,0.12665,0.37972,0.39524,0.39147,0.4102,0.41698,0.32198,0.33157,0.32331,0.34278,0.34647,0.76526,0.74988,0.74975,0.73852,0.7711,hc_open
0.054256,0.050926,0.053509,0.054722,0.056018,0.10309,0.098472,0.10237,0.10677,0.10548,0.12488,0.12116,0.12761,0.13655,0.13385,0.39708,0.38263,0.40105,0.42109,0.40262,0.32038,0.30799,0.31912,0.34801,0.32351,0.73049,0.71066,0.69697,0.68534,0.68898,hc_open
0.050991,0.05405,0.053039,0.055274,0.057402,0.098579,0.10245,0.10276,0.10545,0.10563,0.12108,0.12364,0.12399,0.12697,0.13514,0.37561,0.38598,0.38654,0.40791,0.40502,0.32358,0.33313,0.32534,0.35147,0.34832,0.77688,0.78397,0.77423,0.75092,0.80239,hc_open
0.053611,0.054546,0.055546,0.055863,0.05905,0.099632,0.10423,0.10426,0.10621,0.10965,0.11801,0.12355,0.12531,0.13156,0.12926,0.38103,0.39206,0.39282,0.40313,0.41828,0.31589,0.32406,0.3172,0.34249,0.33627,0.763,0.75588,0.76048,0.76431,0.75775,hc_open
0.052014,0.053034,0.05463,0.057193,0.058188,0.099377,0.10342,0.10485,0.10843,0.11162,0.12093,0.12623,0.12834,0.12949,0.13545,0.37386,0.38733,0.38461,0.40714,0.40445,0.32069,0.32884,0.32083,0.35155,0.34214,0.7443,0.72593,0.74531,0.756,0.73652,hc_open
0.049184,0.049056,0.049448,0.050239,0.051054,0.1016,0.098134,0.10122,0.10098,0.10609,0.12493,0.12454,0.13062,0.12894,0.13662,0.37407,0.38142,0.3865,0.40022,0.40607,0.32471,0.33177,0.32955,0.35683,0.35709,0.67589,0.69298,0.64818,0.67258,0.63859,hc_open
0.047864,0.04745,0.048234,0.049973,0.049697,0.10417,0.10312,0.10577,0.10731,0.11036,0.12686,0.1269,0.13318,0.13045,0.13761,0.37473,0.38112,0.38834,0.40336,0.40467,0.31907,0.32692,0.32696,0.34617,0.34774,0.64197,0.67173,0.59966,0.70592,0.60776,hc_open
0.050588,0.049252,0.051085,0.051643,0.053573,0.10888,0.10987,0.11282,0.11458,0.11758,0.12446,0.1242,0.13051,0.12673,0.13253,0.37587,0.3792,0.38637,0.39334,0.39877,0.3162,0.32304,0.32326,0.34493,0.34121,0.56057,0.59159,0.54652,0.62878,0.50864,hc_open
0.04814,0.0482,0.04801,0.049315,0.05347,0.10696,0.10717,0.10865,0.11207,0.11333,0.12655,0.12586,0.13159,0.1286,0.13788,0.3751,0.38111,0.38589,0.40056,0.40393,0.31939,0.32209,0.32422,0.34072,0.34656,0.58771,0.63494,0.57194,0.66726,0.52883,hc_open
0.049701,0.050284,0.050405,0.050258,0.052782,0.10645,0.10554,0.10714,0.10783,0.11475,0.12455,0.12672,0.13157,0.13145,0.13499,0.37494,0.38292,0.38634,0.39864,0.40237,0.31759,0.32557,0.32391,0.34496,0.34373,0.58031,0.63214,0.60844,0.65079,0.53059,hc_open
0.048184,0.049709,0.049343,0.051188,0.049929,0.10735,0.10604,0.10915,0.11103,0.11459,0.12744,0.12764,0.13323,0.13226,0.13424,0.3731,0.38139,0.38706,0.39806,0.39851,0.31754,0.32442,0.32428,0.34394,0.34522,0.64507,0.65656,0.59194,0.6485,0.63174,hc_open
0.052103,0.050124,0.048654,0.050974,0.052687,0.10356,0.096618,0.096188,0.10161,0.10288,0.13176,0.12465,0.12458,0.13029,0.13514,0.41017,0.39349,0.38769,0.40029,0.41304,0.33773,0.31479,0.30126,0.32407,0.33318,0.70872,0.67848,0.66538,0.70309,0.64833,hc_open
0.050982,0.049113,0.051383,0.054282,0.051865,0.10079,0.09705,0.10075,0.10732,0.10061,0.12404,0.12082,0.12682,0.13767,0.12758,0.39641,0.38584,0.40214,0.42599,0.40636,0.31956,0.31755,0.32357,0.3606,0.32712,0.73871,0.70833,0.70351,0.69719,0.70905,hc_open
0.053335,0.050877,0.050407,0.051524,0.053267,0.099789,0.095714,0.094165,0.098828,0.099282,0.12856,0.12105,0.12186,0.12491,0.12897,0.41176,0.39627,0.38762,0.39976,0.41171,0.34432,0.32051,0.30286,0.32822,0.33686,0.73442,0.70203,0.72106,0.71708,0.72673,hc_open
0.051894,0.048972,0.048574,0.051262,0.049468,0.10191,0.096703,0.095442,0.099891,0.10115,0.12957,0.12591,0.12476,0.12752,0.13268,0.4105,0.39911,0.38656,0.40145,0.40943,0.33777,0.31919,0.30418,0.32828,0.33395,0.70332,0.66918,0.67992,0.7091,0.63958,hc_open
0.053312,0.049784,0.048228,0.052011,0.051339,0.10774,0.10205,0.10072,0.10418,0.10844,0.13276,0.12741,0.12818,0.13207,0.13882,0.41353,0.39731,0.39547,0.40546,0.41885,0.32059,0.29946,0.29329,0.30838,0.32641,0.6933,0.65108,0.62184,0.67426,0.62567,hc_open
0.053556,0.050842,0.049993,0.051855,0.051577,0.10737,0.10159,0.099135,0.10614,0.10185,0.13553,0.12977,0.12948,0.13545,0.13738,0.41509,0.39356,0.39026,0.39979,0.41228,0.32396,0.30655,0.29389,0.31164,0.32285,0.68828,0.66712,0.63884,0.69789,0.59018,hc_open
0.053189,0.049949,0.050359,0.053293,0.052118,0.105,0.10005,0.099214,0.10301,0.10114,0.13599,0.13126,0.13032,0.13432,0.1382,0.41399,0.39865,0.39147,0.40477,0.41014,0.32316,0.30534,0.29397,0.30873,0.32344,0.66585,0.61868,0.61725,0.65058,0.62244,hc_open
0.049897,0.049448,0.052067,0.049439,0.052128,0.092973,0.095511,0.099156,0.095083,0.10447,0.12704,0.13261,0.13423,0.12947,0.14216,0.39236,0.40724,0.41195,0.38938,0.4258,0.29975,0.31473,0.31227,0.29647,0.3431,0.63821,0.62513,0.63263,0.63392,0.60944,hc_open
0.048878,0.049915,0.051597,0.048192,0.053126,0.095855,0.096184,0.1007,0.094249,0.10391,0.131,0.13186,0.13613,0.12869,0.1434,0.39579,0.40424,0.40974,0.38516,0.42657,0.29632,0.31394,0.30795,0.29864,0.34329,0.59847,0.62658,0.61779,0.65755,0.58041,hc_open
0.048554,0.050246,0.05168,0.048647,0.053868,0.10116,0.098926,0.10376,0.10038,0.10588,0.13177,0.13236,0.13379,0.13059,0.14307,0.38812,0.40498,0.40648,0.38551,0.42363,0.29349,0.31505,0.31097,0.30016,0.33965,0.5902,0.60104,0.6086,0.60861,0.57983,hc_open
0.051676,0.050646,0.052251,0.04953,0.055783,0.095611,0.098203,0.10183,0.09566,0.10854,0.13216,0.13232,0.13662,0.12979,0.1417,0.39156,0.40314,0.40506,0.38402,0.42672,0.29313,0.31593,0.30969,0.30187,0.33732,0.66735,0.65415,0.62624,0.62643,0.67141,hc_open
0.049273,0.048083,0.051218,0.048496,0.053401,0.10187,0.09881,0.10359,0.096103,0.1096,0.13241,0.13463,0.138,0.13014,0.1446,0.38976,0.40107,0.40388,0.38324,0.42985,0.29451,0.31336,0.30496,0.29402,0.34239,0.58073,0.58449,0.55803,0.55909,0.56422,hc_open
0.053087,0.050615,0.052828,0.055761,0.054201,0.10052,0.094867,0.099783,0.10506,0.10282,0.12962,0.1238,0.13069,0.13598,0.13256,0.40159,0.38752,0.41041,0.43035,0.40819,0.30833,0.30411,0.31707,0.35134,0.31851,0.70208,0.70242,0.66865,0.70165,0.69935,hc_open
0.048209,0.048698,0.051556,0.050006,0.052542,0.095333,0.096962,0.10107,0.095041,0.10415,0.12808,0.13036,0.13468,0.1297,0.14039,0.38935,0.40018,0.40378,0.38463,0.42691,0.30407,0.32129,0.31398,0.30445,0.34781,0.63171,0.6542,0.63223,0.65987,0.63015,hc_open
0.056327,0.051238,0.054383,0.053819,0.055713,0.1076,0.098481,0.10433,0.10176,0.1077,0.13297,0.12035,0.12688,0.12625,0.13759,0.40595,0.379,0.39481,0.39716,0.41855,0.32537,0.29543,0.3098,0.32386,0.32384,0.74014,0.7797,0.78153,0.78087,0.74366,hc_open
0.057643,0.052318,0.055529,0.052441,0.057703,0.1045,0.097186,0.10201,0.1003,0.10894,0.13319,0.12658,0.13011,0.13465,0.13735,0.41549,0.38461,0.40035,0.39194,0.42793,0.32,0.28876,0.30013,0.30436,0.31125,0.76889,0.72457,0.75354,0.69576,0.74963,hc_open
0.055922,0.052355,0.053765,0.053036,0.058918,0.10609,0.10134,0.10576,0.10309,0.10958,0.1326,0.12839,0.13738,0.13972,0.1405,0.41418,0.38323,0.40567,0.38963,0.42492,0.30999,0.28136,0.29925,0.30045,0.30928,0.77477,0.7044,0.71872,0.68354,0.69632,hc_open
0.055781,0.05086,0.053894,0.053808,0.056395,0.11123,0.098776,0.10511,0.09936,0.10853,0.13593,0.12405,0.1324,0.13146,0.13906,0.41313,0.38117,0.39877,0.39011,0.42129,0.31949,0.2858,0.30198,0.30337,0.31667,0.7466,0.71432,0.71826,0.722,0.68017,hc_open
0.056012,0.052321,0.054993,0.05261,0.055657,0.10474,0.093429,0.10031,0.097111,0.10683,0.13635,0.12338,0.12999,0.12802,0.14141,0.41278,0.37912,0.39543,0.38633,0.41609,0.32634,0.29123,0.30885,0.31473,0.3268,0.77074,0.75087,0.76477,0.77051,0.76113,hc_open
0.055007,0.052157,0.054469,0.053049,0.055544,0.10538,0.097995,0.10133,0.096612,0.10662,0.13687,0.12619,0.1321,0.12952,0.14178,0.41459,0.38382,0.40536,0.39337,0.43001,0.31551,0.28708,0.29965,0.30221,0.31356,0.81056,0.75445,0.76711,0.79205,0.75063,hc_open
0.052218,0.051772,0.053101,0.053033,0.058009,0.10117,0.097925,0.09989,0.099847,0.1132,0.12411,0.12505,0.13011,0.13349,0.14309,0.3944,0.39561,0.41114,0.40618,0.43742,0.29655,0.29782,0.31484,0.30298,0.33506,0.707,0.67886,0.64828,0.6758,0.67445,hc_open
0.053242,0.052525,0.053509,0.053159,0.059979,0.099184,0.097906,0.10131,0.10103,0.11103,0.12362,0.12818,0.12909,0.1331,0.14516,0.39624,0.39461,0.41213,0.39318,0.43632,0.29739,0.30014,0.30942,0.29964,0.3375,0.70195,0.67465,0.6537,0.63878,0.67934,hc_open
0.050353,0.050014,0.051718,0.05104,0.057234,0.09665,0.095654,0.097658,0.09838,0.11,0.12583,0.12373,0.12726,0.12977,0.14359,0.39681,0.39227,0.41114,0.40255,0.43685,0.30727,0.29872,0.31596,0.3104,0.34575,0.66487,0.66325,0.66108,0.63518,0.66762,hc_open
0.054609,0.05282,0.05461,0.057711,0.057536,0.10188,0.096517,0.10014,0.10547,0.10209,0.12852,0.12325,0.13102,0.13705,0.13347,0.39965,0.38976,0.40815,0.43082,0.41068,0.3074,0.30416,0.31307,0.34682,0.31368,0.73921,0.71407,0.69668,0.69051,0.72051,hc_open
0.051148,0.051353,0.053636,0.051904,0.057334,0.096085,0.098531,0.099961,0.10031,0.11004,0.12287,0.12428,0.12685,0.13192,0.14268,0.39665,0.39612,0.41151,0.40573,0.43714,0.30262,0.29893,0.31441,0.30898,0.34004,0.69071,0.66824,0.65292,0.61883,0.64438,hc_open
0.051403,0.051757,0.052665,0.05277,0.057306,0.098894,0.095524,0.099994,0.097588,0.10733,0.13261,0.12847,0.13199,0.13539,0.14894,0.38995,0.38876,0.40485,0.39859,0.42995,0.30199,0.3008,0.31632,0.31641,0.33953,0.67938,0.67556,0.64948,0.60606,0.63335,hc_open
0.047961,0.049503,0.051176,0.049125,0.053752,0.097517,0.095967,0.098603,0.095982,0.10704,0.12962,0.12568,0.13201,0.13183,0.1434,0.40142,0.39721,0.41267,0.39764,0.437,0.30192,0.29642,0.31318,0.31019,0.33927,0.65076,0.62513,0.61985,0.62358,0.62786,hc_open
0.055796,0.056169,0.056975,0.059306,0.052852,0.10717,0.10505,0.10751,0.10578,0.10546,0.12778,0.12656,0.13054,0.1279,0.12452,0.38765,0.39582,0.40627,0.40592,0.38977,0.3057,0.31421,0.32272,0.33012,0.30427,0.72171,0.71073,0.71878,0.71632,0.71344,hc_open
0.053464,0.054072,0.054821,0.055343,0.053695,0.10167,0.10212,0.1038,0.1018,0.09963,0.12791,0.12527,0.12974,0.12697,0.12537,0.40283,0.40753,0.41408,0.41033,0.39927,0.30646,0.30831,0.31587,0.31499,0.30288,0.74772,0.72809,0.73825,0.72961,0.73371,hc_open
0.053917,0.053751,0.055185,0.05451,0.05374,0.10368,0.1039,0.10536,0.10418,0.10224,0.12418,0.12527,0.12842,0.12614,0.12387,0.39927,0.39201,0.40541,0.3945,0.38819,0.32326,0.31328,0.32428,0.31212,0.31058,0.72718,0.71866,0.72819,0.74884,0.71519,hc_open
0.052651,0.054232,0.055352,0.054478,0.052989,0.097926,0.097749,0.099729,0.097366,0.096478,0.12432,0.12538,0.12812,0.12675,0.1261,0.40492,0.39815,0.40969,0.39848,0.40155,0.32452,0.31186,0.32136,0.31095,0.3119,0.69196,0.7045,0.68811,0.68282,0.70889,hc_open
0.055359,0.054559,0.05647,0.05638,0.053622,0.10117,0.10198,0.10423,0.10287,0.10109,0.12743,0.12696,0.13055,0.12693,0.12921,0.39347,0.39688,0.40813,0.40091,0.39076,0.31651,0.31175,0.32255,0.31618,0.30647,0.76435,0.74659,0.74628,0.76308,0.74639,hc_open
0.053474,0.054544,0.055277,0.056296,0.052303,0.10135,0.098785,0.10197,0.10233,0.09621,0.12381,0.1245,0.128,0.12895,0.12264,0.40405,0.40427,0.41383,0.40698,0.39248,0.31551,0.31285,0.32085,0.31733,0.3061,0.70707,0.70096,0.7048,0.70601,0.70743,hc_open
0.05314,0.052316,0.053726,0.056906,0.05443,0.10127,0.097821,0.10292,0.10814,0.10233,0.12519,0.12172,0.12874,0.13707,0.13212,0.3927,0.38312,0.39881,0.42013,0.40286,0.32251,0.31064,0.32222,0.35364,0.32381,0.76217,0.73976,0.72133,0.72966,0.71649,hc_open
0.052949,0.052138,0.053515,0.057371,0.054288,0.099607,0.096378,0.10022,0.10757,0.10096,0.12721,0.12348,0.13026,0.13831,0.13717,0.39734,0.38507,0.40151,0.41999,0.40741,0.3214,0.30856,0.31774,0.34839,0.3165,0.74313,0.72272,0.71395,0.71122,0.68778,hc_open
0.05565,0.059624,0.054307,0.060125,0.054039,0.10557,0.1126,0.10165,0.11244,0.1003,0.13005,0.13749,0.1278,0.14371,0.12443,0.39456,0.41976,0.37777,0.42139,0.36553,0.31678,0.33984,0.30019,0.33974,0.29192,0.75167,0.75501,0.73269,0.71729,0.73724,hc_open
0.052605,0.051781,0.062272,0.05975,0.052394,0.10335,0.098773,0.11464,0.11323,0.10063,0.1162,0.11202,0.13359,0.13137,0.11283,0.38345,0.36652,0.4339,0.43185,0.37192,0.31745,0.29674,0.35207,0.34889,0.30686,0.75026,0.74983,0.76152,0.74017,0.76129,hc_open
0.055698,0.058869,0.052693,0.058726,0.053282,0.10278,0.11093,0.097927,0.10859,0.09604,0.1322,0.13781,0.12767,0.14309,0.12446,0.39469,0.42163,0.38017,0.42727,0.36665,0.32015,0.3409,0.30003,0.34075,0.29476,0.72277,0.7275,0.69549,0.68332,0.71674,hc_open
0.055994,0.05893,0.054793,0.059379,0.055192,0.10459,0.11359,0.10169,0.11305,0.09901,0.12955,0.13727,0.12888,0.14301,0.12381,0.39394,0.4187,0.37373,0.41845,0.36381,0.31823,0.34188,0.30244,0.34128,0.29469,0.74929,0.762,0.72891,0.70576,0.75519,hc_open
0.05493,0.057131,0.051738,0.055876,0.051673,0.103,0.10905,0.10021,0.11109,0.096629,0.13133,0.13926,0.12974,0.14665,0.12466,0.39009,0.42013,0.37908,0.42892,0.36872,0.32029,0.3424,0.30183,0.34328,0.29682,0.74558,0.73477,0.72362,0.70863,0.7281,hc_open
0.055825,0.058574,0.053239,0.059264,0.052359,0.1056,0.11008,0.1009,0.10918,0.10087,0.12972,0.13628,0.12738,0.14055,0.12401,0.39712,0.42452,0.38305,0.43368,0.36914,0.31394,0.33767,0.29731,0.34108,0.29077,0.72319,0.74368,0.71505,0.70911,0.73098,hc_open
0.056196,0.059186,0.054884,0.060241,0.054321,0.10512,0.11169,0.10244,0.11202,0.10189,0.12802,0.13612,0.12583,0.14073,0.12158,0.39134,0.42095,0.38101,0.42697,0.3646,0.32072,0.34294,0.29911,0.34669,0.28729,0.72006,0.72631,0.70548,0.68703,0.74886,hc_open
0.054085,0.052816,0.053118,0.054183,0.051802,0.10531,0.10457,0.10441,0.10659,0.096875,0.1238,0.12269,0.12527,0.12964,0.11875,0.39944,0.40084,0.39726,0.41478,0.3809,0.32785,0.32161,0.32411,0.34692,0.30091,0.74848,0.71276,0.71937,0.70886,0.76285,hc_open
0.053292,0.052088,0.051554,0.052665,0.050242,0.10309,0.10337,0.10409,0.10909,0.097452,0.12567,0.12835,0.12903,0.13463,0.12378,0.40552,0.4063,0.40125,0.41762,0.39207,0.32148,0.31712,0.31233,0.34066,0.29133,0.74906,0.69286,0.70188,0.68495,0.69319,hc_open
0.053318,0.051655,0.052931,0.052585,0.04982,0.10465,0.1027,0.10203,0.10503,0.095262,0.12198,0.12236,0.12259,0.12647,0.11508,0.4066,0.40333,0.40031,0.41816,0.38856,0.33119,0.32038,0.31845,0.34195,0.30771,0.75376,0.73111,0.74312,0.71272,0.72747,hc_open
0.053922,0.053391,0.053508,0.055063,0.050611,0.10548,0.10192,0.10316,0.10656,0.096038,0.1202,0.1218,0.12339,0.13033,0.11442,0.40837,0.40577,0.39914,0.4184,0.38881,0.3277,0.32166,0.31665,0.33902,0.30328,0.78305,0.76541,0.78055,0.76712,0.76506,hc_open
0.054113,0.053319,0.053239,0.055343,0.050652,0.1037,0.10078,0.099474,0.10419,0.097126,0.12224,0.12091,0.12129,0.12701,0.11927,0.40755,0.40949,0.40544,0.4196,0.38724,0.32964,0.32104,0.31474,0.3353,0.30081,0.76383,0.72315,0.73182,0.71374,0.75279,hc_open
0.054731,0.052455,0.060241,0.059684,0.053556,0.10018,0.095653,0.11207,0.10902,0.098745,0.11635,0.10965,0.12824,0.12779,0.11231,0.38596,0.36787,0.43505,0.4287,0.37538,0.32166,0.30074,0.35381,0.35224,0.30918,0.76737,0.76566,0.76725,0.76087,0.77344,hc_open
0.053457,0.051766,0.052382,0.052331,0.051209,0.10034,0.10212,0.10034,0.10275,0.09578,0.11982,0.1213,0.12191,0.13021,0.1142,0.40799,0.41243,0.40747,0.42442,0.38773,0.32886,0.32078,0.31587,0.34028,0.30413,0.74803,0.71402,0.73151,0.70444,0.72194,hc_open
0.054923,0.052339,0.052056,0.053322,0.054352,0.10306,0.10039,0.099733,0.10468,0.10384,0.13096,0.13076,0.13288,0.13672,0.13359,0.39643,0.3987,0.3956,0.40224,0.40487,0.31277,0.30745,0.3149,0.33442,0.31735,0.74153,0.69294,0.64982,0.68227,0.65781,hc_open
0.052379,0.050542,0.051508,0.052054,0.052755,0.097602,0.098204,0.09663,0.10033,0.099942,0.13389,0.13375,0.13216,0.13269,0.13803,0.40545,0.40336,0.40656,0.40788,0.40848,0.31115,0.30465,0.30926,0.33214,0.31019,0.69342,0.63248,0.61865,0.66125,0.57449,hc_open
0.052468,0.049306,0.05026,0.049355,0.053169,0.10092,0.098474,0.097432,0.10152,0.098299,0.1329,0.13114,0.13427,0.13721,0.13504,0.41002,0.4002,0.40331,0.4083,0.41227,0.31172,0.3052,0.30871,0.32673,0.31032,0.68601,0.65921,0.61146,0.60272,0.64449,hc_open
0.053475,0.053059,0.052193,0.051663,0.054403,0.097619,0.099417,0.097357,0.10002,0.10236,0.13113,0.13213,0.13076,0.13381,0.13464,0.39867,0.40108,0.40161,0.40083,0.41326,0.31422,0.31157,0.3101,0.32538,0.31768,0.7419,0.67934,0.65713,0.65563,0.6731,hc_open
0.052689,0.051736,0.052015,0.051623,0.051986,0.10092,0.099313,0.099812,0.099511,0.10225,0.13414,0.1326,0.13435,0.13873,0.13908,0.40078,0.40253,0.40103,0.40018,0.40958,0.31237,0.30455,0.30562,0.3292,0.3137,0.71724,0.65645,0.65058,0.61304,0.62598,hc_open
0.054998,0.053045,0.052251,0.054637,0.054314,0.10103,0.098771,0.09797,0.098569,0.10461,0.13052,0.13179,0.1341,0.13985,0.13306,0.40085,0.40146,0.40251,0.40427,0.40944,0.30977,0.30498,0.3081,0.32762,0.31675,0.77751,0.71502,0.69427,0.6849,0.69864,hc_open
0.049363,0.050123,0.052045,0.05104,0.051953,0.099136,0.10095,0.1083,0.10251,0.10198,0.1239,0.13036,0.1397,0.13586,0.12944,0.38891,0.39856,0.42078,0.41273,0.4084,0.30097,0.30356,0.31992,0.31736,0.31801,0.65058,0.62533,0.57567,0.59709,0.66063,hc_open
0.048095,0.04985,0.051807,0.050216,0.050313,0.10554,0.10525,0.11314,0.10835,0.10482,0.12084,0.12737,0.13488,0.13225,0.13151,0.38885,0.40008,0.42364,0.41711,0.41035,0.29652,0.30028,0.32095,0.31409,0.31057,0.65058,0.6376,0.59128,0.61991,0.63903,hc_open
0.049759,0.050325,0.05137,0.05255,0.049531,0.10338,0.10296,0.11186,0.10502,0.10495,0.12526,0.1286,0.13639,0.13169,0.13155,0.39467,0.40175,0.42143,0.41068,0.40872,0.29557,0.29651,0.322,0.31373,0.30653,0.57674,0.61856,0.56096,0.6441,0.60435,hc_open
0.05154,0.050343,0.059031,0.059249,0.050228,0.099059,0.095278,0.11144,0.11166,0.09618,0.11762,0.11146,0.13072,0.13126,0.1133,0.39022,0.37217,0.44054,0.43627,0.38041,0.31284,0.29653,0.35591,0.35235,0.30342,0.7197,0.73723,0.76066,0.75808,0.71931,hc_open
0.050579,0.050257,0.051897,0.050565,0.051133,0.10221,0.10502,0.11151,0.10788,0.10484,0.12508,0.12855,0.13677,0.13415,0.12958,0.39422,0.40133,0.42319,0.41187,0.40368,0.29855,0.29753,0.31708,0.31543,0.30707,0.65785,0.6264,0.58762,0.61237,0.60008,hc_open
0.048786,0.049343,0.049948,0.051055,0.051082,0.10347,0.10449,0.11141,0.10674,0.10429,0.12694,0.12978,0.13662,0.13348,0.12852,0.39828,0.40437,0.42627,0.41663,0.40791,0.29243,0.29711,0.31374,0.312,0.30689,0.58127,0.60647,0.55059,0.59426,0.62328,hc_open
0.048296,0.048899,0.050795,0.050901,0.049023,0.10769,0.10519,0.11166,0.10654,0.1036,0.12342,0.12945,0.13642,0.13691,0.12774,0.40095,0.40672,0.42509,0.41383,0.41302,0.29211,0.29321,0.31617,0.30829,0.30046,0.5846,0.58477,0.5635,0.59852,0.58852,hc_open
0.054169,0.050332,0.050207,0.050652,0.054652,0.096968,0.095938,0.095561,0.097511,0.10119,0.13599,0.13162,0.13572,0.1326,0.14267,0.3981,0.38048,0.38841,0.38598,0.41066,0.33267,0.30711,0.32133,0.31557,0.3298,0.75795,0.62374,0.59639,0.64037,0.56913,hc_open
0.053294,0.053376,0.051909,0.051289,0.056625,0.097531,0.096461,0.097071,0.097152,0.10398,0.13405,0.13297,0.13605,0.1363,0.14021,0.40322,0.38513,0.39741,0.39094,0.41371,0.32692,0.3004,0.31007,0.30784,0.32286,0.73962,0.65296,0.63983,0.62527,0.69104,hc_open
0.05371,0.052561,0.051672,0.052238,0.055609,0.10106,0.099035,0.098846,0.098882,0.10701,0.13471,0.13446,0.13624,0.13781,0.14076,0.3973,0.38231,0.39242,0.38401,0.41155,0.32728,0.30075,0.31193,0.30867,0.32637,0.74536,0.67076,0.63754,0.65634,0.68104,hc_open
0.053619,0.051479,0.05185,0.049652,0.055737,0.10196,0.098454,0.099236,0.097852,0.10506,0.1358,0.13337,0.13717,0.13309,0.14551,0.39688,0.38523,0.39593,0.39107,0.41508,0.31848,0.29862,0.3112,0.30165,0.33141,0.71077,0.63085,0.60747,0.60768,0.61276,hc_open
0.053329,0.051034,0.051613,0.051963,0.054447,0.099773,0.098393,0.09983,0.10054,0.10488,0.13853,0.13676,0.14011,0.13542,0.14827,0.39251,0.37923,0.3936,0.38239,0.41159,0.32037,0.29953,0.31429,0.30424,0.33294,0.6254,0.5676,0.53897,0.60906,0.50171,hc_open
0.055853,0.052533,0.053203,0.053845,0.056579,0.099067,0.096351,0.098011,0.095992,0.10425,0.13394,0.13275,0.13671,0.13364,0.14297,0.39772,0.38335,0.39611,0.38949,0.41358,0.32627,0.30112,0.30974,0.30488,0.327,0.64886,0.58468,0.55608,0.60379,0.54295,hc_open
0.05236,0.052511,0.053455,0.05174,0.053105,0.10174,0.10129,0.10311,0.10183,0.10451,0.12422,0.12827,0.12893,0.13201,0.1302,0.39496,0.39838,0.40509,0.39872,0.40337,0.31555,0.31127,0.31894,0.32419,0.31997,0.71054,0.71435,0.68544,0.70324,0.71768,hc_open
0.05443,0.052397,0.060461,0.059671,0.053419,0.097757,0.094687,0.11225,0.10972,0.096471,0.12105,0.11427,0.13269,0.13183,0.11704,0.38922,0.36892,0.43338,0.4338,0.37651,0.31414,0.29616,0.35296,0.35104,0.30211,0.7216,0.7348,0.75993,0.74425,0.73317,hc_open
0.050544,0.050965,0.051548,0.052776,0.05209,0.10177,0.10217,0.1037,0.10251,0.10669,0.12259,0.12862,0.12969,0.13254,0.12765,0.40412,0.40283,0.41185,0.39968,0.40719,0.30427,0.31204,0.31527,0.32157,0.31586,0.70634,0.69284,0.68749,0.72036,0.73845,hc_open
0.051112,0.05124,0.05208,0.05349,0.053225,0.10392,0.10381,0.10628,0.10562,0.10716,0.13007,0.13237,0.13323,0.13387,0.13513,0.40755,0.4043,0.41186,0.39808,0.41296,0.29633,0.30005,0.30507,0.30945,0.30734,0.63782,0.63197,0.61127,0.67168,0.62364,hc_open
0.051701,0.052808,0.052129,0.051687,0.055124,0.10804,0.10659,0.11112,0.10804,0.10977,0.12897,0.1328,0.13526,0.13038,0.13747,0.39691,0.40171,0.41002,0.39716,0.40682,0.29578,0.29828,0.30571,0.30801,0.31149,0.65058,0.62699,0.61193,0.70489,0.64119,hc_open
0.049818,0.050686,0.052067,0.05328,0.053291,0.10215,0.10528,0.10596,0.10701,0.10778,0.12657,0.13001,0.13045,0.12774,0.13468,0.4007,0.40702,0.4112,0.40258,0.40776,0.30078,0.30505,0.31027,0.31083,0.31669,0.67253,0.67653,0.67592,0.74105,0.66588,hc_open
0.052538,0.051891,0.054075,0.052211,0.054928,0.10566,0.10909,0.10815,0.10994,0.11049,0.13327,0.13396,0.13741,0.134,0.13656,0.39786,0.40312,0.41008,0.39766,0.40486,0.29427,0.29785,0.30443,0.30893,0.30184,0.61875,0.61867,0.61608,0.69484,0.61409,hc_open
0.054227,0.04969,0.053551,0.051137,0.050955,0.099202,0.095403,0.10261,0.099355,0.098557,0.12841,0.12517,0.13315,0.1281,0.1261,0.39867,0.38199,0.4088,0.38575,0.39152,0.32578,0.30952,0.33793,0.31818,0.31718,0.76124,0.69065,0.67567,0.69954,0.71234,hc_open
0.053118,0.049753,0.05349,0.052017,0.050619,0.10452,0.10064,0.10653,0.10361,0.10357,0.12768,0.12648,0.13606,0.12944,0.1271,0.40033,0.37837,0.40669,0.38863,0.38651,0.32276,0.3022,0.33324,0.31672,0.31566,0.73113,0.63421,0.61604,0.6055,0.67758,hc_open
0.052239,0.049571,0.052482,0.050517,0.051217,0.10423,0.099213,0.10417,0.10445,0.10311,0.1297,0.12489,0.13326,0.12796,0.12572,0.39986,0.38147,0.40694,0.38956,0.38644,0.33049,0.3041,0.33168,0.30905,0.31685,0.72749,0.66001,0.65487,0.67684,0.70987,hc_open
0.052076,0.047763,0.051422,0.047246,0.048258,0.098375,0.096624,0.10152,0.096307,0.097568,0.12848,0.12691,0.1353,0.12983,0.12778,0.4109,0.37849,0.41042,0.38881,0.39631,0.32686,0.30501,0.33266,0.30985,0.31812,0.77254,0.66193,0.65849,0.68329,0.70447,hc_open
0.051039,0.050543,0.052048,0.051337,0.049225,0.10131,0.097404,0.10473,0.10173,0.098894,0.12895,0.12398,0.13438,0.12949,0.12513,0.39808,0.38136,0.40875,0.38777,0.38515,0.33077,0.30734,0.33558,0.3141,0.32083,0.78142,0.67592,0.66386,0.66035,0.72628,hc_open
0.054818,0.052899,0.061895,0.060112,0.054887,0.09719,0.094293,0.11186,0.11047,0.09464,0.11894,0.11383,0.13254,0.13066,0.11576,0.3884,0.37063,0.43955,0.4366,0.37772,0.31204,0.29461,0.35174,0.34909,0.30129,0.75687,0.75861,0.77341,0.7548,0.77048,hc_open
0.052607,0.049638,0.053132,0.050985,0.051137,0.10092,0.097235,0.10514,0.10174,0.10041,0.12841,0.12891,0.13778,0.13123,0.12847,0.39793,0.37893,0.40559,0.38547,0.38642,0.32591,0.30614,0.3344,0.31395,0.31974,0.78025,0.63315,0.64334,0.61356,0.70862,hc_open
0.052911,0.055325,0.053194,0.056476,0.054181,0.097376,0.10228,0.099025,0.10384,0.10103,0.11787,0.12444,0.1173,0.12328,0.11974,0.39213,0.41217,0.39511,0.41479,0.39189,0.32619,0.33977,0.31628,0.34115,0.32847,0.74366,0.73753,0.72531,0.74412,0.73034,hc_open
0.052535,0.056318,0.053468,0.057082,0.052495,0.09959,0.10419,0.099199,0.10708,0.099628,0.11918,0.12698,0.11968,0.12746,0.1213,0.39661,0.41632,0.40134,0.40988,0.40602,0.31627,0.32409,0.31161,0.32262,0.32679,0.70872,0.70376,0.69642,0.73837,0.68304,hc_open
0.05342,0.056558,0.052335,0.055223,0.054018,0.10162,0.10877,0.10011,0.1086,0.10309,0.11998,0.12841,0.12315,0.12831,0.12649,0.39038,0.41641,0.40264,0.41262,0.4132,0.30876,0.32286,0.30503,0.32208,0.32287,0.76064,0.74499,0.70287,0.77334,0.7113,hc_open
0.051858,0.055236,0.052996,0.056025,0.053226,0.097839,0.10231,0.099017,0.10399,0.098191,0.12011,0.12487,0.12128,0.12401,0.12202,0.39721,0.41549,0.40342,0.41349,0.40984,0.31275,0.32768,0.31124,0.32892,0.32843,0.72536,0.70371,0.68043,0.72083,0.69488,hc_open
0.053335,0.054817,0.052977,0.054592,0.054051,0.10189,0.10695,0.10217,0.10613,0.1066,0.1196,0.12642,0.1218,0.1262,0.12426,0.40188,0.4186,0.40555,0.41727,0.41122,0.3071,0.3179,0.30081,0.31793,0.31964,0.69809,0.67575,0.62771,0.70413,0.65777,hc_open
0.052822,0.055348,0.05111,0.056331,0.051716,0.099269,0.10478,0.099437,0.10465,0.10177,0.1209,0.12804,0.12242,0.12768,0.12448,0.40019,0.42125,0.4062,0.417,0.41161,0.3087,0.32115,0.30298,0.31717,0.32325,0.72611,0.69554,0.66408,0.72075,0.65192,hc_open
0.064124,0.05186,0.056128,0.07624,0.055105,0.12203,0.096443,0.10401,0.14227,0.10338,0.14309,0.11375,0.12464,0.17763,0.12161,0.45184,0.35252,0.36353,0.49694,0.36568,0.35471,0.26579,0.28166,0.41298,0.28091,0.77646,0.77243,0.78273,0.78976,0.78206,hc_open
0.068011,0.055327,0.058901,0.078146,0.058674,0.12214,0.098763,0.10601,0.1443,0.10425,0.14646,0.11553,0.12463,0.17115,0.12265,0.44949,0.35169,0.36194,0.49819,0.36369,0.35135,0.26242,0.27675,0.40505,0.27656,0.78937,0.77565,0.78786,0.80289,0.7892,hc_open
0.068887,0.054727,0.057893,0.075477,0.058395,0.12809,0.10627,0.11031,0.14729,0.10961,0.15003,0.12299,0.12684,0.16819,0.12615,0.44253,0.34659,0.35642,0.48969,0.35665,0.34909,0.2633,0.27335,0.39301,0.27413,0.80068,0.80904,0.80384,0.80475,0.80165,hc_open
0.053342,0.05417,0.054096,0.051496,0.053803,0.10315,0.10229,0.10514,0.10003,0.10379,0.127,0.12575,0.13044,0.12128,0.1287,0.40511,0.40032,0.40855,0.3851,0.40303,0.309,0.31536,0.30997,0.30111,0.31958,0.72994,0.73936,0.71929,0.70251,0.75017,hc_open
0.069178,0.056425,0.060371,0.079557,0.060249,0.12462,0.1022,0.10784,0.14734,0.1067,0.14306,0.11523,0.1229,0.17261,0.12064,0.44821,0.35454,0.36535,0.50265,0.3657,0.34579,0.25869,0.27366,0.40339,0.27281,0.78976,0.80905,0.77048,0.71408,0.78069,hc_open
0.062913,0.050904,0.055346,0.076545,0.053958,0.12344,0.099627,0.10683,0.1477,0.10555,0.14887,0.12126,0.12719,0.1748,0.12558,0.4494,0.35007,0.36297,0.50461,0.36376,0.34925,0.26243,0.27654,0.40808,0.27551,0.75089,0.74541,0.7527,0.76028,0.74981,hc_open
0.065405,0.05303,0.054677,0.071618,0.054822,0.12439,0.1015,0.10675,0.14395,0.10595,0.14935,0.11854,0.12589,0.1723,0.12507,0.45297,0.35233,0.37,0.51831,0.36898,0.34599,0.25736,0.27035,0.39451,0.27063,0.81208,0.80738,0.807,0.8025,0.80918,hc_open
0.053958,0.052956,0.054977,0.054834,0.055999,0.10472,0.10121,0.10353,0.10383,0.10872,0.12838,0.12886,0.13249,0.1357,0.12885,0.39262,0.38573,0.38802,0.40159,0.3945,0.32546,0.31364,0.31901,0.32891,0.32095,0.74042,0.7136,0.69376,0.72099,0.71066,hc_open
0.05399,0.052288,0.05311,0.051865,0.053618,0.10339,0.099975,0.1028,0.10617,0.10408,0.13156,0.13011,0.13381,0.13481,0.13567,0.40101,0.39434,0.39627,0.40624,0.39938,0.31493,0.31162,0.31031,0.32866,0.31034,0.72049,0.71527,0.68021,0.6943,0.69798,hc_open
0.052825,0.05075,0.052017,0.053152,0.052751,0.10204,0.099184,0.10208,0.10479,0.10152,0.13154,0.12804,0.13189,0.13437,0.13233,0.39889,0.3917,0.39596,0.40844,0.39727,0.32291,0.31411,0.31362,0.32989,0.31981,0.72561,0.68442,0.68216,0.7036,0.65931,hc_open
0.054678,0.053962,0.054339,0.05572,0.055819,0.10575,0.10241,0.1043,0.10677,0.10646,0.13128,0.12944,0.13391,0.13329,0.13264,0.39463,0.39146,0.39456,0.40291,0.39454,0.31949,0.31345,0.30881,0.32454,0.31109,0.74095,0.72458,0.70448,0.72557,0.73966,hc_open
0.05586,0.053839,0.055466,0.057751,0.054339,0.10267,0.10031,0.10366,0.10518,0.10289,0.13037,0.12864,0.13141,0.13507,0.12902,0.39647,0.38985,0.39376,0.39971,0.3951,0.32275,0.31534,0.3118,0.33243,0.31584,0.69397,0.68186,0.66868,0.69195,0.69495,hc_open
0.055041,0.053407,0.055106,0.056471,0.055775,0.10338,0.10015,0.10225,0.10599,0.10206,0.12987,0.12917,0.1317,0.13768,0.1301,0.4023,0.3949,0.39442,0.40634,0.39557,0.31929,0.31161,0.30903,0.32203,0.31584,0.70679,0.70799,0.68345,0.70059,0.66553,hc_open
0.058496,0.044371,0.049873,0.049601,0.063123,0.10727,0.079927,0.090132,0.089573,0.11627,0.13301,0.098458,0.11138,0.11086,0.14419,0.43984,0.32416,0.36638,0.36296,0.47628,0.37534,0.27382,0.31035,0.30783,0.40705,0.70142,0.70418,0.70421,0.69675,0.70088,hc_open
0.052921,0.051862,0.052926,0.051154,0.05317,0.1034,0.10179,0.1049,0.10112,0.10223,0.12593,0.12461,0.1297,0.12119,0.12478,0.41203,0.4046,0.41448,0.39418,0.40941,0.30333,0.31488,0.30625,0.29773,0.31688,0.67682,0.71165,0.67679,0.7137,0.68946,hc_open
0.060683,0.047373,0.052152,0.05083,0.064691,0.10882,0.082533,0.091948,0.089447,0.11689,0.13903,0.10526,0.11761,0.11547,0.14961,0.43938,0.32439,0.3661,0.36061,0.4757,0.3656,0.26537,0.30093,0.2968,0.39686,0.76419,0.7906,0.77181,0.73634,0.74906,hc_open
0.059293,0.045045,0.050394,0.050022,0.06379,0.10825,0.081379,0.090733,0.089268,0.11648,0.13868,0.10298,0.11633,0.1159,0.15022,0.44231,0.32227,0.36647,0.36381,0.48049,0.36868,0.26383,0.30223,0.29937,0.40191,0.68927,0.69956,0.69346,0.68157,0.68403,hc_open
0.060753,0.046236,0.051943,0.051614,0.065593,0.11299,0.085086,0.095036,0.094604,0.12169,0.14064,0.10471,0.11814,0.11764,0.15214,0.44631,0.32762,0.37181,0.36689,0.48483,0.35579,0.2535,0.29007,0.28415,0.38752,0.72744,0.73334,0.73172,0.72026,0.72604,hc_open
0.058469,0.044383,0.04963,0.049361,0.063031,0.1063,0.078669,0.088853,0.087571,0.11524,0.14382,0.10791,0.12131,0.12094,0.1553,0.4479,0.32804,0.37282,0.3674,0.48604,0.36011,0.25683,0.29475,0.28921,0.39331,0.67481,0.68288,0.67805,0.66872,0.67101,hc_open
0.060158,0.046457,0.051253,0.050353,0.063924,0.10653,0.079276,0.089185,0.086491,0.11515,0.13505,0.10095,0.11326,0.11148,0.14565,0.44861,0.32957,0.37385,0.36952,0.48725,0.36583,0.26218,0.29976,0.29523,0.39874,0.72927,0.73105,0.73071,0.72653,0.72862,hc_open
0.054976,0.055665,0.055819,0.059368,0.058374,0.10301,0.10435,0.10429,0.10742,0.10948,0.12668,0.12881,0.13035,0.13927,0.13657,0.39144,0.39757,0.40022,0.42595,0.41828,0.29634,0.30304,0.30817,0.33619,0.31647,0.73375,0.73575,0.72143,0.71719,0.72306,hc_open
0.054004,0.055979,0.055049,0.058975,0.058558,0.10099,0.10473,0.10413,0.10875,0.10945,0.12664,0.12818,0.12752,0.13342,0.13783,0.38626,0.3951,0.39321,0.42106,0.42048,0.3042,0.30956,0.31079,0.33917,0.32515,0.74117,0.74875,0.74867,0.75036,0.71702,hc_open
0.055279,0.056732,0.055793,0.057447,0.061487,0.10534,0.10939,0.10822,0.11325,0.11276,0.12719,0.13227,0.12994,0.13832,0.14055,0.3844,0.38924,0.39359,0.41584,0.41261,0.29897,0.30433,0.30855,0.33588,0.31848,0.73314,0.73143,0.72137,0.73661,0.73535,hc_open
0.055594,0.05532,0.055176,0.055631,0.062193,0.10204,0.10434,0.10536,0.11082,0.10785,0.12767,0.13068,0.13125,0.13904,0.13845,0.38622,0.3936,0.39499,0.4262,0.41517,0.30098,0.30684,0.30846,0.33484,0.32073,0.72082,0.72719,0.71382,0.68399,0.75717,hc_open
0.053915,0.05598,0.054908,0.058287,0.059898,0.10218,0.10568,0.10491,0.10795,0.10845,0.12436,0.12733,0.12711,0.1354,0.13245,0.38601,0.38931,0.39305,0.41694,0.41112,0.30958,0.312,0.31571,0.34127,0.32862,0.7235,0.72175,0.74105,0.72848,0.7256,hc_open
0.053652,0.052003,0.053487,0.052985,0.050836,0.10838,0.10507,0.10891,0.10723,0.10585,0.13041,0.13032,0.13444,0.12792,0.13234,0.41225,0.40432,0.41516,0.39248,0.41487,0.29238,0.30164,0.29834,0.28573,0.30553,0.64867,0.67977,0.62073,0.66525,0.68318,hc_open
0.054052,0.055617,0.055753,0.057364,0.057709,0.10056,0.10369,0.1019,0.10642,0.11006,0.12622,0.12821,0.12847,0.13272,0.14087,0.38548,0.39294,0.39543,0.41766,0.41543,0.30865,0.31079,0.31356,0.33346,0.32298,0.76368,0.76128,0.75537,0.74222,0.7587,hc_open
0.05733,0.052694,0.053937,0.059861,0.05699,0.10367,0.094499,0.096666,0.10808,0.10301,0.12051,0.10819,0.1135,0.12356,0.11787,0.41848,0.37269,0.38177,0.41899,0.40819,0.35747,0.31566,0.31912,0.34247,0.33112,0.7891,0.82305,0.80892,0.82092,0.80971,hc_open
0.05511,0.052819,0.05281,0.060189,0.05717,0.10283,0.094959,0.098722,0.10869,0.10555,0.11971,0.11027,0.11401,0.12668,0.12106,0.41422,0.37273,0.38269,0.42598,0.41146,0.35513,0.31112,0.31904,0.34295,0.33461,0.75799,0.79033,0.78744,0.78876,0.79207,hc_open
0.056911,0.05325,0.054012,0.060235,0.058011,0.1025,0.095101,0.098136,0.10945,0.10572,0.1253,0.11228,0.11767,0.13124,0.12717,0.41304,0.36826,0.37812,0.42163,0.40717,0.35033,0.30699,0.31652,0.34904,0.34049,0.78917,0.79084,0.78798,0.77553,0.80447,hc_open
0.056382,0.052504,0.053311,0.058898,0.057163,0.10112,0.097194,0.097617,0.10986,0.10645,0.12341,0.11454,0.11695,0.13364,0.12638,0.41773,0.37432,0.38527,0.43375,0.41699,0.34184,0.29749,0.31127,0.34983,0.33931,0.83476,0.83598,0.83273,0.79732,0.81811,hc_open
0.055801,0.053458,0.05429,0.061871,0.057599,0.10246,0.095632,0.098949,0.11225,0.10696,0.12295,0.11208,0.11878,0.13599,0.12823,0.40696,0.37113,0.38258,0.42787,0.40961,0.34242,0.3047,0.31598,0.35949,0.34474,0.8008,0.79188,0.79303,0.79471,0.79647,hc_open
0.053739,0.049933,0.051111,0.05712,0.053272,0.098529,0.089095,0.094046,0.1047,0.098489,0.13195,0.1191,0.1222,0.13891,0.13604,0.41543,0.3728,0.38624,0.43002,0.41459,0.34498,0.30115,0.31145,0.35141,0.34243,0.7833,0.78133,0.75975,0.76726,0.75389,hc_open
0.048267,0.047892,0.053629,0.057425,0.054026,0.09008,0.089911,0.098281,0.10761,0.10138,0.12008,0.12313,0.13194,0.14632,0.13354,0.38371,0.38287,0.41243,0.44772,0.43513,0.30363,0.30457,0.33082,0.36769,0.34635,0.7202,0.69218,0.68411,0.68948,0.71926,hc_open
0.050311,0.049808,0.052517,0.057151,0.055942,0.09689,0.095508,0.10066,0.1107,0.10848,0.11791,0.12029,0.12899,0.14275,0.13136,0.38209,0.38125,0.41405,0.45111,0.43156,0.30283,0.30334,0.32544,0.36277,0.34353,0.70465,0.70119,0.68065,0.7077,0.69596,hc_open
0.048272,0.047436,0.050852,0.052883,0.054467,0.095113,0.093568,0.10017,0.10888,0.10611,0.11923,0.12023,0.13006,0.14354,0.13336,0.38879,0.38849,0.41842,0.45052,0.43853,0.29745,0.29871,0.32572,0.36143,0.33949,0.65976,0.66253,0.66001,0.64479,0.66886,hc_open
