0.052704,0.051597,0.051635,0.0506,0.058022,0.096806,0.096198,0.09746,0.098422,0.10511,0.12584,0.12424,0.1277,0.13047,0.13694,0.38035,0.38808,0.38723,0.37779,0.41637,0.32388,0.33212,0.32934,0.32506,0.35017,0.77223,0.75475,0.75306,0.72271,0.76682,pd_on_open
0.051054,0.050403,0.051828,0.053726,0.053476,0.10908,0.10758,0.11007,0.11255,0.11882,0.12132,0.12159,0.12562,0.12689,0.13206,0.37497,0.38167,0.38674,0.39697,0.41535,0.31307,0.3151,0.32321,0.34568,0.35855,0.66194,0.68913,0.68261,0.74897,0.63475,pd_on_open
0.050547,0.049402,0.05086,0.053436,0.055362,0.09756,0.093769,0.095286,0.1016,0.10344,0.12989,0.12752,0.13148,0.14414,0.13662,0.41809,0.39829,0.41312,0.43619,0.43213,0.30505,0.294,0.29883,0.33727,0.31195,0.60487,0.59194,0.57911,0.55478,0.62484,pd_on_open
0.051102,0.048286,0.050614,0.053504,0.053365,0.097514,0.092942,0.096931,0.10142,0.10047,0.13025,0.12545,0.13126,0.13806,0.13672,0.42036,0.39735,0.41358,0.43215,0.43441,0.30324,0.29379,0.30179,0.33652,0.31545,0.61819,0.62024,0.60523,0.63657,0.60633,pd_on_open
0.051307,0.050091,0.050525,0.055239,0.053276,0.10088,0.094819,0.099263,0.10655,0.1057,0.12966,0.12763,0.13065,0.142,0.1369,0.4143,0.39322,0.40842,0.43532,0.42968,0.3051,0.29482,0.30357,0.34319,0.30806,0.65719,0.69523,0.6678,0.71429,0.63531,pd_on_open
0.046071,0.046539,0.045652,0.050601,0.048169,0.10005,0.10115,0.10036,0.10701,0.10299,0.12535,0.12613,0.12556,0.13032,0.12989,0.39035,0.3906,0.38491,0.42217,0.41383,0.3251,0.32087,0.31837,0.36984,0.36254,0.66173,0.6422,0.639,0.66976,0.6741,pd_on_open
0.048434,0.050363,0.047856,0.052805,0.05279,0.10286,0.1066,0.10341,0.11214,0.11091,0.12738,0.1262,0.12755,0.13153,0.13202,0.3864,0.38455,0.38182,0.41872,0.4137,0.32015,0.31568,0.31236,0.36322,0.35766,0.61303,0.64121,0.59511,0.6712,0.64391,pd_on_open
0.051032,0.051305,0.050385,0.054145,0.052416,0.11071,0.11247,0.109,0.11694,0.11623,0.12608,0.1278,0.12685,0.13503,0.13121,0.3846,0.38288,0.38095,0.41518,0.41042,0.31056,0.31062,0.30828,0.35671,0.35421,0.63235,0.59584,0.59907,0.65169,0.64178,pd_on_open
0.049923,0.047711,0.048572,0.052647,0.052235,0.10541,0.10594,0.10396,0.11323,0.10794,0.12537,0.12817,0.12795,0.13808,0.13158,0.38767,0.38627,0.38476,0.42117,0.41962,0.31839,0.31112,0.30679,0.35942,0.35808,0.60825,0.58381,0.567,0.6425,0.62368,pd_on_open
0.049266,0.049423,0.049907,0.055703,0.050785,0.10708,0.11001,0.10586,0.11685,0.11355,0.1289,0.12742,0.12892,0.1363,0.13063,0.38492,0.38347,0.3788,0.40974,0.42018,0.31869,0.30881,0.30546,0.35441,0.36085,0.59743,0.58742,0.55071,0.63836,0.62777,pd_on_open
0.051527,0.05147,0.04996,0.053197,0.05415,0.10453,0.1056,0.10316,0.1118,0.10672,0.13581,0.13454,0.13593,0.13833,0.14365,0.38125,0.38298,0.37777,0.41356,0.42689,0.31144,0.30517,0.29891,0.3494,0.35987,0.55645,0.5815,0.52149,0.65556,0.57768,pd_on_open
0.050538,0.049238,0.050924,0.050228,0.052279,0.099731,0.097374,0.10057,0.095528,0.1057,0.12928,0.12902,0.13397,0.12739,0.13974,0.38375,0.3968,0.40603,0.38858,0.41518,0.3039,0.30949,0.32465,0.33354,0.3443,0.6559,0.61566,0.6205,0.67865,0.62385,pd_on_open
0.053164,0.052306,0.053555,0.055832,0.055343,0.11187,0.10991,0.11329,0.11618,0.11892,0.11939,0.12078,0.12313,0.12832,0.13049,0.36838,0.37642,0.38138,0.40003,0.41723,0.3156,0.31563,0.32098,0.34683,0.36475,0.67617,0.69037,0.64785,0.69052,0.6817,pd_on_open
0.045928,0.048418,0.048431,0.048582,0.050738,0.10115,0.099738,0.10255,0.095155,0.10702,0.13729,0.13385,0.13906,0.13251,0.14474,0.38676,0.39826,0.40636,0.38685,0.4094,0.29783,0.30979,0.31806,0.32484,0.3367,0.54392,0.55622,0.54992,0.59184,0.55259,pd_on_open
0.04591,0.046601,0.04735,0.047086,0.048642,0.098516,0.098581,0.099623,0.096033,0.10547,0.13085,0.12989,0.13402,0.12868,0.14303,0.38884,0.39956,0.40773,0.39125,0.41352,0.30238,0.31293,0.32451,0.32936,0.34628,0.62605,0.59143,0.5868,0.63653,0.59136,pd_on_open
0.049762,0.048234,0.049837,0.049718,0.051562,0.10005,0.09856,0.10125,0.097178,0.10677,0.13503,0.13212,0.13757,0.13187,0.1431,0.38852,0.39787,0.40732,0.39272,0.4127,0.2973,0.30874,0.31949,0.32344,0.33312,0.59149,0.5803,0.57283,0.66699,0.57307,pd_on_open
0.047539,0.048832,0.049148,0.047912,0.052275,0.10031,0.10013,0.10234,0.097856,0.10723,0.13464,0.13371,0.13798,0.13061,0.1426,0.38758,0.398,0.40972,0.3876,0.40612,0.29639,0.30872,0.3225,0.32586,0.33202,0.57442,0.56018,0.54596,0.62308,0.53749,pd_on_open
0.047752,0.049933,0.049127,0.04781,0.051178,0.097921,0.098881,0.10145,0.096054,0.10404,0.13673,0.13609,0.14231,0.13369,0.14563,0.38414,0.40394,0.40847,0.39075,0.40598,0.29677,0.30773,0.31972,0.32036,0.33061,0.49425,0.51027,0.47936,0.54442,0.4728,pd_on_open
0.055811,0.054561,0.055327,0.057675,0.058022,0.10489,0.10488,0.10399,0.11009,0.1082,0.13337,0.12786,0.13144,0.13857,0.14196,0.38967,0.38061,0.38608,0.4122,0.3946,0.32606,0.31441,0.30463,0.35188,0.30953,0.70783,0.72342,0.68889,0.70943,0.63629,pd_on_open
0.05317,0.054501,0.053825,0.056944,0.055384,0.10366,0.10533,0.104,0.10951,0.10933,0.12903,0.12408,0.12822,0.13473,0.13314,0.39385,0.37819,0.38346,0.4147,0.39183,0.33377,0.32102,0.31067,0.35058,0.31877,0.70584,0.7283,0.69157,0.73915,0.65325,pd_on_open
0.054534,0.05393,0.05408,0.055615,0.056721,0.10274,0.10217,0.10269,0.10484,0.10445,0.13544,0.13387,0.13905,0.14016,0.14613,0.38926,0.38144,0.38815,0.40764,0.39776,0.32099,0.31014,0.30712,0.34456,0.31034,0.65716,0.6439,0.57858,0.67785,0.53207,pd_on_open
0.054088,0.052478,0.053389,0.053862,0.057142,0.10214,0.10257,0.1044,0.10428,0.10743,0.13827,0.13393,0.14253,0.1411,0.14527,0.38671,0.3803,0.3959,0.40979,0.39621,0.31996,0.30904,0.30126,0.34254,0.30613,0.56309,0.6122,0.48288,0.61854,0.50808,pd_on_open
0.055168,0.055994,0.054593,0.057004,0.057823,0.106,0.10313,0.1053,0.1066,0.11033,0.12907,0.12738,0.13316,0.1335,0.1392,0.38908,0.37988,0.38298,0.40834,0.39103,0.32728,0.31676,0.3095,0.35071,0.3169,0.71917,0.72046,0.64692,0.75002,0.64533,pd_on_open
0.049676,0.051165,0.051523,0.053645,0.053225,0.11014,0.10787,0.11114,0.11132,0.11782,0.12526,0.12928,0.12882,0.12877,0.13427,0.37193,0.38103,0.3822,0.39348,0.41374,0.31103,0.31534,0.31917,0.34092,0.36151,0.6492,0.65677,0.63901,0.68851,0.64809,pd_on_open
0.055001,0.05412,0.054233,0.056721,0.057778,0.10444,0.10154,0.1037,0.10613,0.10874,0.13784,0.13364,0.13896,0.13814,0.15014,0.3871,0.37756,0.38451,0.40705,0.38971,0.32355,0.31235,0.3058,0.3448,0.31039,0.62207,0.65527,0.52724,0.67057,0.47129,pd_on_open
0.049343,0.050467,0.051865,0.052332,0.050012,0.10309,0.10513,0.10884,0.1061,0.10659,0.13743,0.13915,0.14655,0.13869,0.14369,0.38629,0.39829,0.40865,0.39349,0.39033,0.3016,0.30771,0.31465,0.30794,0.29395,0.46857,0.49145,0.44173,0.51557,0.41332,pd_on_open
0.049124,0.049609,0.051249,0.050474,0.051221,0.099113,0.1003,0.10361,0.09874,0.1039,0.13486,0.1348,0.14247,0.13371,0.1397,0.38318,0.40251,0.40978,0.39394,0.39272,0.30717,0.31315,0.32525,0.31298,0.30557,0.48334,0.5216,0.47028,0.57509,0.43915,pd_on_open
0.050255,0.049011,0.051395,0.050061,0.050399,0.10166,0.10309,0.10585,0.10086,0.10727,0.13556,0.13617,0.14337,0.13467,0.14018,0.38492,0.39933,0.40832,0.39507,0.38746,0.3057,0.31535,0.32044,0.31414,0.2992,0.48926,0.50034,0.4611,0.54016,0.40887,pd_on_open
0.047245,0.050161,0.049324,0.050926,0.048019,0.099026,0.10163,0.10478,0.10477,0.10459,0.13222,0.13649,0.1415,0.13438,0.14017,0.38585,0.3999,0.40734,0.39765,0.38766,0.31082,0.31652,0.32578,0.31297,0.3057,0.53233,0.52376,0.46791,0.56573,0.40858,pd_on_open
0.049012,0.050517,0.052985,0.052806,0.050685,0.10583,0.10677,0.11218,0.10779,0.10936,0.13602,0.13627,0.14224,0.1338,0.13937,0.38214,0.39974,0.41112,0.39845,0.39075,0.30024,0.30985,0.31332,0.30759,0.29611,0.47304,0.49195,0.4597,0.5318,0.3899,pd_on_open
0.048987,0.049588,0.050724,0.050317,0.048635,0.099704,0.10153,0.10424,0.099898,0.10292,0.13699,0.1391,0.14209,0.13493,0.14364,0.38566,0.40205,0.40925,0.3963,0.38647,0.30409,0.31695,0.32166,0.31541,0.30058,0.47643,0.48814,0.46218,0.55154,0.3751,pd_on_open
0.056245,0.053883,0.049614,0.053465,0.050383,0.10655,0.099807,0.095085,0.099603,0.099866,0.13068,0.12817,0.1172,0.12719,0.12609,0.41884,0.40063,0.3871,0.40106,0.39108,0.33828,0.33262,0.29572,0.32351,0.31797,0.70836,0.6963,0.6714,0.69787,0.68923,pd_on_open
0.054457,0.051694,0.050791,0.05029,0.052131,0.10778,0.10457,0.099306,0.10011,0.10658,0.13044,0.12692,0.12043,0.12627,0.12661,0.42114,0.39914,0.38324,0.39559,0.3852,0.33613,0.3333,0.29403,0.327,0.31194,0.72082,0.71558,0.66724,0.68015,0.70461,pd_on_open
0.053282,0.051126,0.04935,0.051374,0.050493,0.10588,0.10061,0.10016,0.099157,0.10163,0.13023,0.12322,0.12309,0.12368,0.12329,0.42761,0.4019,0.39227,0.39848,0.39286,0.33313,0.33088,0.2907,0.32368,0.31207,0.6417,0.67216,0.58648,0.64627,0.64156,pd_on_open
0.052721,0.051733,0.051615,0.049083,0.055083,0.10581,0.10566,0.10507,0.10208,0.10759,0.1292,0.12804,0.13093,0.12201,0.13703,0.38858,0.38874,0.38629,0.37463,0.40275,0.32079,0.32231,0.31929,0.31353,0.33538,0.74958,0.70897,0.7239,0.72698,0.73983,pd_on_open
0.055343,0.052328,0.050444,0.051053,0.051191,0.10587,0.099116,0.097423,0.098821,0.10019,0.13106,0.12894,0.12204,0.12957,0.12575,0.41788,0.40142,0.38109,0.39605,0.38878,0.33895,0.33551,0.29645,0.32766,0.31482,0.7161,0.71084,0.66457,0.69108,0.7083,pd_on_open
0.054669,0.052559,0.048018,0.050616,0.051716,0.10535,0.10094,0.099171,0.098395,0.10149,0.13148,0.12879,0.1226,0.1276,0.12945,0.41896,0.4017,0.38147,0.39351,0.39771,0.33703,0.33235,0.29154,0.32946,0.31439,0.6634,0.67559,0.61245,0.63782,0.66653,pd_on_open
0.057089,0.055252,0.051179,0.053643,0.052795,0.10489,0.099769,0.098758,0.097189,0.10263,0.12894,0.12241,0.11992,0.12021,0.1266,0.41822,0.39982,0.3771,0.39135,0.39673,0.34083,0.33717,0.29494,0.33159,0.31811,0.72292,0.71964,0.66874,0.71646,0.67467,pd_on_open
0.0492,0.048755,0.049169,0.054122,0.054203,0.10051,0.099851,0.099661,0.1067,0.11232,0.12195,0.12108,0.12451,0.13632,0.13479,0.40649,0.40277,0.39465,0.43177,0.45234,0.30604,0.30434,0.2952,0.31615,0.35555,0.64223,0.64702,0.67109,0.67285,0.64846,pd_on_open
0.04831,0.048565,0.049254,0.053291,0.054892,0.095369,0.095239,0.095606,0.10375,0.10692,0.12279,0.12276,0.12388,0.13611,0.13678,0.40246,0.40066,0.39242,0.42365,0.45563,0.31147,0.31084,0.30217,0.32734,0.36011,0.60932,0.61684,0.65243,0.64183,0.63072,pd_on_open
0.048982,0.049152,0.05076,0.05577,0.054312,0.10242,0.10227,0.10393,0.11398,0.11286,0.12138,0.12122,0.12322,0.13479,0.13475,0.40396,0.40193,0.39656,0.43303,0.45169,0.30126,0.30168,0.29504,0.31863,0.35165,0.65482,0.65915,0.67993,0.66481,0.67925,pd_on_open
0.05025,0.049844,0.048308,0.051112,0.056241,0.10117,0.10034,0.10006,0.1082,0.11186,0.13032,0.12968,0.13413,0.14679,0.14231,0.40101,0.39743,0.39504,0.43156,0.44592,0.29824,0.29816,0.29157,0.3154,0.34664,0.58331,0.58921,0.5991,0.57389,0.61512,pd_on_open
0.050208,0.049302,0.050578,0.055593,0.054464,0.097616,0.097443,0.097797,0.10535,0.11057,0.12403,0.12366,0.12662,0.13847,0.13834,0.40439,0.40176,0.39362,0.42597,0.45444,0.30532,0.30429,0.29557,0.31541,0.35649,0.62817,0.63173,0.66042,0.66431,0.63169,pd_on_open
0.049052,0.049134,0.048679,0.051684,0.056043,0.097923,0.098451,0.098793,0.10728,0.10979,0.12317,0.12314,0.1249,0.13601,0.13766,0.40308,0.40032,0.39289,0.42473,0.45459,0.30704,0.30629,0.29897,0.32155,0.35706,0.62216,0.62567,0.65146,0.65399,0.6301,pd_on_open
0.050336,0.049769,0.050041,0.05165,0.052968,0.1014,0.09663,0.10007,0.099901,0.10801,0.12219,0.1184,0.12352,0.13149,0.12573,0.39475,0.38569,0.39709,0.42217,0.40597,0.32636,0.31773,0.32963,0.35206,0.33721,0.72848,0.71446,0.7143,0.6992,0.74312,pd_on_open
0.052421,0.051077,0.051861,0.049709,0.054493,0.1035,0.10145,0.10349,0.09666,0.10859,0.12658,0.12786,0.13143,0.12348,0.13537,0.39064,0.39988,0.40181,0.39527,0.39701,0.3175,0.32493,0.31175,0.32388,0.3179,0.70677,0.68241,0.63914,0.63798,0.67567,pd_on_open
0.050025,0.050118,0.051751,0.049573,0.054761,0.10138,0.097625,0.10292,0.1019,0.10721,0.12466,0.11903,0.12546,0.12361,0.13099,0.39813,0.39197,0.40599,0.41131,0.4161,0.3179,0.30786,0.31963,0.33626,0.33252,0.62141,0.63409,0.62499,0.65361,0.63404,pd_on_open
0.05108,0.049016,0.050719,0.051405,0.053367,0.11455,0.10416,0.11104,0.10848,0.11731,0.12641,0.12355,0.12698,0.13087,0.13107,0.39551,0.3907,0.40186,0.41141,0.41335,0.30747,0.29995,0.31201,0.33599,0.31958,0.54313,0.60704,0.58708,0.66046,0.56223,pd_on_open
0.050353,0.048706,0.049596,0.050763,0.052963,0.11146,0.10621,0.11099,0.10615,0.11749,0.13205,0.12788,0.13307,0.1309,0.14091,0.39306,0.38364,0.39676,0.40278,0.41223,0.30873,0.29828,0.30929,0.33007,0.32589,0.60032,0.63807,0.60896,0.6528,0.60597,pd_on_open
0.050297,0.048995,0.050205,0.050666,0.051952,0.10764,0.103,0.10687,0.10559,0.11241,0.12377,0.12242,0.12616,0.1252,0.13191,0.40511,0.39289,0.40531,0.41023,0.4188,0.31174,0.29885,0.31162,0.33183,0.3252,0.65961,0.65318,0.64983,0.71877,0.64978,pd_on_open
0.05128,0.048932,0.050422,0.051049,0.053455,0.11354,0.10527,0.11073,0.10675,0.11712,0.12315,0.11967,0.12573,0.12335,0.12853,0.39958,0.39433,0.40621,0.41039,0.41832,0.30769,0.2979,0.3117,0.33157,0.32073,0.53583,0.5906,0.56987,0.63342,0.56947,pd_on_open
0.053899,0.050122,0.052732,0.058637,0.054433,0.10774,0.097154,0.10237,0.11077,0.11059,0.12551,0.11732,0.1242,0.13584,0.12798,0.39681,0.36655,0.38312,0.43182,0.40798,0.33943,0.30084,0.31504,0.36746,0.35088,0.77937,0.7653,0.75152,0.77746,0.77821,pd_on_open
0.056048,0.053044,0.053431,0.064639,0.055402,0.10464,0.099019,0.10199,0.11602,0.10568,0.12767,0.11874,0.12528,0.13785,0.13226,0.39616,0.36515,0.38228,0.43638,0.4088,0.33688,0.30001,0.31205,0.36518,0.34592,0.7546,0.7581,0.70469,0.7417,0.73493,pd_on_open
0.056081,0.049457,0.052606,0.059822,0.057039,0.10724,0.099454,0.10573,0.11567,0.10865,0.13216,0.12418,0.13192,0.13787,0.1355,0.39729,0.36554,0.38675,0.42741,0.40903,0.33005,0.29073,0.30452,0.3519,0.34378,0.75041,0.73778,0.68279,0.64354,0.77003,pd_on_open
0.055451,0.050873,0.052863,0.06079,0.055651,0.10865,0.098289,0.10334,0.11361,0.11109,0.13035,0.12111,0.12885,0.13757,0.1321,0.39978,0.36675,0.38457,0.42544,0.4158,0.3326,0.29239,0.3036,0.35473,0.34726,0.76842,0.77433,0.73007,0.68568,0.75893,pd_on_open
0.055909,0.051356,0.053573,0.057493,0.057089,0.10621,0.09644,0.10312,0.11081,0.11089,0.134,0.12378,0.13201,0.13756,0.13559,0.40543,0.36839,0.38829,0.42986,0.41603,0.32605,0.28895,0.30142,0.35616,0.33233,0.70217,0.71194,0.6457,0.71458,0.70566,pd_on_open
0.050655,0.049466,0.048817,0.047442,0.05266,0.10018,0.099104,0.099873,0.097887,0.10331,0.1308,0.12723,0.13116,0.12467,0.13665,0.40733,0.40231,0.40585,0.40057,0.40716,0.31437,0.31643,0.31,0.30579,0.31904,0.68742,0.67302,0.64683,0.62582,0.66955,pd_on_open
0.053476,0.05009,0.052074,0.057442,0.054371,0.10575,0.095901,0.10278,0.11003,0.10833,0.13212,0.12217,0.12868,0.13632,0.13539,0.4056,0.36854,0.38811,0.43488,0.41668,0.32873,0.29378,0.30629,0.36048,0.33637,0.72606,0.71128,0.68078,0.76231,0.73705,pd_on_open
0.053556,0.052749,0.051803,0.051061,0.055859,0.10278,0.1036,0.10312,0.10259,0.10807,0.13112,0.13076,0.13483,0.12631,0.13997,0.39767,0.40207,0.39467,0.39388,0.40738,0.3061,0.31716,0.30606,0.30541,0.32109,0.67756,0.64321,0.59685,0.67426,0.60707,pd_on_open
0.052084,0.049809,0.050707,0.050138,0.05291,0.10916,0.10755,0.10817,0.10622,0.1132,0.12935,0.1311,0.13274,0.12535,0.13875,0.40141,0.40376,0.39635,0.39682,0.40519,0.30186,0.31826,0.30329,0.30006,0.31059,0.65308,0.64725,0.59589,0.65086,0.59409,pd_on_open
0.051929,0.051439,0.051381,0.050883,0.052915,0.1063,0.10558,0.10596,0.10319,0.11257,0.12818,0.12849,0.13056,0.12427,0.13713,0.40089,0.4036,0.39481,0.39488,0.40114,0.30648,0.32357,0.30985,0.30657,0.31116,0.67083,0.63489,0.59883,0.65405,0.59603,pd_on_open
0.052836,0.051334,0.051671,0.049672,0.056145,0.11578,0.1138,0.11571,0.11003,0.12214,0.12949,0.13054,0.13251,0.12885,0.1395,0.3971,0.39413,0.39286,0.38756,0.40126,0.29829,0.31323,0.3008,0.30209,0.30873,0.55163,0.52455,0.52756,0.59667,0.43302,pd_on_open
0.051948,0.050333,0.050872,0.050625,0.053309,0.10654,0.10662,0.10656,0.10525,0.11141,0.13101,0.13176,0.1328,0.12753,0.14347,0.40413,0.40133,0.39561,0.39226,0.40409,0.3029,0.31823,0.30367,0.30888,0.30748,0.63064,0.63466,0.58736,0.65203,0.50969,pd_on_open
0.0506,0.050643,0.050582,0.049474,0.054868,0.10976,0.10729,0.10629,0.10492,0.11245,0.12962,0.13174,0.13295,0.12291,0.14027,0.39964,0.40287,0.39194,0.38455,0.40918,0.30534,0.32086,0.30323,0.30971,0.31194,0.65956,0.63705,0.61786,0.67159,0.55951,pd_on_open
0.054929,0.053804,0.052376,0.055776,0.05439,0.10842,0.1049,0.10714,0.11451,0.11,0.13216,0.13175,0.13491,0.14547,0.1349,0.40519,0.40388,0.4017,0.41692,0.40291,0.30766,0.29145,0.29312,0.31149,0.30436,0.69715,0.65285,0.61099,0.58407,0.64097,pd_on_open
0.05432,0.054082,0.053352,0.058653,0.054578,0.10724,0.10321,0.10685,0.11437,0.10814,0.13095,0.12973,0.13468,0.14745,0.13247,0.40201,0.40271,0.40271,0.41043,0.40055,0.31332,0.29478,0.2953,0.31074,0.30799,0.71304,0.66953,0.63398,0.59198,0.67939,pd_on_open
0.054731,0.052038,0.052221,0.056385,0.053667,0.10884,0.10554,0.10773,0.11633,0.11066,0.13612,0.13444,0.13667,0.14902,0.13963,0.40003,0.40184,0.39667,0.41567,0.39884,0.31216,0.29269,0.29081,0.3064,0.30575,0.70328,0.60403,0.6121,0.58221,0.64043,pd_on_open
0.049977,0.050258,0.049467,0.048967,0.052247,0.10277,0.10049,0.10017,0.098976,0.1061,0.1252,0.12528,0.1274,0.12345,0.13322,0.39296,0.39358,0.39436,0.38744,0.40389,0.32781,0.32903,0.31926,0.3274,0.33107,0.73884,0.70514,0.67096,0.70187,0.72157,pd_on_open
0.052736,0.052607,0.05156,0.054906,0.05228,0.11115,0.10909,0.11013,0.11503,0.11477,0.13012,0.13074,0.13278,0.14312,0.13385,0.40865,0.4093,0.40296,0.41695,0.40214,0.30639,0.29075,0.28706,0.30449,0.3053,0.67855,0.63026,0.57926,0.5829,0.61662,pd_on_open
0.056013,0.053648,0.054802,0.058932,0.056511,0.11246,0.10916,0.11062,0.11451,0.11636,0.13049,0.13077,0.13418,0.14081,0.13637,0.40182,0.39937,0.39495,0.41329,0.39527,0.31212,0.29472,0.28913,0.30953,0.30406,0.73939,0.68274,0.68602,0.68995,0.67837,pd_on_open
0.055472,0.054829,0.054115,0.057437,0.055247,0.10837,0.10472,0.10576,0.11082,0.10949,0.13093,0.12893,0.13133,0.14039,0.13329,0.40698,0.4026,0.39924,0.41023,0.40372,0.31473,0.29672,0.29251,0.31567,0.30252,0.73788,0.7033,0.67701,0.70016,0.7315,pd_on_open
0.057795,0.055282,0.057065,0.059682,0.057701,0.11596,0.11191,0.11633,0.12251,0.11608,0.14014,0.13062,0.13396,0.13826,0.1377,0.39942,0.37242,0.38403,0.40028,0.40083,0.30833,0.28167,0.29792,0.3143,0.32128,0.65301,0.62369,0.60185,0.59366,0.64454,pd_on_open
0.056129,0.053646,0.054846,0.058048,0.058584,0.11656,0.11242,0.1161,0.12353,0.11566,0.13418,0.12527,0.12946,0.13573,0.13381,0.40376,0.37402,0.38457,0.40621,0.40114,0.3131,0.28489,0.3013,0.32048,0.32484,0.65211,0.62193,0.61922,0.57672,0.69384,pd_on_open
0.057597,0.053454,0.055821,0.057059,0.058741,0.1135,0.10819,0.11095,0.11819,0.11571,0.13034,0.12079,0.12653,0.13042,0.12962,0.4056,0.37712,0.3828,0.40643,0.40089,0.31964,0.29105,0.30628,0.32641,0.33244,0.70889,0.67386,0.68342,0.64861,0.69749,pd_on_open
0.058938,0.054615,0.055471,0.059881,0.058536,0.11621,0.10896,0.11326,0.1212,0.11483,0.13281,0.12665,0.13033,0.13624,0.13121,0.40382,0.37422,0.38658,0.40577,0.3987,0.31341,0.28775,0.29963,0.31815,0.32827,0.67976,0.64607,0.63666,0.6119,0.67006,pd_on_open
0.058414,0.054045,0.054679,0.058107,0.058323,0.114,0.10759,0.11051,0.11972,0.11351,0.12956,0.12531,0.12749,0.13761,0.12837,0.39943,0.37576,0.38219,0.40806,0.39748,0.32268,0.2927,0.30726,0.32872,0.33268,0.67735,0.70812,0.69659,0.65008,0.71382,pd_on_open
0.055896,0.052559,0.054158,0.058728,0.05784,0.11532,0.10865,0.11349,0.1206,0.11666,0.13376,0.12586,0.13064,0.13564,0.13275,0.39956,0.37516,0.38235,0.404,0.39631,0.31825,0.29005,0.30624,0.32656,0.32765,0.68183,0.64435,0.6308,0.60649,0.679,pd_on_open
0.049125,0.049289,0.049793,0.05024,0.050818,0.10614,0.10406,0.10576,0.10191,0.10856,0.13004,0.12701,0.13178,0.124,0.13636,0.39536,0.39577,0.39822,0.39497,0.40072,0.31971,0.32035,0.30957,0.30841,0.32478,0.66279,0.65981,0.60038,0.61884,0.64311,pd_on_open
0.049126,0.048431,0.048329,0.047157,0.051262,0.1048,0.10139,0.10439,0.10093,0.10921,0.12827,0.12473,0.13052,0.12492,0.13726,0.4003,0.39716,0.39638,0.38969,0.4067,0.32175,0.31934,0.31222,0.31576,0.32376,0.65982,0.6564,0.59833,0.62622,0.59452,pd_on_open
0.055434,0.046859,0.051398,0.05311,0.055819,0.10492,0.084038,0.096155,0.096436,0.10117,0.14097,0.11323,0.13021,0.12748,0.13897,0.42132,0.34484,0.38545,0.38894,0.4075,0.35273,0.29598,0.32353,0.33388,0.34587,0.72706,0.73829,0.72339,0.76289,0.72533,pd_on_open
0.050355,0.050003,0.051352,0.050806,0.053992,0.10447,0.10635,0.10649,0.10235,0.11625,0.13637,0.13197,0.13447,0.13438,0.14774,0.37975,0.38691,0.38697,0.37773,0.41133,0.30872,0.32113,0.31237,0.30636,0.33878,0.60214,0.66303,0.62656,0.65519,0.57477,pd_on_open
0.05506,0.046877,0.051106,0.052964,0.054536,0.11019,0.089246,0.10164,0.10097,0.1085,0.13898,0.11367,0.12953,0.12845,0.13832,0.4133,0.34483,0.38015,0.39867,0.40394,0.35291,0.29662,0.32287,0.33341,0.34087,0.74742,0.71645,0.7304,0.74577,0.7036,pd_on_open
0.058146,0.048188,0.054234,0.052444,0.057737,0.10921,0.088807,0.10111,0.1005,0.10791,0.14128,0.11345,0.12934,0.13046,0.13435,0.41472,0.34422,0.37993,0.38741,0.40231,0.34881,0.29721,0.32149,0.3297,0.34398,0.74514,0.73679,0.73837,0.77184,0.7413,pd_on_open
0.054625,0.046428,0.049777,0.05314,0.051412,0.10461,0.087698,0.097102,0.09667,0.10438,0.1317,0.1084,0.12209,0.12431,0.13251,0.41921,0.34622,0.38634,0.38755,0.41502,0.36217,0.2984,0.33097,0.33136,0.352,0.76451,0.75342,0.75328,0.78301,0.73115,pd_on_open
0.058322,0.048851,0.053716,0.054188,0.057046,0.10889,0.088252,0.099506,0.099956,0.10545,0.13236,0.10982,0.12303,0.12695,0.1335,0.41798,0.34414,0.38457,0.39082,0.40674,0.3558,0.29512,0.3255,0.33446,0.34666,0.77994,0.75429,0.77108,0.77881,0.76663,pd_on_open
0.05772,0.047424,0.053482,0.053549,0.05616,0.10952,0.090102,0.10183,0.099339,0.10905,0.14417,0.12074,0.13427,0.13768,0.14465,0.41395,0.33903,0.37987,0.38567,0.40869,0.34449,0.28867,0.31647,0.32704,0.33939,0.75051,0.74861,0.738,0.77397,0.70323,pd_on_open
0.050364,0.051241,0.049104,0.054084,0.048154,0.09722,0.099146,0.094773,0.10438,0.093752,0.12615,0.12912,0.12788,0.13912,0.12357,0.40471,0.40631,0.39382,0.43255,0.3778,0.33534,0.32636,0.32117,0.35181,0.30593,0.68219,0.65526,0.64084,0.67828,0.67066,pd_on_open
0.048967,0.05064,0.048819,0.052962,0.048825,0.097274,0.10152,0.096021,0.10601,0.094883,0.12473,0.12515,0.12536,0.13815,0.12025,0.4039,0.40852,0.39767,0.43226,0.38522,0.33155,0.32495,0.32088,0.35673,0.30997,0.68236,0.66575,0.67094,0.63825,0.71586,pd_on_open
0.050128,0.050836,0.049056,0.05577,0.047604,0.09898,0.1036,0.09868,0.1078,0.093574,0.12979,0.12956,0.13125,0.14009,0.12534,0.40282,0.40601,0.39698,0.43194,0.38442,0.32611,0.31979,0.31467,0.35165,0.30324,0.67,0.68107,0.65396,0.70641,0.70976,pd_on_open
0.051459,0.050956,0.050387,0.05523,0.050029,0.098719,0.10106,0.098917,0.10736,0.098006,0.12608,0.12847,0.12692,0.13719,0.12124,0.39871,0.40819,0.39527,0.43279,0.38091,0.32893,0.32488,0.31929,0.36041,0.30321,0.69199,0.67284,0.68442,0.69706,0.70518,pd_on_open
0.051976,0.052564,0.051075,0.057181,0.049577,0.10042,0.104,0.099995,0.11214,0.096999,0.13047,0.13374,0.13146,0.14167,0.12537,0.40427,0.40919,0.3977,0.4351,0.38164,0.314,0.31935,0.31018,0.34666,0.29813,0.65872,0.69275,0.63567,0.6769,0.65544,pd_on_open
0.049021,0.050492,0.050728,0.051067,0.054298,0.10021,0.10018,0.10149,0.10079,0.10922,0.13077,0.12716,0.13153,0.12973,0.1417,0.38206,0.38807,0.38979,0.38213,0.4146,0.31647,0.32564,0.32153,0.31649,0.34746,0.66823,0.71856,0.68209,0.66585,0.65675,pd_on_open
0.051745,0.053489,0.050957,0.05701,0.049463,0.10112,0.10493,0.10123,0.11238,0.098391,0.13088,0.13267,0.13163,0.14479,0.12534,0.40315,0.40599,0.39559,0.42739,0.38231,0.31738,0.31929,0.30872,0.35022,0.29854,0.67436,0.70196,0.68418,0.70187,0.71034,pd_on_open
0.052424,0.051942,0.053477,0.059785,0.055213,0.10089,0.099665,0.10128,0.11393,0.10271,0.12444,0.1281,0.13244,0.1451,0.13517,0.3826,0.38165,0.38644,0.44032,0.39939,0.32403,0.3154,0.32045,0.37901,0.32354,0.76116,0.7396,0.70158,0.71994,0.74463,pd_on_open
0.050208,0.052244,0.051784,0.057589,0.05434,0.10476,0.1025,0.10279,0.11131,0.1125,0.12994,0.1299,0.13319,0.1465,0.13935,0.38439,0.37902,0.38485,0.43329,0.40114,0.32094,0.31176,0.31334,0.36607,0.32402,0.73305,0.7246,0.69416,0.72249,0.67733,pd_on_open
0.054221,0.053607,0.054687,0.061788,0.055854,0.10515,0.1039,0.10634,0.11518,0.11038,0.12934,0.1296,0.13354,0.14689,0.13779,0.38158,0.37708,0.37985,0.42941,0.39008,0.32287,0.30962,0.31471,0.36154,0.32853,0.74089,0.71397,0.69504,0.69937,0.73172,pd_on_open
0.053912,0.05512,0.055554,0.060877,0.057694,0.10446,0.10498,0.10655,0.11439,0.11016,0.12873,0.1292,0.13353,0.14759,0.13742,0.38243,0.37913,0.381,0.43141,0.3977,0.31665,0.31427,0.31113,0.35837,0.32311,0.74892,0.74397,0.73138,0.719,0.74479,pd_on_open
0.05308,0.053235,0.054471,0.061329,0.054489,0.10746,0.10587,0.10605,0.11688,0.11143,0.12734,0.13094,0.13455,0.14628,0.13643,0.38911,0.37891,0.38387,0.43156,0.39683,0.31844,0.30676,0.30696,0.35344,0.32462,0.75243,0.74359,0.71972,0.73611,0.73792,pd_on_open
0.055438,0.055882,0.055982,0.060861,0.056538,0.10431,0.1048,0.10552,0.11788,0.10997,0.12857,0.1295,0.13101,0.14625,0.137,0.38035,0.37511,0.38009,0.43165,0.392,0.32297,0.31114,0.31416,0.3633,0.3284,0.74906,0.74907,0.73808,0.74218,0.71369,pd_on_open
0.052457,0.052006,0.051997,0.051245,0.056913,0.10551,0.10238,0.1034,0.099192,0.11487,0.13586,0.13498,0.13873,0.13822,0.1512,0.39121,0.39053,0.39041,0.38949,0.42762,0.297,0.30527,0.30196,0.31637,0.32901,0.67105,0.66613,0.63113,0.62978,0.63633,pd_on_open
0.052452,0.053121,0.052933,0.051007,0.056929,0.10257,0.10294,0.10281,0.102,0.10885,0.13224,0.12973,0.13777,0.13451,0.14579,0.38917,0.39196,0.38756,0.38782,0.4278,0.3031,0.31227,0.30459,0.31814,0.33985,0.66187,0.69021,0.6596,0.68959,0.63953,pd_on_open
0.054389,0.055379,0.053452,0.053385,0.060317,0.11365,0.11095,0.11046,0.10983,0.12217,0.13729,0.13663,0.13708,0.13688,0.15145,0.37811,0.38173,0.37888,0.37905,0.41819,0.29775,0.30578,0.30078,0.31268,0.33318,0.63273,0.65635,0.65408,0.66809,0.59858,pd_on_open
0.051107,0.051234,0.0531,0.051617,0.054482,0.10776,0.10743,0.10586,0.103,0.11869,0.12797,0.12492,0.12543,0.12508,0.14148,0.38282,0.38401,0.38305,0.3782,0.41863,0.31452,0.32622,0.31875,0.31517,0.33951,0.68384,0.72003,0.70482,0.69967,0.64409,pd_on_open
0.052271,0.053289,0.051756,0.052872,0.056503,0.10667,0.1063,0.10552,0.10243,0.11669,0.13506,0.13352,0.13656,0.13204,0.14891,0.39088,0.39003,0.39176,0.38776,0.42577,0.29843,0.30136,0.30298,0.31374,0.32891,0.65995,0.68321,0.65697,0.71344,0.64315,pd_on_open
0.053022,0.053214,0.053532,0.052971,0.05912,0.10581,0.10608,0.10635,0.1011,0.11695,0.13993,0.13547,0.13857,0.13326,0.15315,0.38547,0.38526,0.38464,0.38313,0.41998,0.30102,0.30526,0.29962,0.31608,0.33443,0.65223,0.67509,0.61399,0.67432,0.62017,pd_on_open
0.054355,0.054797,0.053744,0.052699,0.06039,0.11333,0.1128,0.11225,0.1078,0.12413,0.13821,0.13568,0.13928,0.13737,0.15114,0.38,0.37889,0.38072,0.37616,0.41713,0.29792,0.30169,0.29715,0.31084,0.33534,0.6046,0.59749,0.57697,0.57844,0.5525,pd_on_open
0.049877,0.048813,0.049419,0.051155,0.049192,0.10508,0.10278,0.1044,0.10787,0.10993,0.12728,0.12583,0.12878,0.13547,0.13252,0.39025,0.3861,0.38932,0.4144,0.39276,0.3215,0.32013,0.32315,0.35088,0.33425,0.65353,0.67018,0.64842,0.64525,0.60295,pd_on_open
0.049096,0.050159,0.048954,0.051259,0.052427,0.10807,0.10499,0.10721,0.10692,0.11358,0.12852,0.12697,0.13262,0.13584,0.13447,0.39159,0.38303,0.39114,0.41028,0.39565,0.31711,0.31354,0.31706,0.34995,0.32754,0.60645,0.6589,0.59204,0.6764,0.56664,pd_on_open
0.051147,0.050272,0.05164,0.05335,0.05316,0.11081,0.10707,0.10973,0.11217,0.11501,0.13133,0.12861,0.13319,0.13606,0.13489,0.39184,0.38221,0.39101,0.41095,0.40004,0.31151,0.3055,0.31068,0.34126,0.32506,0.60944,0.62015,0.60721,0.63815,0.57412,pd_on_open
0.051448,0.050456,0.050559,0.05415,0.052404,0.11209,0.10985,0.11076,0.11758,0.11533,0.12738,0.12501,0.12885,0.13369,0.13447,0.39029,0.38449,0.39374,0.41728,0.39905,0.31005,0.30615,0.31494,0.3432,0.32383,0.59896,0.63377,0.62456,0.66331,0.56045,pd_on_open
0.050913,0.048592,0.050014,0.053706,0.051686,0.10968,0.10789,0.10761,0.1172,0.11294,0.12714,0.12545,0.12815,0.13501,0.1301,0.39219,0.38229,0.39205,0.41401,0.39973,0.31499,0.31215,0.31725,0.34838,0.32931,0.68552,0.67803,0.66454,0.76974,0.6739,pd_on_open
0.050357,0.049074,0.050466,0.054163,0.051523,0.10844,0.10771,0.10928,0.11444,0.11275,0.13224,0.1278,0.13258,0.13632,0.13558,0.39055,0.38195,0.39103,0.41225,0.40043,0.31214,0.30634,0.31469,0.34581,0.32729,0.59477,0.62924,0.61063,0.65187,0.54492,pd_on_open
0.054953,0.052788,0.054919,0.054458,0.05803,0.10586,0.1019,0.10681,0.10319,0.11273,0.1281,0.1256,0.12967,0.12525,0.13982,0.38119,0.38356,0.39209,0.37729,0.41651,0.31309,0.31088,0.31616,0.3149,0.34913,0.78287,0.79364,0.76642,0.80661,0.76081,pd_on_open
0.05144,0.048454,0.050892,0.052714,0.055352,0.1068,0.10668,0.10887,0.10716,0.11767,0.13269,0.1289,0.13304,0.13345,0.14463,0.37925,0.38712,0.38497,0.37729,0.41575,0.31102,0.31767,0.31479,0.31571,0.33496,0.61199,0.61965,0.5908,0.60691,0.57088,pd_on_open
0.056052,0.054885,0.055722,0.055391,0.059406,0.10892,0.10453,0.10791,0.10258,0.11683,0.13094,0.12762,0.13358,0.12771,0.1415,0.37511,0.38416,0.38999,0.37929,0.40853,0.31034,0.30801,0.31234,0.30661,0.3486,0.76759,0.76558,0.73825,0.80133,0.75759,pd_on_open
0.054593,0.052654,0.054943,0.052835,0.058559,0.11088,0.10627,0.11134,0.10413,0.11863,0.13293,0.13479,0.14158,0.13071,0.14707,0.37928,0.38038,0.39324,0.36836,0.41251,0.30388,0.29958,0.30489,0.29965,0.34019,0.73724,0.6888,0.65684,0.73853,0.68475,pd_on_open
0.055899,0.052959,0.055101,0.054022,0.059401,0.10445,0.10474,0.10817,0.10178,0.11445,0.13426,0.13213,0.13844,0.12467,0.14796,0.37987,0.38395,0.39501,0.37875,0.41954,0.30302,0.30096,0.30696,0.30628,0.34171,0.68293,0.71122,0.68381,0.76958,0.64466,pd_on_open
0.055341,0.053216,0.055076,0.053252,0.058495,0.10839,0.10448,0.10694,0.1015,0.11698,0.13045,0.12811,0.13403,0.12364,0.14279,0.38109,0.38069,0.38919,0.37842,0.41598,0.31051,0.30521,0.3112,0.30722,0.35175,0.75604,0.74559,0.7311,0.77609,0.72814,pd_on_open
0.055901,0.053994,0.05489,0.053756,0.059144,0.1072,0.10499,0.10856,0.10246,0.11614,0.13459,0.13587,0.1406,0.13137,0.14994,0.37588,0.38068,0.39007,0.37488,0.41101,0.30612,0.30227,0.30636,0.30419,0.34387,0.73337,0.67632,0.66573,0.76663,0.64957,pd_on_open
0.055275,0.053066,0.052007,0.057493,0.054003,0.10937,0.10437,0.10317,0.10865,0.10866,0.13542,0.13111,0.13309,0.13914,0.13767,0.40976,0.40311,0.38934,0.41675,0.39858,0.30362,0.30214,0.29601,0.34117,0.30781,0.70064,0.67452,0.68507,0.75317,0.66498,pd_on_open
0.052358,0.050613,0.051655,0.052031,0.054097,0.10787,0.10826,0.10664,0.10816,0.11209,0.13948,0.13713,0.13639,0.13712,0.14598,0.4102,0.4019,0.39027,0.40684,0.39502,0.30126,0.30107,0.292,0.33947,0.29821,0.65592,0.60113,0.61869,0.6921,0.58071,pd_on_open
0.054424,0.052989,0.052258,0.056414,0.054114,0.10901,0.10662,0.10391,0.10811,0.10835,0.13736,0.13407,0.13457,0.14083,0.14117,0.40793,0.40291,0.38903,0.40908,0.39329,0.30406,0.30288,0.2944,0.33942,0.30577,0.65691,0.62335,0.60743,0.69908,0.55919,pd_on_open
0.055307,0.053193,0.052214,0.057186,0.053057,0.10944,0.10599,0.1052,0.10901,0.10854,0.13661,0.13267,0.13317,0.13724,0.14067,0.40624,0.40509,0.38611,0.40916,0.39535,0.30562,0.3046,0.29576,0.3428,0.30388,0.70586,0.67725,0.63936,0.74576,0.61375,pd_on_open
0.054987,0.053037,0.051949,0.056817,0.053864,0.10846,0.10584,0.10391,0.11426,0.10442,0.13571,0.13484,0.13471,0.1402,0.13866,0.40807,0.40356,0.38999,0.41658,0.40123,0.30479,0.30225,0.2927,0.3434,0.30053,0.67785,0.64253,0.6513,0.71097,0.60506,pd_on_open
0.05116,0.050782,0.050708,0.049851,0.056083,0.1031,0.10288,0.1042,0.10256,0.11359,0.13007,0.12909,0.13292,0.13291,0.14027,0.37977,0.38296,0.38661,0.38026,0.4118,0.31526,0.32362,0.32261,0.32045,0.34124,0.57495,0.61068,0.55697,0.5476,0.55576,pd_on_open
0.054336,0.053337,0.05401,0.056155,0.053823,0.10938,0.10757,0.10688,0.10938,0.1091,0.14038,0.13517,0.13665,0.13745,0.14532,0.40859,0.40544,0.38852,0.40746,0.39828,0.30027,0.29715,0.28991,0.33811,0.29583,0.65974,0.64921,0.64289,0.7251,0.55365,pd_on_open
0.050873,0.052066,0.052355,0.05294,0.052441,0.098304,0.097821,0.10138,0.10005,0.10459,0.13254,0.13358,0.1371,0.13388,0.1399,0.39089,0.39603,0.40189,0.40099,0.40177,0.31213,0.31341,0.31581,0.31856,0.32076,0.64847,0.62188,0.61377,0.65432,0.63423,pd_on_open
0.048778,0.050232,0.050922,0.049844,0.052673,0.10191,0.099473,0.10219,0.099544,0.10719,0.13866,0.13654,0.14151,0.13721,0.14277,0.39453,0.3959,0.4028,0.3985,0.39487,0.30395,0.30738,0.31275,0.31913,0.3191,0.53937,0.55031,0.51984,0.57209,0.51668,pd_on_open
0.050143,0.048359,0.049375,0.04614,0.051539,0.096098,0.095641,0.09779,0.095938,0.10085,0.13822,0.13516,0.14092,0.13468,0.14003,0.39524,0.39766,0.40839,0.4029,0.39732,0.31139,0.31154,0.31545,0.32112,0.32082,0.54521,0.5361,0.50149,0.55667,0.54617,pd_on_open
0.051664,0.051218,0.051601,0.052031,0.052871,0.10172,0.098757,0.10034,0.099894,0.10697,0.13158,0.13216,0.13606,0.13415,0.13861,0.39184,0.3963,0.40274,0.40647,0.39716,0.30929,0.31283,0.3165,0.32221,0.32274,0.63963,0.64222,0.57552,0.64745,0.61359,pd_on_open
0.052034,0.050566,0.051364,0.050325,0.05466,0.10159,0.10008,0.10482,0.10281,0.10536,0.1375,0.13513,0.1434,0.1375,0.14224,0.39174,0.39286,0.40297,0.40089,0.4019,0.30562,0.3069,0.31091,0.31675,0.3093,0.54624,0.5721,0.49848,0.57146,0.56027,pd_on_open
0.048718,0.049034,0.0508,0.05093,0.050769,0.10145,0.10126,0.1036,0.10362,0.10732,0.13753,0.13486,0.14156,0.13644,0.14309,0.39009,0.39268,0.39839,0.40006,0.3962,0.30871,0.31041,0.31607,0.32191,0.31941,0.52458,0.54962,0.51229,0.5934,0.49409,pd_on_open
0.055451,0.051411,0.05317,0.051287,0.057505,0.11697,0.10892,0.11175,0.10522,0.12101,0.13219,0.12245,0.1265,0.11678,0.138,0.39184,0.3703,0.37678,0.35752,0.40896,0.33044,0.30243,0.31655,0.28902,0.34794,0.71387,0.7377,0.73048,0.75776,0.70938,pd_on_open
0.055063,0.051891,0.053437,0.052604,0.056669,0.11442,0.10827,0.11008,0.10474,0.11731,0.13346,0.12226,0.12858,0.11859,0.13879,0.38947,0.36833,0.37748,0.35407,0.4084,0.32953,0.30842,0.31671,0.29612,0.35074,0.72623,0.73841,0.73387,0.73003,0.72079,pd_on_open
0.055421,0.052593,0.053948,0.051699,0.05598,0.11474,0.1086,0.11145,0.10521,0.11898,0.12766,0.1192,0.12416,0.11619,0.13262,0.39522,0.37146,0.38062,0.35879,0.414,0.32933,0.307,0.31648,0.29502,0.34901,0.7193,0.74446,0.73005,0.7924,0.66318,pd_on_open
0.05201,0.051676,0.052648,0.055159,0.05606,0.11158,0.10763,0.11164,0.11573,0.11606,0.1245,0.12294,0.12569,0.12761,0.13423,0.37303,0.37651,0.382,0.4005,0.40684,0.31568,0.31749,0.32065,0.34557,0.35727,0.6358,0.70683,0.65731,0.73124,0.71418,pd_on_open
0.055953,0.052806,0.053954,0.050916,0.058478,0.11799,0.11179,0.1136,0.11173,0.12207,0.12881,0.11958,0.12416,0.11372,0.1344,0.39059,0.3701,0.3787,0.36051,0.40707,0.32908,0.30555,0.31777,0.28949,0.34459,0.63645,0.64487,0.68016,0.62085,0.6496,pd_on_open
0.053612,0.05131,0.052513,0.051236,0.055815,0.11555,0.10989,0.11108,0.10606,0.12,0.13069,0.12162,0.12565,0.1143,0.137,0.39053,0.36609,0.37941,0.35448,0.4027,0.33298,0.30914,0.32099,0.2966,0.35075,0.6993,0.70777,0.72778,0.69642,0.70286,pd_on_open
0.055509,0.052019,0.054208,0.050425,0.056994,0.11562,0.10839,0.11104,0.10335,0.11965,0.1291,0.12265,0.12521,0.11604,0.13656,0.39615,0.36989,0.3807,0.35825,0.41015,0.32647,0.30726,0.31554,0.29431,0.34623,0.68215,0.69494,0.71179,0.72552,0.6577,pd_on_open
0.051627,0.050126,0.053542,0.055149,0.055317,0.10036,0.097101,0.10039,0.10034,0.10793,0.12726,0.12518,0.12879,0.12917,0.1375,0.3919,0.38518,0.4031,0.40587,0.42576,0.31069,0.30317,0.32104,0.32001,0.34457,0.70343,0.66827,0.68471,0.68758,0.66244,pd_on_open
0.051953,0.051686,0.052899,0.052642,0.056799,0.098031,0.097202,0.099578,0.10133,0.10512,0.13127,0.12895,0.13148,0.13178,0.14443,0.38981,0.3829,0.4036,0.40074,0.4232,0.31214,0.30025,0.31887,0.31848,0.34176,0.68272,0.65293,0.65903,0.64504,0.66013,pd_on_open
0.051589,0.051463,0.053922,0.054499,0.0541,0.098052,0.09817,0.099485,0.10311,0.1043,0.13179,0.1253,0.13236,0.12918,0.13983,0.39243,0.38145,0.4017,0.39651,0.42546,0.3134,0.30125,0.31823,0.31885,0.34743,0.74897,0.71854,0.7271,0.74187,0.69925,pd_on_open
0.053458,0.050732,0.052835,0.052175,0.056263,0.097765,0.09578,0.099335,0.09948,0.10433,0.13192,0.12832,0.13236,0.12738,0.14489,0.39131,0.38278,0.40387,0.40392,0.42126,0.31111,0.29974,0.31913,0.31821,0.34493,0.67901,0.65898,0.67051,0.69909,0.62593,pd_on_open
0.054083,0.049162,0.052505,0.051503,0.056093,0.10004,0.094158,0.10002,0.097272,0.10688,0.13018,0.12788,0.13427,0.12935,0.14166,0.38956,0.38322,0.40015,0.4003,0.42321,0.31126,0.30112,0.32182,0.32078,0.34572,0.71431,0.6625,0.67595,0.68026,0.65862,pd_on_open
0.052891,0.052102,0.053966,0.056833,0.055445,0.096996,0.094152,0.097907,0.095454,0.10587,0.13089,0.12951,0.13091,0.13033,0.14505,0.39274,0.38843,0.40411,0.4002,0.43077,0.30984,0.30089,0.3124,0.3147,0.34396,0.71144,0.65856,0.70574,0.73462,0.5984,pd_on_open
0.053045,0.052758,0.05613,0.053315,0.05601,0.10989,0.10959,0.11878,0.11303,0.11519,0.12942,0.12975,0.13903,0.13186,0.1341,0.38128,0.38498,0.40664,0.37502,0.40535,0.29535,0.30131,0.32042,0.29304,0.31512,0.65651,0.66192,0.6247,0.61792,0.67368,pd_on_open
0.05291,0.052506,0.053378,0.054515,0.056091,0.11264,0.10939,0.1128,0.11225,0.11912,0.12228,0.12439,0.12634,0.12806,0.13403,0.37158,0.37645,0.38239,0.40072,0.40777,0.31387,0.31495,0.32203,0.34373,0.35214,0.66264,0.6875,0.68248,0.7534,0.65883,pd_on_open
0.055504,0.053961,0.057585,0.053357,0.058014,0.11298,0.10972,0.1178,0.11076,0.11694,0.13115,0.12929,0.13786,0.13093,0.13556,0.37034,0.37579,0.39595,0.36006,0.39106,0.30397,0.31585,0.32608,0.29752,0.32232,0.56872,0.66363,0.58713,0.55848,0.63798,pd_on_open
0.054088,0.053655,0.056302,0.051701,0.057631,0.11657,0.11006,0.11912,0.11153,0.11898,0.13096,0.13148,0.13936,0.12841,0.13767,0.37062,0.37431,0.39614,0.36405,0.39652,0.30275,0.30798,0.3232,0.28979,0.32612,0.5231,0.6239,0.57294,0.56313,0.55815,pd_on_open
0.054588,0.054262,0.057705,0.055218,0.057651,0.12056,0.11557,0.12332,0.117,0.12432,0.12974,0.13042,0.13848,0.12959,0.1377,0.36848,0.37683,0.39763,0.36569,0.39755,0.29494,0.30531,0.318,0.28717,0.31934,0.44933,0.53116,0.50584,0.50064,0.46026,pd_on_open
0.055322,0.053272,0.056809,0.053288,0.057422,0.12075,0.11613,0.1249,0.11716,0.12649,0.13135,0.13231,0.13918,0.13054,0.13926,0.36813,0.37421,0.39495,0.3636,0.39633,0.29219,0.30545,0.31793,0.28809,0.32279,0.48823,0.55632,0.52811,0.52729,0.50084,pd_on_open
0.054331,0.053061,0.056319,0.054001,0.055861,0.11423,0.11119,0.11889,0.11133,0.12047,0.13033,0.12825,0.13715,0.12651,0.13631,0.37247,0.37918,0.40033,0.36533,0.40215,0.30022,0.30688,0.32167,0.28916,0.32599,0.54156,0.59942,0.55958,0.61234,0.53473,pd_on_open
0.053272,0.054142,0.055617,0.056986,0.058821,0.10086,0.098214,0.10256,0.10404,0.10753,0.12037,0.11859,0.12083,0.12025,0.13571,0.38729,0.3881,0.39419,0.40139,0.41942,0.31266,0.31986,0.32924,0.34098,0.34021,0.79474,0.77729,0.78792,0.77869,0.75888,pd_on_open
0.053608,0.05279,0.055078,0.056201,0.05785,0.099995,0.099975,0.10285,0.1066,0.11097,0.12426,0.11928,0.12373,0.12698,0.13827,0.39156,0.38365,0.39777,0.40019,0.42795,0.31452,0.30949,0.32085,0.32281,0.337,0.76413,0.75786,0.75801,0.75892,0.61808,pd_on_open
0.054892,0.054157,0.056002,0.055932,0.059549,0.10303,0.0979,0.10256,0.10293,0.11267,0.12397,0.12235,0.12682,0.12801,0.13563,0.38337,0.38282,0.39969,0.40381,0.4165,0.31762,0.30604,0.3214,0.32773,0.33888,0.78746,0.78261,0.78391,0.79076,0.72247,pd_on_open
0.054744,0.054227,0.055099,0.056573,0.059066,0.10266,0.10092,0.10408,0.1062,0.11506,0.12532,0.1243,0.1271,0.13163,0.14582,0.38508,0.3805,0.39593,0.39981,0.4306,0.30826,0.30603,0.31842,0.32259,0.33233,0.76365,0.76667,0.76829,0.77803,0.63825,pd_on_open
0.054462,0.053452,0.054332,0.055769,0.058902,0.10136,0.099132,0.10287,0.1047,0.11522,0.12114,0.12144,0.12609,0.12564,0.1393,0.38438,0.38486,0.39863,0.40102,0.43079,0.31463,0.30853,0.32033,0.32598,0.33536,0.78194,0.77762,0.78302,0.79182,0.75166,pd_on_open
0.052065,0.052052,0.052798,0.055133,0.056274,0.1114,0.11019,0.11233,0.11147,0.12034,0.12069,0.12064,0.12299,0.12524,0.13002,0.37347,0.37665,0.3819,0.404,0.41435,0.3155,0.31628,0.32284,0.34212,0.35893,0.59816,0.63201,0.62743,0.75313,0.60159,pd_on_open
0.053391,0.053392,0.055276,0.057558,0.055694,0.10061,0.098215,0.10245,0.10376,0.10969,0.12326,0.12334,0.12401,0.12904,0.14183,0.38654,0.38052,0.39349,0.39684,0.43125,0.31525,0.31222,0.32406,0.32967,0.33901,0.75251,0.75382,0.76367,0.7713,0.65324,pd_on_open
0.053899,0.052741,0.053182,0.054961,0.055159,0.10406,0.10365,0.10506,0.10964,0.1091,0.12636,0.12455,0.12737,0.13081,0.13619,0.39171,0.38228,0.3973,0.4056,0.40632,0.31902,0.30003,0.31504,0.34149,0.34027,0.75522,0.70969,0.69667,0.70963,0.65859,pd_on_open
0.052755,0.051519,0.053669,0.055268,0.056053,0.10841,0.10719,0.11077,0.11394,0.11206,0.1358,0.13594,0.14076,0.14168,0.14298,0.39249,0.38246,0.39839,0.40573,0.40506,0.30493,0.28978,0.29895,0.32824,0.31776,0.58063,0.55285,0.52871,0.58717,0.50312,pd_on_open
0.051714,0.051744,0.053721,0.053769,0.054172,0.10452,0.1035,0.1064,0.10915,0.11175,0.13774,0.13476,0.14039,0.1365,0.14862,0.38938,0.38163,0.3944,0.40511,0.40147,0.31191,0.29633,0.30374,0.33255,0.32496,0.56893,0.56272,0.52936,0.60855,0.47381,pd_on_open
0.050955,0.049759,0.05143,0.050294,0.054177,0.10279,0.10094,0.10474,0.10628,0.10903,0.13408,0.13127,0.13719,0.13773,0.14737,0.39727,0.38939,0.40297,0.405,0.41239,0.31015,0.29384,0.30275,0.32894,0.32468,0.60937,0.59072,0.54275,0.60165,0.49095,pd_on_open
0.053143,0.052882,0.053525,0.055019,0.056285,0.10586,0.10884,0.10961,0.11424,0.11335,0.13464,0.13648,0.14151,0.13575,0.14684,0.39457,0.3876,0.39645,0.40158,0.40707,0.30683,0.28842,0.29796,0.31824,0.31322,0.62445,0.55945,0.53906,0.60819,0.53338,pd_on_open
0.054482,0.053106,0.054183,0.056165,0.057437,0.11057,0.10801,0.11236,0.11438,0.11418,0.13552,0.13524,0.13882,0.13662,0.14494,0.3926,0.38472,0.39393,0.39868,0.40297,0.30812,0.28875,0.29964,0.31039,0.31581,0.59249,0.55786,0.51498,0.58283,0.48964,pd_on_open
0.049263,0.047987,0.048684,0.052347,0.052044,0.097889,0.094245,0.095669,0.10518,0.10171,0.12772,0.12525,0.12851,0.13985,0.13451,0.41722,0.39874,0.40998,0.44027,0.42516,0.31,0.30149,0.3052,0.34716,0.31558,0.62589,0.62236,0.60676,0.6405,0.64252,pd_on_open
0.050649,0.050597,0.050772,0.055293,0.053392,0.097317,0.09492,0.09706,0.10475,0.10123,0.12838,0.12433,0.12865,0.13864,0.13521,0.41257,0.39669,0.41388,0.43554,0.42919,0.30774,0.297,0.3061,0.33778,0.31559,0.57911,0.62179,0.59644,0.62857,0.58719,pd_on_open
0.05143,0.051164,0.052807,0.05736,0.05343,0.097234,0.095538,0.096325,0.10738,0.099424,0.13026,0.12763,0.13053,0.14181,0.13538,0.41326,0.39436,0.40988,0.43413,0.42423,0.30889,0.29645,0.30159,0.33465,0.32024,0.64908,0.65011,0.6315,0.66902,0.64598,pd_on_open
0.055181,0.05286,0.061167,0.059362,0.054666,0.10115,0.095678,0.1103,0.11002,0.097578,0.12189,0.116,0.13568,0.13531,0.1178,0.38774,0.36659,0.43119,0.43174,0.3744,0.31569,0.29455,0.34764,0.35061,0.30307,0.75125,0.76209,0.7771,0.77205,0.75244,hc_open
0.052892,0.052965,0.054057,0.052319,0.052227,0.10997,0.10719,0.1114,0.10663,0.10785,0.13218,0.12661,0.13301,0.12399,0.12958,0.40405,0.40148,0.4139,0.38596,0.4072,0.29929,0.30327,0.29737,0.2905,0.31665,0.61952,0.66596,0.59149,0.62558,0.67346,hc_open
0.049196,0.048511,0.05224,0.055782,0.055072,0.094648,0.095089,0.10184,0.11245,0.10473,0.12243,0.12278,0.13221,0.14473,0.136,0.38559,0.38833,0.41572,0.4537,0.43431,0.29687,0.29672,0.32175,0.35698,0.33789,0.69002,0.68056,0.69047,0.70685,0.68372,hc_open
0.048845,0.047226,0.051538,0.055102,0.054941,0.092954,0.093416,0.099576,0.1074,0.10508,0.11843,0.1187,0.12812,0.13593,0.13356,0.39065,0.38785,0.41514,0.44417,0.44208,0.30326,0.30359,0.32345,0.35908,0.34305,0.65908,0.63246,0.6282,0.6465,0.66298,hc_open
0.051144,0.05034,0.05319,0.057976,0.057466,0.096286,0.09506,0.10243,0.10885,0.1083,0.11806,0.12069,0.13078,0.14495,0.13165,0.37939,0.38276,0.4153,0.45091,0.4286,0.3003,0.301,0.32535,0.36058,0.34489,0.71201,0.68969,0.68627,0.6754,0.72339,hc_open
0.053315,0.053322,0.052577,0.053487,0.058767,0.099754,0.10229,0.1007,0.10238,0.113,0.11746,0.12463,0.12389,0.13212,0.1363,0.38385,0.40291,0.3977,0.42612,0.41605,0.31054,0.32219,0.31219,0.3329,0.33603,0.78614,0.75982,0.75191,0.69811,0.77583,hc_open
0.05454,0.056166,0.054477,0.056421,0.057497,0.099613,0.10227,0.10119,0.10452,0.11211,0.12156,0.12637,0.12628,0.13473,0.1361,0.37819,0.39657,0.39138,0.41959,0.40372,0.31182,0.32611,0.31843,0.34528,0.33241,0.79473,0.76413,0.77052,0.7342,0.74888,hc_open
0.050316,0.054137,0.053064,0.056439,0.055521,0.096777,0.10325,0.10293,0.10749,0.11169,0.11502,0.1229,0.12189,0.12936,0.13028,0.38662,0.40599,0.40046,0.42619,0.42105,0.30783,0.32262,0.31633,0.34486,0.33106,0.75275,0.7562,0.75176,0.74289,0.76903,hc_open
0.051293,0.054196,0.052207,0.054686,0.057063,0.098,0.1017,0.099974,0.10507,0.10994,0.11708,0.12415,0.12389,0.131,0.1333,0.39099,0.40886,0.40712,0.4382,0.42085,0.30598,0.31842,0.30765,0.33205,0.32666,0.77115,0.73122,0.74054,0.717,0.75791,hc_open
0.050726,0.053256,0.052076,0.053486,0.056434,0.09936,0.10206,0.10213,0.10611,0.11156,0.12149,0.12899,0.12969,0.14133,0.13176,0.39035,0.40855,0.40306,0.42486,0.42395,0.3002,0.31351,0.30745,0.33527,0.32121,0.7435,0.72064,0.70064,0.67045,0.71444,hc_open
0.053307,0.055003,0.054474,0.057655,0.056502,0.097996,0.10326,0.10322,0.10836,0.11154,0.11973,0.12658,0.12568,0.13553,0.13406,0.38481,0.405,0.40107,0.43099,0.41754,0.30358,0.31561,0.31043,0.33426,0.32827,0.76097,0.75405,0.74697,0.72617,0.73318,hc_open
0.052041,0.052884,0.053687,0.053795,0.052896,0.10207,0.10319,0.10442,0.10374,0.10608,0.12149,0.126,0.12788,0.12657,0.1303,0.39135,0.39156,0.4028,0.39264,0.4028,0.31566,0.3199,0.32431,0.32227,0.32509,0.75518,0.73284,0.73608,0.72771,0.74978,hc_open
0.05175,0.05233,0.053196,0.048089,0.051776,0.1125,0.10897,0.11088,0.10951,0.11012,0.13301,0.12764,0.13496,0.12533,0.13088,0.40622,0.40137,0.41211,0.38338,0.40574,0.29596,0.30172,0.30055,0.28634,0.31153,0.63051,0.67233,0.63083,0.64552,0.6596,hc_open
0.051477,0.053658,0.052801,0.055196,0.052113,0.099501,0.10187,0.10258,0.09931,0.10653,0.1208,0.1237,0.12859,0.12307,0.12909,0.39392,0.39835,0.40486,0.39216,0.40793,0.31218,0.31691,0.32601,0.32901,0.32566,0.76015,0.73773,0.74685,0.75045,0.73992,hc_open
0.051838,0.054426,0.054724,0.05372,0.054783,0.10305,0.10341,0.10432,0.097995,0.10892,0.12608,0.12578,0.13006,0.12629,0.13116,0.38305,0.39018,0.40232,0.39269,0.40093,0.31394,0.31928,0.32628,0.32125,0.32491,0.75905,0.7583,0.75249,0.77798,0.75227,hc_open
0.051658,0.05355,0.054044,0.05447,0.055553,0.10186,0.1026,0.10415,0.10206,0.10531,0.12339,0.12823,0.12999,0.12783,0.13194,0.38736,0.39706,0.40424,0.39705,0.3938,0.3108,0.31452,0.325,0.32636,0.32947,0.77149,0.72982,0.75624,0.73532,0.77394,hc_open
0.050737,0.051327,0.052008,0.051047,0.053572,0.10034,0.10223,0.10444,0.09879,0.10823,0.12486,0.12849,0.13189,0.12715,0.13137,0.38872,0.39964,0.40449,0.39374,0.40114,0.31369,0.31488,0.32523,0.31624,0.32218,0.72728,0.70552,0.71123,0.74193,0.73759,hc_open
0.055227,0.057334,0.056858,0.055765,0.058215,0.10131,0.10344,0.10518,0.10435,0.10761,0.12251,0.12366,0.1265,0.12536,0.12816,0.37817,0.38848,0.39832,0.39188,0.39523,0.31517,0.31917,0.33395,0.3232,0.33388,0.7745,0.75757,0.76616,0.73979,0.78609,hc_open
0.054122,0.051653,0.054327,0.053208,0.054697,0.10561,0.096355,0.10223,0.099857,0.10407,0.12617,0.11875,0.12643,0.12755,0.12589,0.40146,0.36759,0.39235,0.38381,0.39977,0.34417,0.31182,0.32521,0.32248,0.33843,0.80234,0.74476,0.76645,0.7136,0.80869,hc_open
0.055661,0.054027,0.054539,0.057782,0.053013,0.1046,0.098598,0.10219,0.10116,0.10287,0.12572,0.11917,0.12528,0.12525,0.12597,0.39796,0.37184,0.39144,0.38439,0.39851,0.34183,0.31315,0.32511,0.33122,0.33643,0.79058,0.76454,0.75613,0.77019,0.78772,hc_open
0.054395,0.05253,0.053434,0.053842,0.054929,0.10376,0.097833,0.09978,0.10073,0.10162,0.12687,0.12483,0.12985,0.13062,0.12876,0.40151,0.37582,0.39098,0.38567,0.39953,0.33465,0.32067,0.3204,0.33078,0.32601,0.83058,0.74544,0.75275,0.75641,0.79505,hc_open
0.055518,0.052527,0.053583,0.05533,0.053989,0.10079,0.097039,0.10065,0.10003,0.10073,0.13442,0.12562,0.1365,0.13386,0.13328,0.40049,0.374,0.39114,0.38934,0.40331,0.3324,0.30576,0.31842,0.32376,0.32778,0.78821,0.71976,0.6821,0.70385,0.74815,hc_open
0.053918,0.051359,0.052567,0.052924,0.052122,0.10101,0.096908,0.099188,0.098076,0.10102,0.13275,0.12515,0.13313,0.13182,0.13371,0.40173,0.37728,0.3935,0.38805,0.40356,0.33759,0.30595,0.31787,0.31934,0.33234,0.74734,0.71773,0.66055,0.67655,0.71747,hc_open
0.051846,0.052366,0.053138,0.051693,0.052008,0.10848,0.1084,0.11099,0.10897,0.1056,0.13447,0.13487,0.13873,0.13093,0.13745,0.40982,0.4019,0.4144,0.38827,0.41306,0.29097,0.29809,0.29378,0.28395,0.30053,0.618,0.65065,0.59949,0.64495,0.62507,hc_open
0.055605,0.051214,0.052769,0.0518,0.054011,0.10196,0.09506,0.10009,0.096288,0.10118,0.12944,0.11935,0.1268,0.12185,0.13089,0.4054,0.37252,0.39363,0.38636,0.40507,0.34194,0.30658,0.32336,0.3224,0.33896,0.74061,0.74393,0.71993,0.76142,0.69832,hc_open
0.049646,0.049844,0.049624,0.050034,0.051234,0.094551,0.091751,0.094882,0.095419,0.099318,0.1284,0.12374,0.12989,0.12927,0.1342,0.40755,0.39717,0.41022,0.42295,0.40477,0.32605,0.31452,0.31381,0.33557,0.32102,0.67644,0.68012,0.6046,0.60314,0.68016,hc_open
0.049738,0.048484,0.048098,0.050077,0.050263,0.097594,0.094808,0.095995,0.1012,0.097342,0.12728,0.12348,0.12945,0.13347,0.13501,0.40718,0.39868,0.41436,0.42539,0.40624,0.32212,0.31106,0.31145,0.33306,0.32087,0.66102,0.64926,0.59508,0.61412,0.6118,hc_open
0.050291,0.049222,0.049637,0.052024,0.051366,0.094659,0.09367,0.094161,0.097166,0.097711,0.12999,0.12648,0.13386,0.13592,0.13549,0.40519,0.40004,0.41384,0.41846,0.41626,0.31602,0.30959,0.30978,0.33381,0.31824,0.59658,0.59157,0.5207,0.5573,0.5527,hc_open
0.049505,0.049192,0.049235,0.050258,0.051512,0.09528,0.093143,0.095657,0.097483,0.098583,0.13523,0.131,0.13806,0.13808,0.14058,0.40862,0.40098,0.419,0.42519,0.41479,0.30882,0.30082,0.30312,0.32066,0.31213,0.51707,0.59754,0.46292,0.53701,0.49906,hc_open
0.050513,0.049838,0.049683,0.051446,0.054289,0.096051,0.09419,0.095834,0.09529,0.10271,0.12549,0.12195,0.12828,0.12891,0.13364,0.4085,0.40208,0.41374,0.41946,0.41383,0.31889,0.31115,0.31011,0.32927,0.32012,0.67653,0.67217,0.61265,0.64898,0.65281,hc_open
0.050754,0.049969,0.050211,0.052317,0.053879,0.093726,0.093321,0.09428,0.096225,0.099873,0.12408,0.12138,0.12873,0.1304,0.13098,0.41161,0.40192,0.41735,0.42489,0.41203,0.3201,0.30836,0.31128,0.32885,0.32141,0.62871,0.61611,0.54497,0.56655,0.6361,hc_open
0.052736,0.052806,0.053417,0.055491,0.05744,0.10081,0.10445,0.10614,0.11066,0.11216,0.12432,0.12716,0.13264,0.13728,0.13744,0.37515,0.38444,0.38527,0.40064,0.41176,0.31333,0.31854,0.31853,0.34456,0.34718,0.72164,0.69644,0.68183,0.69232,0.70716,hc_open
0.054364,0.054233,0.05434,0.055635,0.058649,0.10754,0.10894,0.11074,0.11145,0.11778,0.12299,0.12353,0.1285,0.13387,0.1328,0.37394,0.38042,0.3851,0.40107,0.4098,0.3152,0.32063,0.31632,0.3385,0.33764,0.72331,0.72387,0.703,0.69971,0.71192,hc_open
0.052539,0.054684,0.054504,0.054261,0.057024,0.096462,0.10037,0.10201,0.10439,0.10465,0.11825,0.11792,0.12227,0.12833,0.12665,0.37972,0.39524,0.39147,0.4102,0.41698,0.32198,0.33157,0.32331,0.34278,0.34647,0.76526,0.74988,0.74975,0.73852,0.7711,hc_open
0.054256,0.050926,0.053509,0.054722,0.056018,0.10309,0.098472,0.10237,0.10677,0.10548,0.12488,0.12116,0.12761,0.13655,0.13385,0.39708,0.38263,0.40105,0.42109,0.40262,0.32038,0.30799,0.31912,0.34801,0.32351,0.73049,0.71066,0.69697,0.68534,0.68898,hc_open
0.050991,0.05405,0.053039,0.055274,0.057402,0.098579,0.10245,0.10276,0.10545,0.10563,0.12108,0.12364,0.12399,0.12697,0.13514,0.37561,0.38598,0.38654,0.40791,0.40502,0.32358,0.33313,0.32534,0.35147,0.34832,0.77688,0.78397,0.77423,0.75092,0.80239,hc_open
0.053611,0.054546,0.055546,0.055863,0.05905,0.099632,0.10423,0.10426,0.10621,0.10965,0.11801,0.12355,0.12531,0.13156,0.12926,0.38103,0.39206,0.39282,0.40313,0.41828,0.31589,0.32406,0.3172,0.34249,0.33627,0.763,0.75588,0.76048,0.76431,0.75775,hc_open
0.052014,0.053034,0.05463,0.057193,0.058188,0.099377,0.10342,0.10485,0.10843,0.11162,0.12093,0.12623,0.12834,0.12949,0.13545,0.37386,0.38733,0.38461,0.40714,0.40445,0.32069,0.32884,0.32083,0.35155,0.34214,0.7443,0.72593,0.74531,0.756,0.73652,hc_open
0.049184,0.049056,0.049448,0.050239,0.051054,0.1016,0.098134,0.10122,0.10098,0.10609,0.12493,0.12454,0.13062,0.12894,0.13662,0.37407,0.38142,0.3865,0.40022,0.40607,0.32471,0.33177,0.32955,0.35683,0.35709,0.67589,0.69298,0.64818,0.67258,0.63859,hc_open
0.047864,0.04745,0.048234,0.049973,0.049697,0.10417,0.10312,0.10577,0.10731,0.11036,0.12686,0.1269,0.13318,0.13045,0.13761,0.37473,0.38112,0.38834,0.40336,0.40467,0.31907,0.32692,0.32696,0.34617,0.34774,0.64197,0.67173,0.59966,0.70592,0.60776,hc_open
0.050588,0.049252,0.051085,0.051643,0.053573,0.10888,0.10987,0.11282,0.11458,0.11758,0.12446,0.1242,0.13051,0.12673,0.13253,0.37587,0.3792,0.38637,0.39334,0.39877,0.3162,0.32304,0.32326,0.34493,0.34121,0.56057,0.59159,0.54652,0.62878,0.50864,hc_open
0.04814,0.0482,0.04801,0.049315,0.05347,0.10696,0.10717,0.10865,0.11207,0.11333,0.12655,0.12586,0.13159,0.1286,0.13788,0.3751,0.38111,0.38589,0.40056,0.40393,0.31939,0.32209,0.32422,0.34072,0.34656,0.58771,0.63494,0.57194,0.66726,0.52883,hc_open
0.049701,0.050284,0.050405,0.050258,0.052782,0.10645,0.10554,0.10714,0.10783,0.11475,0.12455,0.12672,0.13157,0.13145,0.13499,0.37494,0.38292,0.38634,0.39864,0.40237,0.31759,0.32557,0.32391,0.34496,0.34373,0.58031,0.63214,0.60844,0.65079,0.53059,hc_open
0.048184,0.049709,0.049343,0.051188,0.049929,0.10735,0.10604,0.10915,0.11103,0.11459,0.12744,0.12764,0.13323,0.13226,0.13424,0.3731,0.38139,0.38706,0.39806,0.39851,0.31754,0.32442,0.32428,0.34394,0.34522,0.64507,0.65656,0.59194,0.6485,0.63174,hc_open
0.052103,0.050124,0.048654,0.050974,0.052687,0.10356,0.096618,0.096188,0.10161,0.10288,0.13176,0.12465,0.12458,0.13029,0.13514,0.41017,0.39349,0.38769,0.40029,0.41304,0.33773,0.31479,0.30126,0.32407,0.33318,0.70872,0.67848,0.66538,0.70309,0.64833,hc_open
0.050982,0.049113,0.051383,0.054282,0.051865,0.10079,0.09705,0.10075,0.10732,0.10061,0.12404,0.12082,0.12682,0.13767,0.12758,0.39641,0.38584,0.40214,0.42599,0.40636,0.31956,0.31755,0.32357,0.3606,0.32712,0.73871,0.70833,0.70351,0.69719,0.70905,hc_open
0.053335,0.050877,0.050407,0.051524,0.053267,0.099789,0.095714,0.094165,0.098828,0.099282,0.12856,0.12105,0.12186,0.12491,0.12897,0.41176,0.39627,0.38762,0.39976,0.41171,0.34432,0.32051,0.30286,0.32822,0.33686,0.73442,0.70203,0.72106,0.71708,0.72673,hc_open
0.051894,0.048972,0.048574,0.051262,0.049468,0.10191,0.096703,0.095442,0.099891,0.10115,0.12957,0.12591,0.12476,0.12752,0.13268,0.4105,0.39911,0.38656,0.40145,0.40943,0.33777,0.31919,0.30418,0.32828,0.33395,0.70332,0.66918,0.67992,0.7091,0.63958,hc_open
0.053312,0.049784,0.048228,0.052011,0.051339,0.10774,0.10205,0.10072,0.10418,0.10844,0.13276,0.12741,0.12818,0.13207,0.13882,0.41353,0.39731,0.39547,0.40546,0.41885,0.32059,0.29946,0.29329,0.30838,0.32641,0.6933,0.65108,0.62184,0.67426,0.62567,hc_open
0.053556,0.050842,0.049993,0.051855,0.051577,0.10737,0.10159,0.099135,0.10614,0.10185,0.13553,0.12977,0.12948,0.13545,0.13738,0.41509,0.39356,0.39026,0.39979,0.41228,0.32396,0.30655,0.29389,0.31164,0.32285,0.68828,0.66712,0.63884,0.69789,0.59018,hc_open
0.053189,0.049949,0.050359,0.053293,0.052118,0.105,0.10005,0.099214,0.10301,0.10114,0.13599,0.13126,0.13032,0.13432,0.1382,0.41399,0.39865,0.39147,0.40477,0.41014,0.32316,0.30534,0.29397,0.30873,0.32344,0.66585,0.61868,0.61725,0.65058,0.62244,hc_open
0.049897,0.049448,0.052067,0.049439,0.052128,0.092973,0.095511,0.099156,0.095083,0.10447,0.12704,0.13261,0.13423,0.12947,0.14216,0.39236,0.40724,0.41195,0.38938,0.4258,0.29975,0.31473,0.31227,0.29647,0.3431,0.63821,0.62513,0.63263,0.63392,0.60944,hc_open
0.048878,0.049915,0.051597,0.048192,0.053126,0.095855,0.096184,0.1007,0.094249,0.10391,0.131,0.13186,0.13613,0.12869,0.1434,0.39579,0.40424,0.40974,0.38516,0.42657,0.29632,0.31394,0.30795,0.29864,0.34329,0.59847,0.62658,0.61779,0.65755,0.58041,hc_open
0.048554,0.050246,0.05168,0.048647,0.053868,0.10116,0.098926,0.10376,0.10038,0.10588,0.13177,0.13236,0.13379,0.13059,0.14307,0.38812,0.40498,0.40648,0.38551,0.42363,0.29349,0.31505,0.31097,0.30016,0.33965,0.5902,0.60104,0.6086,0.60861,0.57983,hc_open
0.051676,0.050646,0.052251,0.04953,0.055783,0.095611,0.098203,0.10183,0.09566,0.10854,0.13216,0.13232,0.13662,0.12979,0.1417,0.39156,0.40314,0.40506,0.38402,0.42672,0.29313,0.31593,0.30969,0.30187,0.33732,0.66735,0.65415,0.62624,0.62643,0.67141,hc_open
0.049273,0.048083,0.051218,0.048496,0.053401,0.10187,0.09881,0.10359,0.096103,0.1096,0.13241,0.13463,0.138,0.13014,0.1446,0.38976,0.40107,0.40388,0.38324,0.42985,0.29451,0.31336,0.30496,0.29402,0.34239,0.58073,0.58449,0.55803,0.55909,0.56422,hc_open
0.053087,0.050615,0.052828,0.055761,0.054201,0.10052,0.094867,0.099783,0.10506,0.10282,0.12962,0.1238,0.13069,0.13598,0.13256,0.40159,0.38752,0.41041,0.43035,0.40819,0.30833,0.30411,0.31707,0.35134,0.31851,0.70208,0.70242,0.66865,0.70165,0.69935,hc_open
0.048209,0.048698,0.051556,0.050006,0.052542,0.095333,0.096962,0.10107,0.095041,0.10415,0.12808,0.13036,0.13468,0.1297,0.14039,0.38935,0.40018,0.40378,0.38463,0.42691,0.30407,0.32129,0.31398,0.30445,0.34781,0.63171,0.6542,0.63223,0.65987,0.63015,hc_open
0.056327,0.051238,0.054383,0.053819,0.055713,0.1076,0.098481,0.10433,0.10176,0.1077,0.13297,0.12035,0.12688,0.12625,0.13759,0.40595,0.379,0.39481,0.39716,0.41855,0.32537,0.29543,0.3098,0.32386,0.32384,0.74014,0.7797,0.78153,0.78087,0.74366,hc_open
0.057643,0.052318,0.055529,0.052441,0.057703,0.1045,0.097186,0.10201,0.1003,0.10894,0.13319,0.12658,0.13011,0.13465,0.13735,0.41549,0.38461,0.40035,0.39194,0.42793,0.32,0.28876,0.30013,0.30436,0.31125,0.76889,0.72457,0.75354,0.69576,0.74963,hc_open
0.055922,0.052355,0.053765,0.053036,0.058918,0.10609,0.10134,0.10576,0.10309,0.10958,0.1326,0.12839,0.13738,0.13972,0.1405,0.41418,0.38323,0.40567,0.38963,0.42492,0.30999,0.28136,0.29925,0.30045,0.30928,0.77477,0.7044,0.71872,0.68354,0.69632,hc_open
0.055781,0.05086,0.053894,0.053808,0.056395,0.11123,0.098776,0.10511,0.09936,0.10853,0.13593,0.12405,0.1324,0.13146,0.13906,0.41313,0.38117,0.39877,0.39011,0.42129,0.31949,0.2858,0.30198,0.30337,0.31667,0.7466,0.71432,0.71826,0.722,0.68017,hc_open
0.056012,0.052321,0.054993,0.05261,0.055657,0.10474,0.093429,0.10031,0.097111,0.10683,0.13635,0.12338,0.12999,0.12802,0.14141,0.41278,0.37912,0.39543,0.38633,0.41609,0.32634,0.29123,0.30885,0.31473,0.3268,0.77074,0.75087,0.76477,0.77051,0.76113,hc_open
0.055007,0.052157,0.054469,0.053049,0.055544,0.10538,0.097995,0.10133,0.096612,0.10662,0.13687,0.12619,0.1321,0.12952,0.14178,0.41459,0.38382,0.40536,0.39337,0.43001,0.31551,0.28708,0.29965,0.30221,0.31356,0.81056,0.75445,0.76711,0.79205,0.75063,hc_open
0.052218,0.051772,0.053101,0.053033,0.058009,0.10117,0.097925,0.09989,0.099847,0.1132,0.12411,0.12505,0.13011,0.13349,0.14309,0.3944,0.39561,0.41114,0.40618,0.43742,0.29655,0.29782,0.31484,0.30298,0.33506,0.707,0.67886,0.64828,0.6758,0.67445,hc_open
0.053242,0.052525,0.053509,0.053159,0.059979,0.099184,0.097906,0.10131,0.10103,0.11103,0.12362,0.12818,0.12909,0.1331,0.14516,0.39624,0.39461,0.41213,0.39318,0.43632,0.29739,0.30014,0.30942,0.29964,0.3375,0.70195,0.67465,0.6537,0.63878,0.67934,hc_open
0.050353,0.050014,0.051718,0.05104,0.057234,0.09665,0.095654,0.097658,0.09838,0.11,0.12583,0.12373,0.12726,0.12977,0.14359,0.39681,0.39227,0.41114,0.40255,0.43685,0.30727,0.29872,0.31596,0.3104,0.34575,0.66487,0.66325,0.66108,0.63518,0.66762,hc_open
0.054609,0.05282,0.05461,0.057711,0.057536,0.10188,0.096517,0.10014,0.10547,0.10209,0.12852,0.12325,0.13102,0.13705,0.13347,0.39965,0.38976,0.40815,0.43082,0.41068,0.3074,0.30416,0.31307,0.34682,0.31368,0.73921,0.71407,0.69668,0.69051,0.72051,hc_open
0.051148,0.051353,0.053636,0.051904,0.057334,0.096085,0.098531,0.099961,0.10031,0.11004,0.12287,0.12428,0.12685,0.13192,0.14268,0.39665,0.39612,0.41151,0.40573,0.43714,0.30262,0.29893,0.31441,0.30898,0.34004,0.69071,0.66824,0.65292,0.61883,0.64438,hc_open
0.051403,0.051757,0.052665,0.05277,0.057306,0.098894,0.095524,0.099994,0.097588,0.10733,0.13261,0.12847,0.13199,0.13539,0.14894,0.38995,0.38876,0.40485,0.39859,0.42995,0.30199,0.3008,0.31632,0.31641,0.33953,0.67938,0.67556,0.64948,0.60606,0.63335,hc_open
0.047961,0.049503,0.051176,0.049125,0.053752,0.097517,0.095967,0.098603,0.095982,0.10704,0.12962,0.12568,0.13201,0.13183,0.1434,0.40142,0.39721,0.41267,0.39764,0.437,0.30192,0.29642,0.31318,0.31019,0.33927,0.65076,0.62513,0.61985,0.62358,0.62786,hc_open
0.055796,0.056169,0.056975,0.059306,0.052852,0.10717,0.10505,0.10751,0.10578,0.10546,0.12778,0.12656,0.13054,0.1279,0.12452,0.38765,0.39582,0.40627,0.40592,0.38977,0.3057,0.31421,0.32272,0.33012,0.30427,0.72171,0.71073,0.71878,0.71632,0.71344,hc_open
0.053464,0.054072,0.054821,0.055343,0.053695,0.10167,0.10212,0.1038,0.1018,0.09963,0.12791,0.12527,0.12974,0.12697,0.12537,0.40283,0.40753,0.41408,0.41033,0.39927,0.30646,0.30831,0.31587,0.31499,0.30288,0.74772,0.72809,0.73825,0.72961,0.73371,hc_open
0.053917,0.053751,0.055185,0.05451,0.05374,0.10368,0.1039,0.10536,0.10418,0.10224,0.12418,0.12527,0.12842,0.12614,0.12387,0.39927,0.39201,0.40541,0.3945,0.38819,0.32326,0.31328,0.32428,0.31212,0.31058,0.72718,0.71866,0.72819,0.74884,0.71519,hc_open
0.052651,0.054232,0.055352,0.054478,0.052989,0.097926,0.097749,0.099729,0.097366,0.096478,0.12432,0.12538,0.12812,0.12675,0.1261,0.40492,0.39815,0.40969,0.39848,0.40155,0.32452,0.31186,0.32136,0.31095,0.3119,0.69196,0.7045,0.68811,0.68282,0.70889,hc_open
0.055359,0.054559,0.05647,0.05638,0.053622,0.10117,0.10198,0.10423,0.10287,0.10109,0.12743,0.12696,0.13055,0.12693,0.12921,0.39347,0.39688,0.40813,0.40091,0.39076,0.31651,0.31175,0.32255,0.31618,0.30647,0.76435,0.74659,0.74628,0.76308,0.74639,hc_open
0.053474,0.054544,0.055277,0.056296,0.052303,0.10135,0.098785,0.10197,0.10233,0.09621,0.12381,0.1245,0.128,0.12895,0.12264,0.40405,0.40427,0.41383,0.40698,0.39248,0.31551,0.31285,0.32085,0.31733,0.3061,0.70707,0.70096,0.7048,0.70601,0.70743,hc_open
0.05314,0.052316,0.053726,0.056906,0.05443,0.10127,0.097821,0.10292,0.10814,0.10233,0.12519,0.12172,0.12874,0.13707,0.13212,0.3927,0.38312,0.39881,0.42013,0.40286,0.32251,0.31064,0.32222,0.35364,0.32381,0.76217,0.73976,0.72133,0.72966,0.71649,hc_open
0.052949,0.052138,0.053515,0.057371,0.054288,0.099607,0.096378,0.10022,0.10757,0.10096,0.12721,0.12348,0.13026,0.13831,0.13717,0.39734,0.38507,0.40151,0.41999,0.40741,0.3214,0.30856,0.31774,0.34839,0.3165,0.74313,0.72272,0.71395,0.71122,0.68778,hc_open
0.05565,0.059624,0.054307,0.060125,0.054039,0.10557,0.1126,0.10165,0.11244,0.1003,0.13005,0.13749,0.1278,0.14371,0.12443,0.39456,0.41976,0.37777,0.42139,0.36553,0.31678,0.33984,0.30019,0.33974,0.29192,0.75167,0.75501,0.73269,0.71729,0.73724,hc_open
0.052605,0.051781,0.062272,0.05975,0.052394,0.10335,0.098773,0.11464,0.11323,0.10063,0.1162,0.11202,0.13359,0.13137,0.11283,0.38345,0.36652,0.4339,0.43185,0.37192,0.31745,0.29674,0.35207,0.34889,0.30686,0.75026,0.74983,0.76152,0.74017,0.76129,hc_open
0.055698,0.058869,0.052693,0.058726,0.053282,0.10278,0.11093,0.097927,0.10859,0.09604,0.1322,0.13781,0.12767,0.14309,0.12446,0.39469,0.42163,0.38017,0.42727,0.36665,0.32015,0.3409,0.30003,0.34075,0.29476,0.72277,0.7275,0.69549,0.68332,0.71674,hc_open
0.055994,0.05893,0.054793,0.059379,0.055192,0.10459,0.11359,0.10169,0.11305,0.09901,0.12955,0.13727,0.12888,0.14301,0.12381,0.39394,0.4187,0.37373,0.41845,0.36381,0.31823,0.34188,0.30244,0.34128,0.29469,0.74929,0.762,0.72891,0.70576,0.75519,hc_open
0.05493,0.057131,0.051738,0.055876,0.051673,0.103,0.10905,0.10021,0.11109,0.096629,0.13133,0.13926,0.12974,0.14665,0.12466,0.39009,0.42013,0.37908,0.42892,0.36872,0.32029,0.3424,0.30183,0.34328,0.29682,0.74558,0.73477,0.72362,0.70863,0.7281,hc_open
0.055825,0.058574,0.053239,0.059264,0.052359,0.1056,0.11008,0.1009,0.10918,0.10087,0.12972,0.13628,0.12738,0.14055,0.12401,0.39712,0.42452,0.38305,0.43368,0.36914,0.31394,0.33767,0.29731,0.34108,0.29077,0.72319,0.74368,0.71505,0.70911,0.73098,hc_open
0.056196,0.059186,0.054884,0.060241,0.054321,0.10512,0.11169,0.10244,0.11202,0.10189,0.12802,0.13612,0.12583,0.14073,0.12158,0.39134,0.42095,0.38101,0.42697,0.3646,0.32072,0.34294,0.29911,0.34669,0.28729,0.72006,0.72631,0.70548,0.68703,0.74886,hc_open
0.054085,0.052816,0.053118,0.054183,0.051802,0.10531,0.10457,0.10441,0.10659,0.096875,0.1238,0.12269,0.12527,0.12964,0.11875,0.39944,0.40084,0.39726,0.41478,0.3809,0.32785,0.32161,0.32411,0.34692,0.30091,0.74848,0.71276,0.71937,0.70886,0.76285,hc_open
0.053292,0.052088,0.051554,0.052665,0.050242,0.10309,0.10337,0.10409,0.10909,0.097452,0.12567,0.12835,0.12903,0.13463,0.12378,0.40552,0.4063,0.40125,0.41762,0.39207,0.32148,0.31712,0.31233,0.34066,0.29133,0.74906,0.69286,0.70188,0.68495,0.69319,hc_open
0.053318,0.051655,0.052931,0.052585,0.04982,0.10465,0.1027,0.10203,0.10503,0.095262,0.12198,0.12236,0.12259,0.12647,0.11508,0.4066,0.40333,0.40031,0.41816,0.38856,0.33119,0.32038,0.31845,0.34195,0.30771,0.75376,0.73111,0.74312,0.71272,0.72747,hc_open
0.053922,0.053391,0.053508,0.055063,0.050611,0.10548,0.10192,0.10316,0.10656,0.096038,0.1202,0.1218,0.12339,0.13033,0.11442,0.40837,0.40577,0.39914,0.4184,0.38881,0.3277,0.32166,0.31665,0.33902,0.30328,0.78305,0.76541,0.78055,0.76712,0.76506,hc_open
0.054113,0.053319,0.053239,0.055343,0.050652,0.1037,0.10078,0.099474,0.10419,0.097126,0.12224,0.12091,0.12129,0.12701,0.11927,0.40755,0.40949,0.40544,0.4196,0.38724,0.32964,0.32104,0.31474,0.3353,0.30081,0.76383,0.72315,0.73182,0.71374,0.75279,hc_open
0.054731,0.052455,0.060241,0.059684,0.053556,0.10018,0.095653,0.11207,0.10902,0.098745,0.11635,0.10965,0.12824,0.12779,0.11231,0.38596,0.36787,0.43505,0.4287,0.37538,0.32166,0.30074,0.35381,0.35224,0.30918,0.76737,0.76566,0.76725,0.76087,0.77344,hc_open
0.053457,0.051766,0.052382,0.052331,0.051209,0.10034,0.10212,0.10034,0.10275,0.09578,0.11982,0.1213,0.12191,0.13021,0.1142,0.40799,0.41243,0.40747,0.42442,0.38773,0.32886,0.32078,0.31587,0.34028,0.30413,0.74803,0.71402,0.73151,0.70444,0.72194,hc_open
0.054923,0.052339,0.052056,0.053322,0.054352,0.10306,0.10039,0.099733,0.10468,0.10384,0.13096,0.13076,0.13288,0.13672,0.13359,0.39643,0.3987,0.3956,0.40224,0.40487,0.31277,0.30745,0.3149,0.33442,0.31735,0.74153,0.69294,0.64982,0.68227,0.65781,hc_open
0.052379,0.050542,0.051508,0.052054,0.052755,0.097602,0.098204,0.09663,0.10033,0.099942,0.13389,0.13375,0.13216,0.13269,0.13803,0.40545,0.40336,0.40656,0.40788,0.40848,0.31115,0.30465,0.30926,0.33214,0.31019,0.69342,0.63248,0.61865,0.66125,0.57449,hc_open
0.052468,0.049306,0.05026,0.049355,0.053169,0.10092,0.098474,0.097432,0.10152,0.098299,0.1329,0.13114,0.13427,0.13721,0.13504,0.41002,0.4002,0.40331,0.4083,0.41227,0.31172,0.3052,0.30871,0.32673,0.31032,0.68601,0.65921,0.61146,0.60272,0.64449,hc_open
0.053475,0.053059,0.052193,0.051663,0.054403,0.097619,0.099417,0.097357,0.10002,0.10236,0.13113,0.13213,0.13076,0.13381,0.13464,0.39867,0.40108,0.40161,0.40083,0.41326,0.31422,0.31157,0.3101,0.32538,0.31768,0.7419,0.67934,0.65713,0.65563,0.6731,hc_open
0.052689,0.051736,0.052015,0.051623,0.051986,0.10092,0.099313,0.099812,0.099511,0.10225,0.13414,0.1326,0.13435,0.13873,0.13908,0.40078,0.40253,0.40103,0.40018,0.40958,0.31237,0.30455,0.30562,0.3292,0.3137,0.71724,0.65645,0.65058,0.61304,0.62598,hc_open
0.054998,0.053045,0.052251,0.054637,0.054314,0.10103,0.098771,0.09797,0.098569,0.10461,0.13052,0.13179,0.1341,0.13985,0.13306,0.40085,0.40146,0.40251,0.40427,0.40944,0.30977,0.30498,0.3081,0.32762,0.31675,0.77751,0.71502,0.69427,0.6849,0.69864,hc_open
0.049363,0.050123,0.052045,0.05104,0.051953,0.099136,0.10095,0.1083,0.10251,0.10198,0.1239,0.13036,0.1397,0.13586,0.12944,0.38891,0.39856,0.42078,0.41273,0.4084,0.30097,0.30356,0.31992,0.31736,0.31801,0.65058,0.62533,0.57567,0.59709,0.66063,hc_open
0.048095,0.04985,0.051807,0.050216,0.050313,0.10554,0.10525,0.11314,0.10835,0.10482,0.12084,0.12737,0.13488,0.13225,0.13151,0.38885,0.40008,0.42364,0.41711,0.41035,0.29652,0.30028,0.32095,0.31409,0.31057,0.65058,0.6376,0.59128,0.61991,0.63903,hc_open
0.049759,0.050325,0.05137,0.05255,0.049531,0.10338,0.10296,0.11186,0.10502,0.10495,0.12526,0.1286,0.13639,0.13169,0.13155,0.39467,0.40175,0.42143,0.41068,0.40872,0.29557,0.29651,0.322,0.31373,0.30653,0.57674,0.61856,0.56096,0.6441,0.60435,hc_open
0.05154,0.050343,0.059031,0.059249,0.050228,0.099059,0.095278,0.11144,0.11166,0.09618,0.11762,0.11146,0.13072,0.13126,0.1133,0.39022,0.37217,0.44054,0.43627,0.38041,0.31284,0.29653,0.35591,0.35235,0.30342,0.7197,0.73723,0.76066,0.75808,0.71931,hc_open
0.050579,0.050257,0.051897,0.050565,0.051133,0.10221,0.10502,0.11151,0.10788,0.10484,0.12508,0.12855,0.13677,0.13415,0.12958,0.39422,0.40133,0.42319,0.41187,0.40368,0.29855,0.29753,0.31708,0.31543,0.30707,0.65785,0.6264,0.58762,0.61237,0.60008,hc_open
0.048786,0.049343,0.049948,0.051055,0.051082,0.10347,0.10449,0.11141,0.10674,0.10429,0.12694,0.12978,0.13662,0.13348,0.12852,0.39828,0.40437,0.42627,0.41663,0.40791,0.29243,0.29711,0.31374,0.312,0.30689,0.58127,0.60647,0.55059,0.59426,0.62328,hc_open
0.048296,0.048899,0.050795,0.050901,0.049023,0.10769,0.10519,0.11166,0.10654,0.1036,0.12342,0.12945,0.13642,0.13691,0.12774,0.40095,0.40672,0.42509,0.41383,0.41302,0.29211,0.29321,0.31617,0.30829,0.30046,0.5846,0.58477,0.5635,0.59852,0.58852,hc_open
0.054169,0.050332,0.050207,0.050652,0.054652,0.096968,0.095938,0.095561,0.097511,0.10119,0.13599,0.13162,0.13572,0.1326,0.14267,0.3981,0.38048,0.38841,0.38598,0.41066,0.33267,0.30711,0.32133,0.31557,0.3298,0.75795,0.62374,0.59639,0.64037,0.56913,hc_open
0.053294,0.053376,0.051909,0.051289,0.056625,0.097531,0.096461,0.097071,0.097152,0.10398,0.13405,0.13297,0.13605,0.1363,0.14021,0.40322,0.38513,0.39741,0.39094,0.41371,0.32692,0.3004,0.31007,0.30784,0.32286,0.73962,0.65296,0.63983,0.62527,0.69104,hc_open
0.05371,0.052561,0.051672,0.052238,0.055609,0.10106,0.099035,0.098846,0.098882,0.10701,0.13471,0.13446,0.13624,0.13781,0.14076,0.3973,0.38231,0.39242,0.38401,0.41155,0.32728,0.30075,0.31193,0.30867,0.32637,0.74536,0.67076,0.63754,0.65634,0.68104,hc_open
0.053619,0.051479,0.05185,0.049652,0.055737,0.10196,0.098454,0.099236,0.097852,0.10506,0.1358,0.13337,0.13717,0.13309,0.14551,0.39688,0.38523,0.39593,0.39107,0.41508,0.31848,0.29862,0.3112,0.30165,0.33141,0.71077,0.63085,0.60747,0.60768,0.61276,hc_open
0.053329,0.051034,0.051613,0.051963,0.054447,0.099773,0.098393,0.09983,0.10054,0.10488,0.13853,0.13676,0.14011,0.13542,0.14827,0.39251,0.37923,0.3936,0.38239,0.41159,0.32037,0.29953,0.31429,0.30424,0.33294,0.6254,0.5676,0.53897,0.60906,0.50171,hc_open
0.055853,0.052533,0.053203,0.053845,0.056579,0.099067,0.096351,0.098011,0.095992,0.10425,0.13394,0.13275,0.13671,0.13364,0.14297,0.39772,0.38335,0.39611,0.38949,0.41358,0.32627,0.30112,0.30974,0.30488,0.327,0.64886,0.58468,0.55608,0.60379,0.54295,hc_open
0.05236,0.052511,0.053455,0.05174,0.053105,0.10174,0.10129,0.10311,0.10183,0.10451,0.12422,0.12827,0.12893,0.13201,0.1302,0.39496,0.39838,0.40509,0.39872,0.40337,0.31555,0.31127,0.31894,0.32419,0.31997,0.71054,0.71435,0.68544,0.70324,0.71768,hc_open
0.05443,0.052397,0.060461,0.059671,0.053419,0.097757,0.094687,0.11225,0.10972,0.096471,0.12105,0.11427,0.13269,0.13183,0.11704,0.38922,0.36892,0.43338,0.4338,0.37651,0.31414,0.29616,0.35296,0.35104,0.30211,0.7216,0.7348,0.75993,0.74425,0.73317,hc_open
0.050544,0.050965,0.051548,0.052776,0.05209,0.10177,0.10217,0.1037,0.10251,0.10669,0.12259,0.12862,0.12969,0.13254,0.12765,0.40412,0.40283,0.41185,0.39968,0.40719,0.30427,0.31204,0.31527,0.32157,0.31586,0.70634,0.69284,0.68749,0.72036,0.73845,hc_open
0.051112,0.05124,0.05208,0.05349,0.053225,0.10392,0.10381,0.10628,0.10562,0.10716,0.13007,0.13237,0.13323,0.13387,0.13513,0.40755,0.4043,0.41186,0.39808,0.41296,0.29633,0.30005,0.30507,0.30945,0.30734,0.63782,0.63197,0.61127,0.67168,0.62364,hc_open
0.051701,0.052808,0.052129,0.051687,0.055124,0.10804,0.10659,0.11112,0.10804,0.10977,0.12897,0.1328,0.13526,0.13038,0.13747,0.39691,0.40171,0.41002,0.39716,0.40682,0.29578,0.29828,0.30571,0.30801,0.31149,0.65058,0.62699,0.61193,0.70489,0.64119,hc_open
0.049818,0.050686,0.052067,0.05328,0.053291,0.10215,0.10528,0.10596,0.10701,0.10778,0.12657,0.13001,0.13045,0.12774,0.13468,0.4007,0.40702,0.4112,0.40258,0.40776,0.30078,0.30505,0.31027,0.31083,0.31669,0.67253,0.67653,0.67592,0.74105,0.66588,hc_open
0.052538,0.051891,0.054075,0.052211,0.054928,0.10566,0.10909,0.10815,0.10994,0.11049,0.13327,0.13396,0.13741,0.134,0.13656,0.39786,0.40312,0.41008,0.39766,0.40486,0.29427,0.29785,0.30443,0.30893,0.30184,0.61875,0.61867,0.61608,0.69484,0.61409,hc_open
0.054227,0.04969,0.053551,0.051137,0.050955,0.099202,0.095403,0.10261,0.099355,0.098557,0.12841,0.12517,0.13315,0.1281,0.1261,0.39867,0.38199,0.4088,0.38575,0.39152,0.32578,0.30952,0.33793,0.31818,0.31718,0.76124,0.69065,0.67567,0.69954,0.71234,hc_open
0.053118,0.049753,0.05349,0.052017,0.050619,0.10452,0.10064,0.10653,0.10361,0.10357,0.12768,0.12648,0.13606,0.12944,0.1271,0.40033,0.37837,0.40669,0.38863,0.38651,0.32276,0.3022,0.33324,0.31672,0.31566,0.73113,0.63421,0.61604,0.6055,0.67758,hc_open
0.052239,0.049571,0.052482,0.050517,0.051217,0.10423,0.099213,0.10417,0.10445,0.10311,0.1297,0.12489,0.13326,0.12796,0.12572,0.39986,0.38147,0.40694,0.38956,0.38644,0.33049,0.3041,0.33168,0.30905,0.31685,0.72749,0.66001,0.65487,0.67684,0.70987,hc_open
0.052076,0.047763,0.051422,0.047246,0.048258,0.098375,0.096624,0.10152,0.096307,0.097568,0.12848,0.12691,0.1353,0.12983,0.12778,0.4109,0.37849,0.41042,0.38881,0.39631,0.32686,0.30501,0.33266,0.30985,0.31812,0.77254,0.66193,0.65849,0.68329,0.70447,hc_open
0.051039,0.050543,0.052048,0.051337,0.049225,0.10131,0.097404,0.10473,0.10173,0.098894,0.12895,0.12398,0.13438,0.12949,0.12513,0.39808,0.38136,0.40875,0.38777,0.38515,0.33077,0.30734,0.33558,0.3141,0.32083,0.78142,0.67592,0.66386,0.66035,0.72628,hc_open
0.054818,0.052899,0.061895,0.060112,0.054887,0.09719,0.094293,0.11186,0.11047,0.09464,0.11894,0.11383,0.13254,0.13066,0.11576,0.3884,0.37063,0.43955,0.4366,0.37772,0.31204,0.29461,0.35174,0.34909,0.30129,0.75687,0.75861,0.77341,0.7548,0.77048,hc_open
0.052607,0.049638,0.053132,0.050985,0.051137,0.10092,0.097235,0.10514,0.10174,0.10041,0.12841,0.12891,0.13778,0.13123,0.12847,0.39793,0.37893,0.40559,0.38547,0.38642,0.32591,0.30614,0.3344,0.31395,0.31974,0.78025,0.63315,0.64334,0.61356,0.70862,hc_open
0.052911,0.055325,0.053194,0.056476,0.054181,0.097376,0.10228,0.099025,0.10384,0.10103,0.11787,0.12444,0.1173,0.12328,0.11974,0.39213,0.41217,0.39511,0.41479,0.39189,0.32619,0.33977,0.31628,0.34115,0.32847,0.74366,0.73753,0.72531,0.74412,0.73034,hc_open
0.052535,0.056318,0.053468,0.057082,0.052495,0.09959,0.10419,0.099199,0.10708,0.099628,0.11918,0.12698,0.11968,0.12746,0.1213,0.39661,0.41632,0.40134,0.40988,0.40602,0.31627,0.32409,0.31161,0.32262,0.32679,0.70872,0.70376,0.69642,0.73837,0.68304,hc_open
0.05342,0.056558,0.052335,0.055223,0.054018,0.10162,0.10877,0.10011,0.1086,0.10309,0.11998,0.12841,0.12315,0.12831,0.12649,0.39038,0.41641,0.40264,0.41262,0.4132,0.30876,0.32286,0.30503,0.32208,0.32287,0.76064,0.74499,0.70287,0.77334,0.7113,hc_open
0.051858,0.055236,0.052996,0.056025,0.053226,0.097839,0.10231,0.099017,0.10399,0.098191,0.12011,0.12487,0.12128,0.12401,0.12202,0.39721,0.41549,0.40342,0.41349,0.40984,0.31275,0.32768,0.31124,0.32892,0.32843,0.72536,0.70371,0.68043,0.72083,0.69488,hc_open
0.053335,0.054817,0.052977,0.054592,0.054051,0.10189,0.10695,0.10217,0.10613,0.1066,0.1196,0.12642,0.1218,0.1262,0.12426,0.40188,0.4186,0.40555,0.41727,0.41122,0.3071,0.3179,0.30081,0.31793,0.31964,0.69809,0.67575,0.62771,0.70413,0.65777,hc_open
0.052822,0.055348,0.05111,0.056331,0.051716,0.099269,0.10478,0.099437,0.10465,0.10177,0.1209,0.12804,0.12242,0.12768,0.12448,0.40019,0.42125,0.4062,0.417,0.41161,0.3087,0.32115,0.30298,0.31717,0.32325,0.72611,0.69554,0.66408,0.72075,0.65192,hc_open
0.064124,0.05186,0.056128,0.07624,0.055105,0.12203,0.096443,0.10401,0.14227,0.10338,0.14309,0.11375,0.12464,0.17763,0.12161,0.45184,0.35252,0.36353,0.49694,0.36568,0.35471,0.26579,0.28166,0.41298,0.28091,0.77646,0.77243,0.78273,0.78976,0.78206,hc_open
0.068011,0.055327,0.058901,0.078146,0.058674,0.12214,0.098763,0.10601,0.1443,0.10425,0.14646,0.11553,0.12463,0.17115,0.12265,0.44949,0.35169,0.36194,0.49819,0.36369,0.35135,0.26242,0.27675,0.40505,0.27656,0.78937,0.77565,0.78786,0.80289,0.7892,hc_open
0.068887,0.054727,0.057893,0.075477,0.058395,0.12809,0.10627,0.11031,0.14729,0.10961,0.15003,0.12299,0.12684,0.16819,0.12615,0.44253,0.34659,0.35642,0.48969,0.35665,0.34909,0.2633,0.27335,0.39301,0.27413,0.80068,0.80904,0.80384,0.80475,0.80165,hc_open
0.053342,0.05417,0.054096,0.051496,0.053803,0.10315,0.10229,0.10514,0.10003,0.10379,0.127,0.12575,0.13044,0.12128,0.1287,0.40511,0.40032,0.40855,0.3851,0.40303,0.309,0.31536,0.30997,0.30111,0.31958,0.72994,0.73936,0.71929,0.70251,0.75017,hc_open
0.069178,0.056425,0.060371,0.079557,0.060249,0.12462,0.1022,0.10784,0.14734,0.1067,0.14306,0.11523,0.1229,0.17261,0.12064,0.44821,0.35454,0.36535,0.50265,0.3657,0.34579,0.25869,0.27366,0.40339,0.27281,0.78976,0.80905,0.77048,0.71408,0.78069,hc_open
0.062913,0.050904,0.055346,0.076545,0.053958,0.12344,0.099627,0.10683,0.1477,0.10555,0.14887,0.12126,0.12719,0.1748,0.12558,0.4494,0.35007,0.36297,0.50461,0.36376,0.34925,0.26243,0.27654,0.40808,0.27551,0.75089,0.74541,0.7527,0.76028,0.74981,hc_open
0.065405,0.05303,0.054677,0.071618,0.054822,0.12439,0.1015,0.10675,0.14395,0.10595,0.14935,0.11854,0.12589,0.1723,0.12507,0.45297,0.35233,0.37,0.51831,0.36898,0.34599,0.25736,0.27035,0.39451,0.27063,0.81208,0.80738,0.807,0.8025,0.80918,hc_open
0.053958,0.052956,0.054977,0.054834,0.055999,0.10472,0.10121,0.10353,0.10383,0.10872,0.12838,0.12886,0.13249,0.1357,0.12885,0.39262,0.38573,0.38802,0.40159,0.3945,0.32546,0.31364,0.31901,0.32891,0.32095,0.74042,0.7136,0.69376,0.72099,0.71066,hc_open
0.05399,0.052288,0.05311,0.051865,0.053618,0.10339,0.099975,0.1028,0.10617,0.10408,0.13156,0.13011,0.13381,0.13481,0.13567,0.40101,0.39434,0.39627,0.40624,0.39938,0.31493,0.31162,0.31031,0.32866,0.31034,0.72049,0.71527,0.68021,0.6943,0.69798,hc_open
0.052825,0.05075,0.052017,0.053152,0.052751,0.10204,0.099184,0.10208,0.10479,0.10152,0.13154,0.12804,0.13189,0.13437,0.13233,0.39889,0.3917,0.39596,0.40844,0.39727,0.32291,0.31411,0.31362,0.32989,0.31981,0.72561,0.68442,0.68216,0.7036,0.65931,hc_open
0.054678,0.053962,0.054339,0.05572,0.055819,0.10575,0.10241,0.1043,0.10677,0.10646,0.13128,0.12944,0.13391,0.13329,0.13264,0.39463,0.39146,0.39456,0.40291,0.39454,0.31949,0.31345,0.30881,0.32454,0.31109,0.74095,0.72458,0.70448,0.72557,0.73966,hc_open
0.05586,0.053839,0.055466,0.057751,0.054339,0.10267,0.10031,0.10366,0.10518,0.10289,0.13037,0.12864,0.13141,0.13507,0.12902,0.39647,0.38985,0.39376,0.39971,0.3951,0.32275,0.31534,0.3118,0.33243,0.31584,0.69397,0.68186,0.66868,0.69195,0.69495,hc_open
0.055041,0.053407,0.055106,0.056471,0.055775,0.10338,0.10015,0.10225,0.10599,0.10206,0.12987,0.12917,0.1317,0.13768,0.1301,0.4023,0.3949,0.39442,0.40634,0.39557,0.31929,0.31161,0.30903,0.32203,0.31584,0.70679,0.70799,0.68345,0.70059,0.66553,hc_open
0.058496,0.044371,0.049873,0.049601,0.063123,0.10727,0.079927,0.090132,0.089573,0.11627,0.13301,0.098458,0.11138,0.11086,0.14419,0.43984,0.32416,0.36638,0.36296,0.47628,0.37534,0.27382,0.31035,0.30783,0.40705,0.70142,0.70418,0.70421,0.69675,0.70088,hc_open
0.052921,0.051862,0.052926,0.051154,0.05317,0.1034,0.10179,0.1049,0.10112,0.10223,0.12593,0.12461,0.1297,0.12119,0.12478,0.41203,0.4046,0.41448,0.39418,0.40941,0.30333,0.31488,0.30625,0.29773,0.31688,0.67682,0.71165,0.67679,0.7137,0.68946,hc_open
0.060683,0.047373,0.052152,0.05083,0.064691,0.10882,0.082533,0.091948,0.089447,0.11689,0.13903,0.10526,0.11761,0.11547,0.14961,0.43938,0.32439,0.3661,0.36061,0.4757,0.3656,0.26537,0.30093,0.2968,0.39686,0.76419,0.7906,0.77181,0.73634,0.74906,hc_open
0.059293,0.045045,0.050394,0.050022,0.06379,0.10825,0.081379,0.090733,0.089268,0.11648,0.13868,0.10298,0.11633,0.1159,0.15022,0.44231,0.32227,0.36647,0.36381,0.48049,0.36868,0.26383,0.30223,0.29937,0.40191,0.68927,0.69956,0.69346,0.68157,0.68403,hc_open
0.060753,0.046236,0.051943,0.051614,0.065593,0.11299,0.085086,0.095036,0.094604,0.12169,0.14064,0.10471,0.11814,0.11764,0.15214,0.44631,0.32762,0.37181,0.36689,0.48483,0.35579,0.2535,0.29007,0.28415,0.38752,0.72744,0.73334,0.73172,0.72026,0.72604,hc_open
0.058469,0.044383,0.04963,0.049361,0.063031,0.1063,0.078669,0.088853,0.087571,0.11524,0.14382,0.10791,0.12131,0.12094,0.1553,0.4479,0.32804,0.37282,0.3674,0.48604,0.36011,0.25683,0.29475,0.28921,0.39331,0.67481,0.68288,0.67805,0.66872,0.67101,hc_open
0.060158,0.046457,0.051253,0.050353,0.063924,0.10653,0.079276,0.089185,0.086491,0.11515,0.13505,0.10095,0.11326,0.11148,0.14565,0.44861,0.32957,0.37385,0.36952,0.48725,0.36583,0.26218,0.29976,0.29523,0.39874,0.72927,0.73105,0.73071,0.72653,0.72862,hc_open
0.054976,0.055665,0.055819,0.059368,0.058374,0.10301,0.10435,0.10429,0.10742,0.10948,0.12668,0.12881,0.13035,0.13927,0.13657,0.39144,0.39757,0.40022,0.42595,0.41828,0.29634,0.30304,0.30817,0.33619,0.31647,0.73375,0.73575,0.72143,0.71719,0.72306,hc_open
0.054004,0.055979,0.055049,0.058975,0.058558,0.10099,0.10473,0.10413,0.10875,0.10945,0.12664,0.12818,0.12752,0.13342,0.13783,0.38626,0.3951,0.39321,0.42106,0.42048,0.3042,0.30956,0.31079,0.33917,0.32515,0.74117,0.74875,0.74867,0.75036,0.71702,hc_open
0.055279,0.056732,0.055793,0.057447,0.061487,0.10534,0.10939,0.10822,0.11325,0.11276,0.12719,0.13227,0.12994,0.13832,0.14055,0.3844,0.38924,0.39359,0.41584,0.41261,0.29897,0.30433,0.30855,0.33588,0.31848,0.73314,0.73143,0.72137,0.73661,0.73535,hc_open
0.055594,0.05532,0.055176,0.055631,0.062193,0.10204,0.10434,0.10536,0.11082,0.10785,0.12767,0.13068,0.13125,0.13904,0.13845,0.38622,0.3936,0.39499,0.4262,0.41517,0.30098,0.30684,0.30846,0.33484,0.32073,0.72082,0.72719,0.71382,0.68399,0.75717,hc_open
0.053915,0.05598,0.054908,0.058287,0.059898,0.10218,0.10568,0.10491,0.10795,0.10845,0.12436,0.12733,0.12711,0.1354,0.13245,0.38601,0.38931,0.39305,0.41694,0.41112,0.30958,0.312,0.31571,0.34127,0.32862,0.7235,0.72175,0.74105,0.72848,0.7256,hc_open
0.053652,0.052003,0.053487,0.052985,0.050836,0.10838,0.10507,0.10891,0.10723,0.10585,0.13041,0.13032,0.13444,0.12792,0.13234,0.41225,0.40432,0.41516,0.39248,0.41487,0.29238,0.30164,0.29834,0.28573,0.30553,0.64867,0.67977,0.62073,0.66525,0.68318,hc_open
0.054052,0.055617,0.055753,0.057364,0.057709,0.10056,0.10369,0.1019,0.10642,0.11006,0.12622,0.12821,0.12847,0.13272,0.14087,0.38548,0.39294,0.39543,0.41766,0.41543,0.30865,0.31079,0.31356,0.33346,0.32298,0.76368,0.76128,0.75537,0.74222,0.7587,hc_open
0.05733,0.052694,0.053937,0.059861,0.05699,0.10367,0.094499,0.096666,0.10808,0.10301,0.12051,0.10819,0.1135,0.12356,0.11787,0.41848,0.37269,0.38177,0.41899,0.40819,0.35747,0.31566,0.31912,0.34247,0.33112,0.7891,0.82305,0.80892,0.82092,0.80971,hc_open
0.05511,0.052819,0.05281,0.060189,0.05717,0.10283,0.094959,0.098722,0.10869,0.10555,0.11971,0.11027,0.11401,0.12668,0.12106,0.41422,0.37273,0.38269,0.42598,0.41146,0.35513,0.31112,0.31904,0.34295,0.33461,0.75799,0.79033,0.78744,0.78876,0.79207,hc_open
0.056911,0.05325,0.054012,0.060235,0.058011,0.1025,0.095101,0.098136,0.10945,0.10572,0.1253,0.11228,0.11767,0.13124,0.12717,0.41304,0.36826,0.37812,0.42163,0.40717,0.35033,0.30699,0.31652,0.34904,0.34049,0.78917,0.79084,0.78798,0.77553,0.80447,hc_open
0.056382,0.052504,0.053311,0.058898,0.057163,0.10112,0.097194,0.097617,0.10986,0.10645,0.12341,0.11454,0.11695,0.13364,0.12638,0.41773,0.37432,0.38527,0.43375,0.41699,0.34184,0.29749,0.31127,0.34983,0.33931,0.83476,0.83598,0.83273,0.79732,0.81811,hc_open
0.055801,0.053458,0.05429,0.061871,0.057599,0.10246,0.095632,0.098949,0.11225,0.10696,0.12295,0.11208,0.11878,0.13599,0.12823,0.40696,0.37113,0.38258,0.42787,0.40961,0.34242,0.3047,0.31598,0.35949,0.34474,0.8008,0.79188,0.79303,0.79471,0.79647,hc_open
0.053739,0.049933,0.051111,0.05712,0.053272,0.098529,0.089095,0.094046,0.1047,0.098489,0.13195,0.1191,0.1222,0.13891,0.13604,0.41543,0.3728,0.38624,0.43002,0.41459,0.34498,0.30115,0.31145,0.35141,0.34243,0.7833,0.78133,0.75975,0.76726,0.75389,hc_open
0.048267,0.047892,0.053629,0.057425,0.054026,0.09008,0.089911,0.098281,0.10761,0.10138,0.12008,0.12313,0.13194,0.14632,0.13354,0.38371,0.38287,0.41243,0.44772,0.43513,0.30363,0.30457,0.33082,0.36769,0.34635,0.7202,0.69218,0.68411,0.68948,0.71926,hc_open
0.050311,0.049808,0.052517,0.057151,0.055942,0.09689,0.095508,0.10066,0.1107,0.10848,0.11791,0.12029,0.12899,0.14275,0.13136,0.38209,0.38125,0.41405,0.45111,0.43156,0.30283,0.30334,0.32544,0.36277,0.34353,0.70465,0.70119,0.68065,0.7077,0.69596,hc_open
0.048272,0.047436,0.050852,0.052883,0.054467,0.095113,0.093568,0.10017,0.10888,0.10611,0.11923,0.12023,0.13006,0.14354,0.13336,0.38879,0.38849,0.41842,0.45052,0.43853,0.29745,0.29871,0.32572,0.36143,0.33949,0.65976,0.66253,0.66001,0.64479,0.66886,hc_open
