0.047749,0.045198,0.046727,0.047606,0.050003,0.10207,0.097213,0.099647,0.09816,0.10947,0.13377,0.12447,0.13004,0.12701,0.14179,0.39771,0.37292,0.37915,0.37571,0.4256,0.341,0.3131,0.3166,0.31504,0.36364,0.54529,0.56517,0.51927,0.60145,0.49588,pd_on_closed
0.052915,0.053826,0.056043,0.053846,0.057687,0.11055,0.10866,0.11715,0.10497,0.12283,0.12534,0.12345,0.13178,0.11805,0.13583,0.37912,0.38089,0.40294,0.36909,0.40662,0.30315,0.29894,0.3257,0.28907,0.34251,0.66811,0.69203,0.6814,0.74174,0.6471,pd_on_closed
0.051085,0.04898,0.051331,0.056946,0.050034,0.098052,0.092721,0.097189,0.10736,0.099472,0.13605,0.13139,0.1377,0.14935,0.14037,0.40718,0.38288,0.40816,0.43185,0.40522,0.31639,0.29063,0.31217,0.33755,0.31889,0.65168,0.60947,0.60685,0.61877,0.59285,pd_on_closed
0.05293,0.048586,0.051414,0.05574,0.051179,0.1005,0.095102,0.10038,0.11039,0.10033,0.13808,0.13151,0.13999,0.14977,0.1393,0.41452,0.38674,0.41492,0.43298,0.41159,0.30704,0.28154,0.30134,0.32521,0.30911,0.60787,0.61755,0.56888,0.62291,0.57396,pd_on_closed
0.049879,0.046681,0.049712,0.053628,0.050843,0.098678,0.091943,0.09855,0.1041,0.097575,0.12838,0.12258,0.12929,0.13857,0.12705,0.40811,0.38949,0.41445,0.44279,0.41041,0.32073,0.29811,0.31854,0.34367,0.32333,0.68042,0.6375,0.64029,0.61836,0.6796,pd_on_closed
0.051134,0.047874,0.049766,0.048617,0.052175,0.10704,0.10261,0.10531,0.1009,0.10809,0.13533,0.13208,0.1354,0.12995,0.1385,0.39188,0.38416,0.38972,0.40209,0.39678,0.31819,0.30991,0.31597,0.34182,0.32829,0.46554,0.48506,0.46409,0.61,0.42153,pd_on_closed
0.052521,0.048825,0.052014,0.05084,0.052091,0.1122,0.10804,0.10946,0.10092,0.11523,0.13597,0.13157,0.13619,0.13228,0.1369,0.39247,0.38743,0.39094,0.40216,0.39403,0.31109,0.30531,0.30297,0.34499,0.32315,0.46299,0.48848,0.44356,0.56527,0.42097,pd_on_closed
0.05189,0.047574,0.049751,0.048346,0.050987,0.10824,0.10409,0.10569,0.10149,0.11145,0.13432,0.13202,0.13415,0.12676,0.13137,0.39501,0.38393,0.38916,0.39387,0.39374,0.32008,0.31553,0.31403,0.34183,0.32693,0.69615,0.60241,0.6294,0.6694,0.68495,pd_on_closed
0.052153,0.048863,0.050527,0.048274,0.052037,0.11499,0.10973,0.11313,0.10547,0.11931,0.13436,0.1316,0.13412,0.12752,0.13406,0.38817,0.38167,0.38475,0.38852,0.39048,0.31969,0.31116,0.3092,0.3333,0.32472,0.46322,0.51775,0.45805,0.60474,0.48154,pd_on_closed
0.051309,0.048181,0.050425,0.048439,0.051896,0.10892,0.10625,0.10779,0.1037,0.11118,0.14077,0.13536,0.14051,0.13275,0.13831,0.38877,0.38999,0.39388,0.3934,0.40021,0.30753,0.30943,0.30548,0.33474,0.31662,0.43194,0.46343,0.42221,0.54041,0.46208,pd_on_closed
0.052101,0.050077,0.050389,0.048788,0.051477,0.11471,0.10927,0.11254,0.10758,0.11735,0.13752,0.13084,0.13699,0.13053,0.13568,0.38668,0.38559,0.38826,0.39316,0.3951,0.31468,0.30661,0.30588,0.33608,0.31904,0.47524,0.48498,0.44241,0.57376,0.46101,pd_on_closed
0.049247,0.048038,0.048558,0.050164,0.05112,0.096151,0.094902,0.098662,0.099222,0.10233,0.13203,0.13139,0.13594,0.12943,0.14312,0.3786,0.39025,0.39783,0.40245,0.39881,0.32263,0.31788,0.3274,0.35094,0.33961,0.666,0.54946,0.52991,0.70463,0.46863,pd_on_closed
0.053128,0.053347,0.05658,0.053191,0.058062,0.11011,0.1092,0.11823,0.10463,0.11979,0.12171,0.12205,0.13288,0.11941,0.13598,0.37714,0.37354,0.39923,0.35813,0.41011,0.30953,0.30273,0.32974,0.28832,0.3465,0.73721,0.73946,0.72343,0.74764,0.735,pd_on_closed
0.049063,0.047465,0.049908,0.049035,0.05126,0.096146,0.096057,0.098165,0.098939,0.1026,0.13538,0.13117,0.13948,0.13494,0.14481,0.38096,0.38685,0.39552,0.40259,0.40333,0.31932,0.31445,0.32541,0.34993,0.33661,0.53246,0.53498,0.45127,0.64807,0.40375,pd_on_closed
0.049473,0.049006,0.049702,0.050523,0.051107,0.098422,0.097009,0.098433,0.099799,0.10294,0.1332,0.13195,0.13799,0.13378,0.14111,0.38279,0.38533,0.39568,0.4056,0.40539,0.31716,0.31184,0.32573,0.35148,0.33834,0.53255,0.52046,0.44414,0.60765,0.43044,pd_on_closed
0.048071,0.04801,0.04886,0.048666,0.050984,0.099524,0.097949,0.10162,0.10031,0.10543,0.13369,0.13301,0.13864,0.13368,0.14261,0.38831,0.39244,0.39806,0.40421,0.40646,0.31368,0.30889,0.31888,0.33856,0.33112,0.47011,0.50738,0.43486,0.58341,0.41848,pd_on_closed
0.049718,0.049401,0.049666,0.051577,0.051008,0.099341,0.09681,0.098926,0.0995,0.10277,0.13266,0.13218,0.13866,0.13414,0.14157,0.38321,0.39491,0.3982,0.40624,0.39697,0.31304,0.31242,0.3213,0.34709,0.33974,0.53904,0.52077,0.45431,0.63746,0.43696,pd_on_closed
0.050034,0.047292,0.048915,0.047298,0.051583,0.098691,0.095378,0.098916,0.097179,0.10351,0.13446,0.13202,0.13818,0.1321,0.14447,0.38104,0.38802,0.39595,0.40037,0.40363,0.31655,0.31614,0.3226,0.35417,0.34037,0.50415,0.50523,0.47001,0.61829,0.41496,pd_on_closed
0.054391,0.054871,0.054802,0.054622,0.056381,0.10368,0.10222,0.10368,0.10468,0.11191,0.13785,0.13489,0.1389,0.13531,0.15291,0.38139,0.37471,0.38641,0.39678,0.4168,0.31006,0.30806,0.30117,0.32828,0.33929,0.56851,0.61744,0.55035,0.67643,0.42292,pd_on_closed
0.054635,0.05381,0.053661,0.052925,0.055407,0.1069,0.10518,0.10784,0.10521,0.11407,0.13416,0.13132,0.13849,0.13562,0.14978,0.3813,0.37723,0.39081,0.3968,0.41775,0.31053,0.30215,0.30178,0.33255,0.33203,0.60787,0.65422,0.56246,0.66983,0.47658,pd_on_closed
0.055751,0.054988,0.05525,0.055861,0.059122,0.10535,0.10329,0.10516,0.10257,0.11232,0.13983,0.13479,0.14098,0.13988,0.15395,0.38142,0.37413,0.38764,0.39449,0.41404,0.30715,0.29894,0.30028,0.32678,0.33828,0.55661,0.61988,0.53561,0.64626,0.45316,pd_on_closed
0.055921,0.05468,0.054928,0.05348,0.058406,0.10498,0.10457,0.10786,0.10673,0.11169,0.14021,0.13679,0.1435,0.13963,0.15523,0.376,0.37414,0.38937,0.39169,0.41608,0.30601,0.29881,0.30047,0.32716,0.33189,0.48661,0.53787,0.45752,0.53747,0.37986,pd_on_closed
0.055098,0.054656,0.054488,0.055475,0.058717,0.10661,0.10494,0.10893,0.10763,0.11456,0.13738,0.13509,0.13945,0.13996,0.15379,0.37857,0.37696,0.39018,0.39553,0.41556,0.30497,0.3012,0.29723,0.32628,0.3342,0.55695,0.61181,0.51917,0.58592,0.46187,pd_on_closed
0.054983,0.054787,0.057952,0.053854,0.061745,0.10936,0.10826,0.11605,0.10717,0.12175,0.12454,0.12356,0.13236,0.11881,0.13613,0.38173,0.3752,0.40038,0.36018,0.41771,0.30392,0.29804,0.32367,0.28505,0.33997,0.75165,0.73758,0.70999,0.74148,0.72856,pd_on_closed
0.054793,0.053035,0.053782,0.052814,0.058214,0.10432,0.1025,0.10651,0.1052,0.11264,0.13781,0.13518,0.14493,0.14189,0.15363,0.37913,0.3764,0.39329,0.39848,0.41562,0.30386,0.30581,0.29765,0.32317,0.33225,0.50922,0.57471,0.4674,0.5472,0.4515,pd_on_closed
0.048292,0.049484,0.050544,0.049623,0.051217,0.099371,0.099893,0.10261,0.10094,0.10543,0.13643,0.1382,0.1415,0.13348,0.14425,0.38656,0.39445,0.39421,0.38576,0.39572,0.32137,0.31213,0.31287,0.32144,0.32631,0.46262,0.43279,0.4357,0.58651,0.36914,pd_on_closed
0.049411,0.049313,0.051368,0.050195,0.053367,0.10314,0.10556,0.11001,0.10346,0.11209,0.13466,0.13695,0.13897,0.13041,0.14319,0.38449,0.39284,0.39426,0.38622,0.40095,0.3136,0.30818,0.30967,0.31493,0.3251,0.45265,0.44213,0.44036,0.64201,0.38941,pd_on_closed
0.049519,0.049948,0.0508,0.051149,0.052898,0.10384,0.10517,0.10828,0.1044,0.11065,0.13406,0.13702,0.13862,0.13242,0.14342,0.38655,0.39473,0.39777,0.39183,0.40091,0.31264,0.30692,0.30808,0.31808,0.31941,0.51924,0.48464,0.48511,0.57433,0.44031,pd_on_closed
0.051452,0.050863,0.051865,0.052213,0.053634,0.10542,0.10645,0.10914,0.10367,0.11072,0.13663,0.1388,0.14045,0.13422,0.14474,0.3842,0.39035,0.39336,0.38871,0.39795,0.30961,0.30651,0.31012,0.31055,0.32098,0.48657,0.47814,0.47031,0.59728,0.40753,pd_on_closed
0.0508,0.050462,0.051609,0.052887,0.053136,0.10617,0.10675,0.10762,0.10563,0.11308,0.13416,0.13873,0.14047,0.13443,0.14335,0.38406,0.39535,0.3932,0.38827,0.40183,0.3099,0.30734,0.30706,0.31247,0.31997,0.5296,0.4759,0.45888,0.64063,0.4076,pd_on_closed
0.049548,0.049632,0.050622,0.050896,0.052707,0.10164,0.1052,0.10755,0.10358,0.11071,0.13403,0.13846,0.14047,0.13376,0.1422,0.38679,0.39815,0.39803,0.38758,0.4033,0.30935,0.30778,0.30759,0.30796,0.32458,0.52088,0.47586,0.44484,0.56758,0.41285,pd_on_closed
0.048816,0.04787,0.048652,0.051379,0.051109,0.096819,0.092612,0.097309,0.097732,0.10387,0.13046,0.12525,0.13078,0.1305,0.14059,0.39706,0.38931,0.40946,0.41989,0.41766,0.3148,0.31454,0.31482,0.36179,0.32467,0.589,0.60612,0.55296,0.63559,0.4966,pd_on_closed
0.049149,0.048367,0.04979,0.0522,0.053225,0.097672,0.096747,0.10068,0.1001,0.10631,0.13501,0.12803,0.13608,0.13124,0.14552,0.40007,0.39096,0.40952,0.42132,0.41985,0.30657,0.30374,0.30337,0.35253,0.31893,0.51923,0.56624,0.48029,0.6058,0.46399,pd_on_closed
0.048949,0.048224,0.04896,0.050421,0.052514,0.10184,0.099937,0.1027,0.10309,0.10966,0.13506,0.13196,0.13739,0.13382,0.14463,0.40265,0.39122,0.41122,0.41685,0.42309,0.29941,0.3,0.2986,0.35088,0.31202,0.54216,0.54299,0.49315,0.62459,0.44523,pd_on_closed
0.050472,0.04923,0.049824,0.052237,0.05315,0.10875,0.10668,0.10738,0.11089,0.1155,0.12802,0.12639,0.12899,0.13299,0.13444,0.39309,0.38103,0.38895,0.40198,0.40406,0.32212,0.30851,0.31477,0.33317,0.33351,0.60847,0.60693,0.6078,0.68988,0.50384,pd_on_closed
0.051495,0.049597,0.050369,0.051865,0.05585,0.101,0.099214,0.10108,0.1006,0.11193,0.13281,0.12959,0.13701,0.1354,0.1442,0.39908,0.39022,0.40854,0.41482,0.42525,0.30237,0.299,0.30168,0.34878,0.31373,0.56487,0.56627,0.51781,0.60239,0.48914,pd_on_closed
0.049375,0.049439,0.050014,0.050817,0.054141,0.10287,0.10141,0.10682,0.10372,0.11215,0.14078,0.13333,0.13983,0.13671,0.14762,0.39066,0.3888,0.40569,0.41524,0.41465,0.30287,0.29813,0.29965,0.34562,0.31164,0.44802,0.48885,0.42885,0.57898,0.423,pd_on_closed
0.048657,0.048028,0.049482,0.0511,0.052009,0.09968,0.099431,0.10276,0.10386,0.10635,0.13712,0.13277,0.13938,0.13928,0.14373,0.40334,0.39404,0.41325,0.41847,0.41417,0.29827,0.30459,0.29739,0.34943,0.30766,0.47669,0.53823,0.47178,0.60169,0.47592,pd_on_closed
0.051031,0.049759,0.049749,0.054277,0.049102,0.098363,0.097934,0.097752,0.10878,0.096362,0.12575,0.12459,0.12671,0.13844,0.13006,0.39934,0.40431,0.39297,0.46241,0.39208,0.31603,0.32013,0.32034,0.38467,0.3171,0.64896,0.65513,0.64836,0.61228,0.65198,pd_on_closed
0.049242,0.04977,0.049868,0.056147,0.050282,0.096983,0.098886,0.09715,0.1095,0.097273,0.12368,0.1226,0.12288,0.13915,0.12588,0.40406,0.40922,0.39362,0.46136,0.38629,0.31784,0.3219,0.32096,0.39127,0.31665,0.63501,0.62436,0.65078,0.58728,0.6432,pd_on_closed
0.048402,0.049595,0.048837,0.054083,0.047112,0.097555,0.098468,0.095986,0.10622,0.096112,0.12941,0.13025,0.13245,0.1442,0.13145,0.40638,0.40681,0.39227,0.45592,0.38988,0.31508,0.31455,0.31554,0.38224,0.31138,0.62291,0.61403,0.59581,0.59992,0.60121,pd_on_closed
0.049568,0.049353,0.048558,0.053426,0.046405,0.1008,0.10114,0.10084,0.10922,0.10191,0.12926,0.12837,0.12915,0.14061,0.12988,0.40614,0.41164,0.38952,0.45757,0.38638,0.31644,0.31259,0.31104,0.37222,0.31151,0.62415,0.6293,0.61917,0.63133,0.57355,pd_on_closed
0.051024,0.049527,0.04916,0.05374,0.048226,0.097896,0.098438,0.098809,0.10889,0.098564,0.13053,0.12866,0.12789,0.14288,0.13066,0.40463,0.40609,0.39179,0.45755,0.38553,0.31331,0.31536,0.31755,0.38162,0.31318,0.61261,0.61195,0.61727,0.60726,0.58557,pd_on_closed
0.049131,0.047957,0.048023,0.052669,0.047755,0.099618,0.098275,0.099018,0.10762,0.10008,0.12643,0.12724,0.12728,0.14077,0.12757,0.40744,0.40788,0.3923,0.45562,0.39201,0.31844,0.31779,0.31361,0.37948,0.313,0.6092,0.59541,0.6059,0.58777,0.61834,pd_on_closed
0.050849,0.04781,0.048954,0.047231,0.050953,0.11393,0.10233,0.10894,0.098413,0.11528,0.13083,0.11957,0.12501,0.11711,0.13538,0.41782,0.38719,0.3969,0.37483,0.4215,0.3242,0.2982,0.30448,0.29483,0.32731,0.56293,0.63473,0.57031,0.66677,0.55191,pd_on_closed
0.052548,0.050944,0.050986,0.051686,0.053769,0.11426,0.11,0.11225,0.11431,0.11889,0.13411,0.13124,0.13271,0.13802,0.13797,0.39256,0.3824,0.38989,0.39941,0.40442,0.31174,0.2994,0.30364,0.32506,0.31952,0.53902,0.55735,0.55019,0.58203,0.50223,pd_on_closed
0.052687,0.048978,0.050469,0.049359,0.052077,0.11647,0.10246,0.11083,0.10015,0.11727,0.1279,0.1163,0.12317,0.11329,0.13177,0.41418,0.38456,0.39428,0.3726,0.42122,0.32607,0.29964,0.30571,0.29351,0.33421,0.56554,0.66037,0.56299,0.66309,0.58016,pd_on_closed
0.052949,0.050005,0.050117,0.048952,0.053199,0.10705,0.09961,0.10151,0.095307,0.11066,0.12915,0.1167,0.12398,0.11668,0.13103,0.41323,0.38324,0.39497,0.37112,0.42361,0.32942,0.30801,0.31241,0.29897,0.34188,0.65836,0.70165,0.66834,0.70818,0.62981,pd_on_closed
0.053521,0.049178,0.050283,0.047594,0.054545,0.11546,0.10129,0.10939,0.097219,0.11761,0.12834,0.11653,0.12314,0.11504,0.13013,0.41392,0.38144,0.39455,0.36965,0.42111,0.32626,0.3008,0.30683,0.29222,0.33995,0.65269,0.70371,0.64534,0.7152,0.65924,pd_on_closed
0.054249,0.04983,0.051366,0.048015,0.055783,0.1129,0.10212,0.108,0.10066,0.11472,0.12808,0.11792,0.12405,0.11495,0.13215,0.41747,0.38804,0.39896,0.37672,0.4213,0.32122,0.29762,0.30327,0.29054,0.33074,0.6094,0.67427,0.61647,0.69823,0.60765,pd_on_closed
0.054852,0.050829,0.053003,0.050833,0.055128,0.12004,0.10496,0.11431,0.1034,0.12055,0.12649,0.11701,0.12192,0.11284,0.13025,0.40663,0.38236,0.38901,0.36813,0.41522,0.32448,0.3036,0.30732,0.29948,0.3302,0.52808,0.65333,0.54706,0.68348,0.53959,pd_on_closed
0.051956,0.050221,0.051547,0.053607,0.054777,0.1056,0.10176,0.10442,0.099679,0.11153,0.13036,0.12613,0.13294,0.12654,0.13999,0.38842,0.38329,0.3969,0.39158,0.41747,0.31811,0.30027,0.31269,0.32093,0.34567,0.61243,0.61373,0.58221,0.74787,0.56014,pd_on_closed
0.051418,0.050821,0.05223,0.052495,0.054488,0.11015,0.1056,0.1085,0.10476,0.11761,0.13192,0.12721,0.13337,0.12995,0.13823,0.3893,0.38357,0.39268,0.38523,0.40979,0.31478,0.29656,0.31161,0.31803,0.34174,0.58276,0.60315,0.59374,0.72969,0.55109,pd_on_closed
0.050268,0.05093,0.052657,0.053486,0.054029,0.11051,0.10736,0.11018,0.10575,0.11768,0.13064,0.12871,0.13505,0.12937,0.14012,0.38777,0.38063,0.392,0.39021,0.41615,0.31101,0.29661,0.31091,0.3144,0.34103,0.51571,0.59475,0.55306,0.65334,0.54517,pd_on_closed
0.049278,0.047466,0.049258,0.05047,0.051441,0.10953,0.10556,0.10784,0.10319,0.11701,0.12987,0.12652,0.13112,0.12741,0.13819,0.39051,0.37957,0.39364,0.39061,0.41331,0.32078,0.30114,0.31341,0.3305,0.34337,0.60543,0.65822,0.60993,0.73917,0.64396,pd_on_closed
0.050572,0.050287,0.050654,0.050642,0.053779,0.10749,0.10498,0.10772,0.10241,0.11559,0.12991,0.12656,0.1334,0.12907,0.13767,0.38536,0.38321,0.39586,0.39785,0.41098,0.31703,0.29925,0.31208,0.32096,0.34949,0.61169,0.63556,0.59883,0.69587,0.63644,pd_on_closed
0.051886,0.050909,0.051292,0.052317,0.053579,0.11349,0.11029,0.11332,0.11438,0.11901,0.13224,0.12958,0.13214,0.13733,0.13494,0.39875,0.38576,0.39074,0.40162,0.40434,0.31057,0.29727,0.3029,0.3263,0.31684,0.5647,0.57586,0.5337,0.57535,0.52228,pd_on_closed
0.052665,0.050425,0.051929,0.05168,0.055529,0.1119,0.10896,0.11062,0.10346,0.11981,0.13169,0.12782,0.13418,0.12763,0.13945,0.3864,0.37792,0.39001,0.38844,0.41054,0.31483,0.29652,0.31215,0.31824,0.33912,0.56403,0.60368,0.55936,0.69801,0.59347,pd_on_closed
0.052333,0.052127,0.05156,0.051789,0.059033,0.11181,0.10957,0.10982,0.10815,0.12126,0.13064,0.12992,0.13003,0.13077,0.14463,0.39625,0.39283,0.3926,0.40657,0.4104,0.30412,0.3025,0.30087,0.3299,0.30801,0.52421,0.54943,0.51489,0.59773,0.46534,pd_on_closed
0.054544,0.05348,0.052912,0.054618,0.059845,0.11538,0.11237,0.11317,0.11068,0.12346,0.12905,0.12566,0.12847,0.12947,0.14081,0.39391,0.39481,0.39005,0.41514,0.40476,0.30515,0.29801,0.29711,0.32794,0.31439,0.51442,0.55859,0.51871,0.62582,0.4809,pd_on_closed
0.054859,0.052587,0.052913,0.053672,0.060082,0.11499,0.1124,0.11559,0.11368,0.12146,0.13021,0.12973,0.13039,0.13235,0.13914,0.39794,0.39198,0.39105,0.41724,0.40317,0.29907,0.29737,0.29727,0.32405,0.31034,0.56398,0.57636,0.54237,0.63919,0.49677,pd_on_closed
0.055321,0.053221,0.054106,0.054384,0.059854,0.11617,0.11332,0.11358,0.1124,0.123,0.12889,0.12651,0.12879,0.13543,0.13755,0.39371,0.39598,0.39396,0.41567,0.40602,0.2977,0.30048,0.29635,0.32974,0.30777,0.52847,0.58274,0.54258,0.63474,0.44362,pd_on_closed
0.053322,0.053069,0.05344,0.054382,0.056123,0.11175,0.11011,0.11193,0.11101,0.12015,0.13035,0.13041,0.13431,0.13662,0.13996,0.40049,0.39221,0.39497,0.40969,0.40703,0.29685,0.29893,0.29624,0.32479,0.31294,0.58394,0.56982,0.54799,0.63995,0.47382,pd_on_closed
0.052681,0.052555,0.052181,0.052588,0.057451,0.11547,0.11349,0.11648,0.11526,0.12068,0.12976,0.12836,0.12893,0.13419,0.13817,0.40067,0.39417,0.38918,0.41182,0.40383,0.30089,0.29908,0.2956,0.32854,0.31287,0.55981,0.56488,0.50616,0.59537,0.53045,pd_on_closed
0.056032,0.052955,0.05341,0.053867,0.055768,0.11197,0.1112,0.11036,0.11416,0.11732,0.13218,0.13023,0.13379,0.14311,0.13831,0.41099,0.39649,0.39723,0.41424,0.40077,0.30863,0.28419,0.28586,0.31154,0.30716,0.74798,0.71858,0.65016,0.65582,0.56132,pd_on_closed
0.056553,0.053588,0.053602,0.057892,0.057047,0.11332,0.11222,0.11273,0.11812,0.11716,0.13574,0.13157,0.13614,0.14569,0.14118,0.40974,0.39665,0.39587,0.40866,0.40846,0.30205,0.28252,0.28144,0.31052,0.29772,0.71653,0.66348,0.60791,0.60568,0.57137,pd_on_closed
0.057226,0.05508,0.053942,0.057419,0.055264,0.11465,0.11093,0.11116,0.11901,0.1188,0.13719,0.13365,0.13607,0.15189,0.13892,0.4132,0.39844,0.39335,0.41285,0.40034,0.30132,0.28149,0.28102,0.30297,0.29917,0.73483,0.69593,0.65129,0.62011,0.63438,pd_on_closed
0.052541,0.050954,0.05171,0.051998,0.05453,0.11528,0.11342,0.11568,0.11613,0.12069,0.1349,0.13018,0.13393,0.13737,0.14018,0.39938,0.38657,0.39217,0.40428,0.40513,0.30479,0.29222,0.29752,0.31522,0.31056,0.49892,0.53005,0.53375,0.55329,0.45261,pd_on_closed
0.055944,0.053677,0.051951,0.056528,0.053362,0.10955,0.10697,0.10905,0.11459,0.1143,0.13293,0.12885,0.13212,0.14619,0.13927,0.41683,0.40001,0.40258,0.4128,0.40776,0.30373,0.28674,0.2873,0.30315,0.30168,0.69957,0.70676,0.64741,0.69376,0.64329,pd_on_closed
0.055733,0.053496,0.052506,0.056,0.055603,0.11076,0.10806,0.10999,0.11478,0.11408,0.13568,0.13204,0.13379,0.14431,0.13547,0.41349,0.40202,0.39825,0.41188,0.40324,0.30279,0.28757,0.28578,0.30775,0.30348,0.75202,0.70971,0.64578,0.62412,0.65764,pd_on_closed
0.055116,0.052318,0.052541,0.055107,0.056115,0.1132,0.11175,0.11103,0.11514,0.11927,0.13641,0.13177,0.13582,0.14373,0.13716,0.41505,0.3994,0.39525,0.41243,0.40469,0.30175,0.28446,0.28061,0.30416,0.30471,0.71096,0.68327,0.62633,0.62744,0.61209,pd_on_closed
0.057639,0.054281,0.056585,0.057921,0.058605,0.11747,0.11093,0.11667,0.12104,0.1202,0.13476,0.12937,0.13176,0.13615,0.13806,0.40106,0.37613,0.38066,0.40228,0.39877,0.31857,0.28172,0.29298,0.31545,0.32316,0.66787,0.63714,0.5985,0.5979,0.67203,pd_on_closed
0.057221,0.054496,0.055179,0.057914,0.057004,0.11495,0.10951,0.11566,0.12179,0.11713,0.13418,0.12577,0.13043,0.13561,0.13551,0.40423,0.37057,0.38081,0.39979,0.40385,0.32111,0.28446,0.29906,0.31888,0.32707,0.67132,0.6354,0.60201,0.60346,0.65855,pd_on_closed
0.057365,0.05375,0.056515,0.059027,0.058758,0.1188,0.11273,0.11817,0.12205,0.12103,0.13585,0.12962,0.13332,0.13493,0.13731,0.39991,0.37623,0.37955,0.39889,0.39214,0.31669,0.28499,0.29646,0.31846,0.31442,0.6716,0.65761,0.57937,0.65832,0.61896,pd_on_closed
0.059135,0.054363,0.056865,0.059321,0.060822,0.11762,0.11321,0.11839,0.12332,0.12067,0.13503,0.1277,0.1307,0.13728,0.13507,0.3993,0.37105,0.37733,0.39917,0.39669,0.32209,0.28449,0.2979,0.32121,0.31364,0.69906,0.62884,0.60746,0.6486,0.67231,pd_on_closed
0.061118,0.056761,0.058329,0.060393,0.062786,0.12029,0.11421,0.11982,0.12328,0.12397,0.12956,0.12356,0.12682,0.13419,0.12992,0.40345,0.37549,0.38173,0.40021,0.38823,0.3176,0.28566,0.29741,0.31674,0.31422,0.66513,0.62902,0.58832,0.58142,0.59878,pd_on_closed
0.058696,0.05473,0.056772,0.05894,0.059904,0.1203,0.11354,0.11734,0.1231,0.12153,0.1322,0.12803,0.13087,0.13475,0.13411,0.40195,0.37604,0.38468,0.40098,0.3979,0.31524,0.28083,0.29438,0.31666,0.316,0.65217,0.59777,0.57561,0.57549,0.64461,pd_on_closed
0.051637,0.049717,0.050743,0.051345,0.054709,0.11486,0.11105,0.11468,0.11197,0.12197,0.13258,0.13044,0.13283,0.13528,0.13779,0.3977,0.38089,0.39568,0.39965,0.40745,0.30915,0.29312,0.3022,0.31696,0.31699,0.51391,0.52799,0.48745,0.56205,0.44184,pd_on_closed
0.052422,0.050496,0.051578,0.051,0.054235,0.1184,0.11349,0.11754,0.11481,0.12441,0.13017,0.13103,0.13461,0.13729,0.13768,0.39598,0.38239,0.39336,0.39553,0.40596,0.30465,0.29306,0.29972,0.31402,0.31681,0.47488,0.50061,0.4633,0.53594,0.42753,pd_on_closed
0.053729,0.048932,0.050423,0.053805,0.053626,0.10153,0.093213,0.096133,0.1017,0.10444,0.13561,0.1264,0.1299,0.1352,0.13654,0.3903,0.38269,0.37405,0.4218,0.40475,0.33284,0.324,0.31494,0.36643,0.34073,0.70756,0.67178,0.6783,0.66051,0.69004,pd_on_closed
0.050327,0.048883,0.048008,0.050385,0.053107,0.10544,0.098909,0.10264,0.10096,0.11213,0.12822,0.12166,0.12674,0.12592,0.13667,0.39436,0.37269,0.37837,0.37351,0.42372,0.33999,0.31426,0.31616,0.32097,0.36428,0.59273,0.6308,0.55126,0.65057,0.56216,pd_on_closed
0.052347,0.049799,0.049775,0.053151,0.052737,0.10022,0.094906,0.094819,0.1036,0.10204,0.13426,0.12712,0.12919,0.13785,0.13703,0.38722,0.37901,0.37244,0.41978,0.40105,0.33383,0.3293,0.3189,0.37518,0.34771,0.70744,0.67972,0.65643,0.65234,0.67463,pd_on_closed
0.050654,0.04688,0.047797,0.051358,0.049918,0.10228,0.095643,0.096774,0.10197,0.10362,0.13612,0.12665,0.13133,0.14067,0.13538,0.39405,0.38359,0.37872,0.42352,0.40911,0.32736,0.32576,0.31097,0.37004,0.34009,0.61918,0.64949,0.59338,0.66848,0.61115,pd_on_closed
0.052137,0.050454,0.049782,0.054186,0.052317,0.10387,0.097739,0.098703,0.10594,0.10492,0.13537,0.12561,0.12982,0.1384,0.13642,0.38732,0.38478,0.37351,0.42753,0.4045,0.3273,0.32259,0.31272,0.36949,0.34303,0.65975,0.69135,0.6227,0.68342,0.6515,pd_on_closed
0.052107,0.049407,0.048808,0.053869,0.05225,0.10127,0.097325,0.097355,0.10436,0.10591,0.13242,0.12354,0.12669,0.13686,0.13139,0.39334,0.38346,0.37539,0.42377,0.40838,0.33357,0.32298,0.31699,0.37047,0.33864,0.71659,0.7068,0.66431,0.70029,0.68682,pd_on_closed
0.053511,0.050649,0.050705,0.055357,0.054138,0.10282,0.096115,0.096438,0.10195,0.10588,0.13153,0.12327,0.12362,0.13678,0.13207,0.39154,0.38269,0.37193,0.42602,0.40692,0.33192,0.3296,0.3134,0.3735,0.34694,0.76642,0.72416,0.74562,0.70394,0.76129,pd_on_closed
0.052019,0.049485,0.049978,0.051655,0.05024,0.10149,0.097489,0.098202,0.10192,0.10138,0.13351,0.12988,0.13662,0.13799,0.13621,0.40701,0.39556,0.40726,0.41508,0.39927,0.31597,0.29449,0.31362,0.32938,0.31662,0.71081,0.65527,0.58636,0.66465,0.61796,pd_on_closed
0.052191,0.049643,0.050641,0.055023,0.050728,0.10347,0.099189,0.10138,0.10324,0.10305,0.1328,0.12934,0.13597,0.13401,0.13437,0.40406,0.39502,0.40376,0.41368,0.39956,0.31516,0.29969,0.31286,0.32837,0.31441,0.71264,0.64518,0.58154,0.71384,0.60988,pd_on_closed
0.050525,0.049138,0.048333,0.050367,0.04852,0.10387,0.099834,0.10162,0.10469,0.10215,0.13094,0.12838,0.13384,0.13493,0.13589,0.4093,0.39658,0.40897,0.41596,0.40513,0.31514,0.29201,0.31262,0.32478,0.31642,0.69279,0.58401,0.5616,0.62073,0.58573,pd_on_closed
0.050786,0.048648,0.049697,0.052449,0.050796,0.10204,0.099122,0.099172,0.10501,0.10147,0.12977,0.12965,0.13499,0.14004,0.13496,0.40544,0.38844,0.40632,0.4126,0.40609,0.31994,0.29356,0.31724,0.32506,0.32173,0.71482,0.61865,0.58552,0.63933,0.6039,pd_on_closed
0.051634,0.049631,0.050872,0.055328,0.052191,0.099496,0.097463,0.098989,0.1035,0.098662,0.13365,0.12928,0.13609,0.13887,0.1359,0.4025,0.38989,0.39937,0.40969,0.3986,0.32169,0.3072,0.31639,0.33555,0.3154,0.70404,0.63093,0.61194,0.6867,0.64991,pd_on_closed
0.050739,0.048044,0.049066,0.049359,0.054203,0.10592,0.10258,0.1062,0.10475,0.11341,0.12919,0.12133,0.12795,0.12752,0.13457,0.39217,0.37281,0.37956,0.38269,0.41751,0.33478,0.31482,0.31781,0.3167,0.35638,0.59078,0.59172,0.53384,0.63139,0.5552,pd_on_closed
0.049484,0.047623,0.04816,0.048872,0.048806,0.10206,0.09839,0.10032,0.09973,0.10135,0.13203,0.1292,0.13648,0.13366,0.13448,0.40854,0.39514,0.40957,0.41533,0.39799,0.32404,0.2924,0.3157,0.32678,0.31228,0.66035,0.5785,0.52409,0.58805,0.57949,pd_on_closed
0.055434,0.053906,0.054496,0.058393,0.057798,0.10951,0.10609,0.10742,0.11386,0.11417,0.13616,0.13299,0.13732,0.14267,0.14962,0.38498,0.37609,0.38425,0.41124,0.40243,0.31641,0.29858,0.30709,0.3386,0.30784,0.68368,0.65548,0.63619,0.69104,0.54335,pd_on_closed
0.055756,0.055233,0.055008,0.060415,0.057443,0.11194,0.10856,0.11127,0.11723,0.11997,0.13588,0.13128,0.14052,0.14342,0.14741,0.39117,0.37642,0.38479,0.40379,0.39902,0.31012,0.29324,0.30073,0.32292,0.31149,0.68643,0.68607,0.60056,0.698,0.5332,pd_on_closed
0.055607,0.055442,0.054381,0.059817,0.059323,0.10943,0.10722,0.10821,0.1123,0.11696,0.14099,0.13411,0.14049,0.14379,0.15025,0.38815,0.38078,0.38674,0.41142,0.40275,0.30687,0.29189,0.30091,0.32252,0.30836,0.68053,0.68803,0.61578,0.66526,0.5732,pd_on_closed
0.057425,0.056198,0.056613,0.060227,0.059622,0.11504,0.11111,0.11298,0.11754,0.12012,0.13568,0.13306,0.1401,0.14263,0.14631,0.38907,0.37634,0.38344,0.39695,0.40327,0.30435,0.29046,0.29684,0.32134,0.31641,0.72216,0.69111,0.64891,0.66801,0.58573,pd_on_closed
0.056224,0.054011,0.054096,0.058013,0.058981,0.11314,0.1072,0.11128,0.11782,0.11636,0.13763,0.1324,0.13875,0.14195,0.14809,0.39152,0.37876,0.38601,0.40283,0.40328,0.30673,0.29357,0.29994,0.32002,0.31314,0.6871,0.69385,0.6463,0.69227,0.61167,pd_on_closed
0.059205,0.056379,0.056434,0.062989,0.060677,0.10923,0.10752,0.10824,0.11682,0.11599,0.13671,0.13171,0.13697,0.14435,0.14513,0.39217,0.37571,0.38395,0.40816,0.40711,0.307,0.2936,0.3034,0.32189,0.31055,0.71413,0.72062,0.70835,0.72762,0.66859,pd_on_closed
0.05321,0.052605,0.053128,0.053143,0.059465,0.10966,0.10936,0.11221,0.10941,0.1211,0.14311,0.1403,0.14535,0.14691,0.16323,0.38107,0.37739,0.38989,0.40414,0.42078,0.29412,0.29085,0.29479,0.32803,0.30231,0.48506,0.48405,0.48659,0.51428,0.37832,pd_on_closed
0.052196,0.051954,0.054162,0.056027,0.058873,0.11436,0.11492,0.11789,0.1147,0.1271,0.14308,0.139,0.14124,0.14546,0.16078,0.37467,0.36757,0.38429,0.4024,0.41276,0.29867,0.29356,0.29522,0.33464,0.30898,0.49203,0.48586,0.48928,0.59021,0.41267,pd_on_closed
0.054553,0.053579,0.054789,0.055551,0.058051,0.10918,0.11079,0.11239,0.10996,0.12235,0.1421,0.13696,0.14264,0.14629,0.15619,0.37637,0.3698,0.38328,0.39788,0.41234,0.30052,0.29899,0.29978,0.33112,0.3205,0.53306,0.52686,0.50604,0.55023,0.44808,pd_on_closed
0.051515,0.049824,0.050278,0.051491,0.054737,0.11007,0.10369,0.10752,0.10511,0.11601,0.133,0.12462,0.13225,0.12955,0.13859,0.39698,0.37396,0.3826,0.37974,0.41589,0.32609,0.30759,0.30948,0.31388,0.33971,0.5099,0.55226,0.51811,0.6169,0.47384,pd_on_closed
0.05397,0.053541,0.054286,0.055998,0.057496,0.10501,0.10611,0.10852,0.10718,0.11729,0.14063,0.13702,0.14369,0.14695,0.15219,0.38485,0.38163,0.38845,0.39693,0.41996,0.29703,0.29522,0.30095,0.31758,0.32097,0.56497,0.55015,0.5339,0.57612,0.5305,pd_on_closed
0.054811,0.053155,0.054329,0.056248,0.058375,0.10414,0.1041,0.10647,0.10825,0.1157,0.14008,0.13699,0.14525,0.14959,0.1539,0.38163,0.37844,0.39203,0.39998,0.4143,0.29613,0.29742,0.30266,0.31992,0.32644,0.69101,0.66547,0.57317,0.56682,0.61732,pd_on_closed
0.051729,0.051234,0.052174,0.052927,0.058021,0.10751,0.10945,0.11156,0.11086,0.12036,0.13876,0.13452,0.14129,0.1416,0.1544,0.38478,0.38167,0.39244,0.39405,0.4219,0.29467,0.29398,0.30005,0.31678,0.32471,0.51201,0.53787,0.51434,0.51141,0.46894,pd_on_closed
0.050481,0.051454,0.050024,0.05111,0.052299,0.10508,0.10553,0.10441,0.10498,0.11212,0.12499,0.12632,0.12685,0.12962,0.13062,0.3961,0.39496,0.38057,0.40274,0.40403,0.324,0.32509,0.31397,0.33949,0.3274,0.68833,0.68879,0.6305,0.67446,0.63126,pd_on_closed
0.052333,0.051746,0.050687,0.051573,0.053879,0.10883,0.10748,0.10699,0.11039,0.11544,0.12784,0.1306,0.12908,0.13168,0.1341,0.39717,0.39351,0.38294,0.39484,0.40259,0.31381,0.32016,0.3082,0.3364,0.31899,0.70792,0.71282,0.65375,0.70273,0.63053,pd_on_closed
0.050977,0.051793,0.051251,0.052365,0.054467,0.10934,0.10806,0.10775,0.10994,0.11444,0.12868,0.12889,0.12909,0.13031,0.1344,0.39249,0.39429,0.37993,0.39671,0.39828,0.31763,0.31943,0.3117,0.34101,0.32094,0.68738,0.69395,0.65774,0.73434,0.62942,pd_on_closed
0.05367,0.05177,0.051102,0.053223,0.055497,0.10969,0.10811,0.10664,0.11145,0.11523,0.12946,0.12741,0.1257,0.12734,0.13301,0.39235,0.39495,0.38207,0.39992,0.39919,0.31477,0.32057,0.3101,0.33778,0.32526,0.70349,0.71142,0.66279,0.71682,0.68391,pd_on_closed
0.050364,0.052466,0.051287,0.052883,0.053693,0.10817,0.10862,0.10663,0.10914,0.11342,0.12881,0.12888,0.12945,0.12772,0.13499,0.39273,0.39284,0.38001,0.39341,0.40294,0.31726,0.32175,0.311,0.34104,0.32262,0.68508,0.68694,0.64016,0.69688,0.63445,pd_on_closed
0.052545,0.052348,0.050437,0.052105,0.054856,0.1039,0.1048,0.10386,0.10774,0.108,0.12984,0.13,0.13059,0.13121,0.13404,0.39614,0.39226,0.37988,0.39485,0.39905,0.3203,0.32286,0.31243,0.33914,0.32699,0.74146,0.73647,0.63889,0.73763,0.65573,pd_on_closed
0.05224,0.052073,0.053166,0.054067,0.055974,0.10554,0.104,0.10677,0.10318,0.11487,0.13783,0.13636,0.14073,0.13411,0.15067,0.38085,0.37422,0.38817,0.37797,0.41321,0.31342,0.29613,0.30956,0.30786,0.34764,0.60522,0.57575,0.56915,0.6702,0.51811,pd_on_closed
0.052716,0.049756,0.050894,0.052408,0.055069,0.11385,0.10751,0.11182,0.10736,0.11909,0.13608,0.12765,0.13439,0.12879,0.13969,0.39233,0.36846,0.37554,0.3746,0.40892,0.32354,0.30566,0.3099,0.31042,0.34323,0.51541,0.57217,0.49866,0.62327,0.53235,pd_on_closed
0.053881,0.052609,0.054352,0.055083,0.056848,0.1058,0.10247,0.10714,0.10401,0.11341,0.13612,0.13348,0.13989,0.13367,0.14952,0.38058,0.37434,0.38695,0.37905,0.41421,0.31504,0.29823,0.30804,0.30458,0.35185,0.65921,0.65888,0.62541,0.73473,0.56141,pd_on_closed
0.052218,0.05314,0.054769,0.05207,0.058521,0.10422,0.10441,0.10811,0.099899,0.11489,0.13498,0.13517,0.14039,0.13092,0.14734,0.38708,0.37759,0.39083,0.37896,0.4168,0.30863,0.29449,0.30763,0.30143,0.34645,0.70397,0.66395,0.65413,0.70086,0.65359,pd_on_closed
0.054716,0.053682,0.054465,0.051753,0.058982,0.11243,0.11036,0.11142,0.10437,0.12203,0.13445,0.1334,0.13609,0.12846,0.14695,0.38822,0.37341,0.38615,0.37131,0.41668,0.30633,0.29189,0.306,0.29939,0.34293,0.62115,0.63871,0.64494,0.72276,0.58046,pd_on_closed
0.055347,0.053769,0.055964,0.053179,0.060434,0.10888,0.10548,0.10902,0.10296,0.11479,0.14048,0.13721,0.14052,0.13142,0.15082,0.38045,0.3755,0.38394,0.3716,0.4095,0.30852,0.2928,0.3087,0.30089,0.34451,0.61664,0.61961,0.64317,0.74789,0.59185,pd_on_closed
0.052098,0.050898,0.053002,0.051028,0.054894,0.10522,0.10316,0.10797,0.10167,0.11468,0.13714,0.13655,0.14031,0.13132,0.1507,0.38853,0.37878,0.39166,0.37108,0.42239,0.30807,0.29289,0.30734,0.29943,0.34392,0.52771,0.57391,0.58932,0.69886,0.47888,pd_on_closed
0.0539,0.051911,0.052046,0.05262,0.053138,0.10686,0.10392,0.10234,0.10174,0.11103,0.13842,0.13221,0.13225,0.12787,0.14525,0.40293,0.38591,0.38622,0.38532,0.40483,0.31941,0.29862,0.30377,0.31835,0.33313,0.63954,0.67229,0.65633,0.75754,0.51467,pd_on_closed
0.053831,0.051736,0.052587,0.055341,0.052449,0.10745,0.1054,0.104,0.10811,0.10858,0.13837,0.13043,0.13249,0.13181,0.14294,0.40366,0.38998,0.38667,0.39141,0.4028,0.31961,0.2947,0.30073,0.31362,0.33305,0.65043,0.6412,0.6504,0.70417,0.58737,pd_on_closed
0.053722,0.052031,0.052018,0.052909,0.054402,0.10465,0.10276,0.10235,0.10316,0.10672,0.13754,0.1341,0.13333,0.13382,0.14204,0.40471,0.39231,0.38664,0.39305,0.40992,0.31887,0.29403,0.30037,0.31254,0.33384,0.64643,0.64121,0.65708,0.70543,0.54224,pd_on_closed
0.054483,0.051681,0.052385,0.053054,0.05427,0.10848,0.10474,0.10387,0.10541,0.10871,0.13714,0.1313,0.13183,0.1324,0.14202,0.40379,0.38603,0.38528,0.39087,0.40313,0.3199,0.29815,0.30316,0.31274,0.33281,0.70564,0.66639,0.69349,0.6843,0.70962,pd_on_closed
0.053497,0.050938,0.051368,0.052693,0.052854,0.10905,0.10472,0.10449,0.10482,0.11017,0.13834,0.13428,0.13335,0.13456,0.14281,0.40455,0.38915,0.3857,0.38877,0.40368,0.318,0.29451,0.30226,0.31336,0.32867,0.67672,0.68211,0.68547,0.72602,0.60853,pd_on_closed
0.049265,0.048211,0.049605,0.052036,0.053192,0.11305,0.10601,0.10793,0.10409,0.119,0.13676,0.12696,0.13309,0.12893,0.14131,0.395,0.37246,0.38051,0.37349,0.40648,0.32458,0.30824,0.31126,0.31095,0.3437,0.50338,0.57784,0.4966,0.63282,0.50268,pd_on_closed
0.053905,0.051612,0.052525,0.053156,0.05519,0.1088,0.10531,0.10472,0.10639,0.11014,0.1393,0.13343,0.13367,0.1299,0.1442,0.40617,0.39294,0.38773,0.39532,0.40402,0.31724,0.28756,0.2973,0.30559,0.32867,0.66456,0.65613,0.67447,0.73015,0.60153,pd_on_closed
0.052758,0.04926,0.050864,0.050931,0.053223,0.1006,0.096563,0.098059,0.098704,0.10269,0.13319,0.1325,0.13465,0.13299,0.1415,0.3792,0.38458,0.38521,0.4014,0.39492,0.32697,0.32574,0.32658,0.35383,0.3299,0.6987,0.60891,0.60658,0.66875,0.56327,pd_on_closed
0.051959,0.05093,0.05115,0.051408,0.053476,0.10168,0.099638,0.10022,0.10169,0.10331,0.13207,0.13317,0.1342,0.13326,0.14147,0.38442,0.38632,0.39101,0.39959,0.39521,0.31889,0.31961,0.32265,0.34672,0.3291,0.69729,0.59066,0.59836,0.69644,0.56237,pd_on_closed
0.050415,0.049525,0.049569,0.051688,0.050186,0.099965,0.10041,0.1014,0.10254,0.10293,0.13141,0.13563,0.13781,0.13556,0.14224,0.37766,0.39158,0.39418,0.40896,0.3939,0.316,0.31991,0.32259,0.34645,0.33099,0.67886,0.56211,0.53541,0.64526,0.50589,pd_on_closed
0.054238,0.050756,0.052685,0.052439,0.054627,0.10248,0.099151,0.10255,0.099669,0.10513,0.13244,0.13567,0.13753,0.13644,0.14318,0.37733,0.38889,0.39048,0.40021,0.39384,0.31506,0.31647,0.31915,0.34729,0.3304,0.6599,0.55905,0.55487,0.64697,0.51628,pd_on_closed
0.050365,0.050512,0.051337,0.053277,0.05073,0.099056,0.10255,0.10241,0.10258,0.10906,0.13096,0.13683,0.13943,0.13721,0.14125,0.37731,0.39371,0.39636,0.40898,0.39688,0.30915,0.31439,0.31945,0.34541,0.32941,0.65768,0.56144,0.55233,0.67643,0.52773,pd_on_closed
0.053273,0.048786,0.051236,0.048181,0.0546,0.10437,0.09658,0.10019,0.10138,0.10567,0.13424,0.13438,0.1381,0.13373,0.14076,0.38692,0.38816,0.39353,0.39674,0.39562,0.31676,0.31313,0.31843,0.34007,0.3272,0.69503,0.55034,0.57272,0.65914,0.54826,pd_on_closed
0.053237,0.053083,0.053177,0.0504,0.056486,0.1134,0.11574,0.11598,0.11005,0.12357,0.12616,0.12938,0.13335,0.12674,0.13836,0.37698,0.37711,0.39055,0.37884,0.40252,0.31308,0.30413,0.32019,0.30784,0.32529,0.63396,0.62783,0.6217,0.67521,0.54616,pd_on_closed
0.053195,0.052488,0.054002,0.051853,0.056149,0.11421,0.11343,0.11731,0.11349,0.12114,0.12876,0.12855,0.13447,0.12802,0.13801,0.3764,0.374,0.38438,0.37063,0.40027,0.31019,0.30404,0.3254,0.31355,0.33493,0.63605,0.63204,0.6095,0.62746,0.54535,pd_on_closed
0.054718,0.055134,0.056937,0.055779,0.05715,0.11855,0.11914,0.12257,0.11583,0.1285,0.12815,0.12867,0.13218,0.12752,0.13846,0.37325,0.37264,0.38665,0.36933,0.39554,0.30542,0.30042,0.31954,0.30817,0.32696,0.59742,0.60583,0.58125,0.64464,0.52418,pd_on_closed
0.05464,0.052329,0.056948,0.051233,0.060203,0.11105,0.10746,0.11446,0.10599,0.12251,0.12485,0.12425,0.13372,0.12362,0.13961,0.37938,0.37924,0.40525,0.37482,0.41501,0.30131,0.29454,0.32294,0.28809,0.33603,0.70663,0.70283,0.68577,0.72951,0.6994,pd_on_closed
0.054994,0.05294,0.055014,0.051697,0.056622,0.1172,0.11766,0.1192,0.11389,0.12669,0.12897,0.12995,0.1342,0.12686,0.13895,0.37477,0.37699,0.3858,0.37189,0.40153,0.3078,0.29988,0.32004,0.31143,0.32113,0.6203,0.60408,0.6133,0.65649,0.53726,pd_on_closed
0.055049,0.054509,0.05573,0.05404,0.058529,0.11999,0.11895,0.12079,0.11535,0.1285,0.13124,0.13031,0.13764,0.13211,0.13986,0.37334,0.3754,0.38539,0.37007,0.39432,0.30682,0.30094,0.31366,0.29831,0.31932,0.59513,0.61668,0.59252,0.6325,0.51816,pd_on_closed
0.055018,0.055042,0.056971,0.05451,0.058128,0.1188,0.1184,0.11917,0.11438,0.12795,0.13282,0.13423,0.13795,0.13315,0.14424,0.37466,0.37394,0.3893,0.37384,0.39684,0.30009,0.29573,0.31322,0.30035,0.31768,0.57142,0.5931,0.58952,0.64294,0.49757,pd_on_closed
0.054812,0.052532,0.052517,0.053977,0.053261,0.10498,0.10141,0.1013,0.10332,0.105,0.14025,0.13459,0.14276,0.13642,0.15193,0.38719,0.3778,0.39335,0.40639,0.40569,0.30631,0.29945,0.3115,0.33316,0.3278,0.54355,0.50235,0.41327,0.59443,0.34363,pd_on_closed
0.054389,0.053182,0.052968,0.054745,0.05524,0.10799,0.10261,0.10383,0.10713,0.10725,0.13887,0.13598,0.14128,0.1332,0.15015,0.38697,0.38034,0.39396,0.39988,0.40712,0.30644,0.2937,0.30811,0.32043,0.33131,0.58643,0.57669,0.52231,0.69519,0.42674,pd_on_closed
0.056355,0.054235,0.054236,0.055325,0.056151,0.10414,0.1004,0.10516,0.10412,0.10684,0.14232,0.13526,0.14416,0.13753,0.15196,0.38766,0.38074,0.3951,0.39548,0.41267,0.30224,0.29043,0.30322,0.32146,0.33107,0.60057,0.6175,0.51609,0.7429,0.46157,pd_on_closed
0.056232,0.053736,0.053136,0.058133,0.05423,0.10512,0.098965,0.10094,0.10205,0.10666,0.13984,0.13589,0.14539,0.1375,0.15021,0.38931,0.38546,0.40049,0.40088,0.41587,0.30033,0.28971,0.30195,0.31656,0.33077,0.56886,0.5989,0.45526,0.70676,0.41968,pd_on_closed
0.057887,0.054846,0.05427,0.059423,0.05529,0.1033,0.099008,0.10204,0.1039,0.1047,0.14203,0.136,0.14434,0.13653,0.15198,0.3903,0.38613,0.40231,0.39832,0.41416,0.29908,0.28777,0.30037,0.31476,0.32679,0.54703,0.58819,0.47816,0.71949,0.37767,pd_on_closed
0.056951,0.055551,0.054574,0.058886,0.055514,0.10419,0.099536,0.10403,0.10479,0.10442,0.14043,0.13655,0.14547,0.13921,0.14897,0.39543,0.38223,0.399,0.39514,0.41431,0.29601,0.2878,0.30257,0.31502,0.32764,0.55703,0.60669,0.47408,0.6967,0.39784,pd_on_closed
0.053925,0.052558,0.054657,0.053118,0.05704,0.11174,0.10817,0.11188,0.1041,0.11602,0.13203,0.12532,0.1324,0.12232,0.13424,0.38749,0.37287,0.39589,0.37629,0.39993,0.3169,0.30216,0.3218,0.3076,0.3282,0.64523,0.6564,0.66004,0.71355,0.63325,pd_on_closed
0.053568,0.05266,0.056296,0.051997,0.05954,0.10902,0.10641,0.11645,0.10438,0.12133,0.12245,0.12404,0.13227,0.12377,0.13411,0.37857,0.38041,0.40376,0.3702,0.41323,0.30601,0.30022,0.32549,0.28779,0.34029,0.71253,0.69784,0.64532,0.68303,0.68241,pd_on_closed
0.05637,0.054086,0.056512,0.053167,0.059322,0.11723,0.11007,0.11666,0.11129,0.11959,0.13231,0.12663,0.13335,0.12538,0.13605,0.38332,0.37104,0.3939,0.37058,0.40118,0.30765,0.29985,0.31745,0.30154,0.32618,0.63824,0.66834,0.65692,0.68476,0.65557,pd_on_closed
0.055461,0.053182,0.055174,0.053983,0.057004,0.12308,0.1147,0.1217,0.11267,0.1258,0.13361,0.1294,0.1332,0.1261,0.14036,0.38301,0.36849,0.39126,0.3708,0.40204,0.30458,0.293,0.31206,0.29748,0.32447,0.46036,0.51962,0.5327,0.6174,0.47623,pd_on_closed
0.054761,0.052492,0.055375,0.053382,0.056629,0.11973,0.11302,0.11859,0.1113,0.1235,0.13335,0.12809,0.13512,0.12545,0.13561,0.3898,0.37106,0.3963,0.37366,0.4017,0.30373,0.29393,0.31356,0.29639,0.31987,0.53517,0.57924,0.60716,0.71171,0.50105,pd_on_closed
0.054747,0.051646,0.056359,0.055404,0.055575,0.11865,0.11281,0.11839,0.10972,0.12321,0.13269,0.12792,0.13431,0.12595,0.13615,0.38625,0.37075,0.392,0.37167,0.39963,0.30711,0.29797,0.31475,0.2981,0.32812,0.4989,0.55208,0.55895,0.64583,0.51214,pd_on_closed
0.055664,0.053222,0.055683,0.053001,0.057479,0.11694,0.11381,0.11801,0.11075,0.12292,0.13187,0.12825,0.13403,0.12766,0.13801,0.38811,0.36984,0.39378,0.36952,0.40178,0.30241,0.29808,0.31526,0.30152,0.32522,0.52602,0.56802,0.58229,0.65294,0.53111,pd_on_closed
0.053402,0.053097,0.054262,0.054118,0.057139,0.099206,0.099311,0.10172,0.10251,0.10578,0.12443,0.12392,0.12911,0.12691,0.14259,0.38061,0.38391,0.40583,0.40464,0.42775,0.31499,0.30727,0.32069,0.33011,0.33326,0.79565,0.76152,0.73376,0.7922,0.61418,pd_on_closed
0.053517,0.052439,0.054119,0.054823,0.05657,0.096649,0.096302,0.099975,0.099707,0.1045,0.13095,0.12847,0.13505,0.12886,0.15319,0.38263,0.37925,0.4027,0.396,0.43448,0.31109,0.30746,0.31768,0.32314,0.32893,0.64734,0.66551,0.64271,0.72928,0.40805,pd_on_closed
0.052651,0.053104,0.054495,0.054694,0.056726,0.09983,0.099452,0.10228,0.10098,0.10503,0.13571,0.1332,0.13755,0.13628,0.15549,0.38426,0.383,0.40517,0.39982,0.43991,0.30039,0.29881,0.308,0.30765,0.32385,0.59671,0.65822,0.61898,0.65113,0.39533,pd_on_closed
0.054991,0.053417,0.055115,0.057087,0.057215,0.099988,0.098322,0.10088,0.10341,0.10601,0.13179,0.13018,0.1369,0.13389,0.15273,0.38363,0.38198,0.4069,0.40484,0.42978,0.30272,0.30019,0.31362,0.3078,0.32595,0.73548,0.7127,0.68251,0.7436,0.50257,pd_on_closed
0.052983,0.052409,0.053718,0.054405,0.055925,0.09686,0.094371,0.10034,0.099432,0.10515,0.13277,0.13022,0.13719,0.13253,0.15049,0.39643,0.38745,0.40538,0.40585,0.43891,0.30845,0.29741,0.30534,0.30719,0.32212,0.63033,0.64402,0.59554,0.66812,0.43117,pd_on_closed
0.0537,0.053028,0.055588,0.052837,0.058376,0.10884,0.10722,0.11702,0.10487,0.12034,0.1202,0.12034,0.12949,0.11825,0.13362,0.37804,0.37181,0.39804,0.35852,0.41519,0.31156,0.30564,0.33386,0.29607,0.34759,0.73992,0.71095,0.71027,0.71765,0.72202,pd_on_closed
0.052606,0.052434,0.05363,0.054349,0.056541,0.099237,0.099316,0.10181,0.10219,0.10626,0.13501,0.12865,0.13932,0.13564,0.15475,0.39115,0.3851,0.41365,0.40006,0.44068,0.29717,0.29323,0.30542,0.30766,0.31938,0.59364,0.65344,0.60832,0.67256,0.38068,pd_on_closed
0.054279,0.051876,0.052852,0.054435,0.054801,0.10506,0.10169,0.10574,0.10805,0.10766,0.13548,0.13575,0.13921,0.14159,0.1457,0.38892,0.38905,0.39908,0.39591,0.4084,0.30435,0.29364,0.30497,0.30914,0.33711,0.58703,0.53294,0.53541,0.57156,0.42784,pd_on_closed
0.055482,0.054758,0.055297,0.057179,0.056642,0.11172,0.10996,0.11446,0.12026,0.11543,0.13994,0.1358,0.1411,0.14051,0.14343,0.38377,0.37985,0.38727,0.38967,0.40505,0.29942,0.29311,0.30318,0.30722,0.32572,0.58034,0.58503,0.50329,0.55537,0.55375,pd_on_closed
0.05463,0.053375,0.053689,0.055218,0.056127,0.10975,0.10886,0.11202,0.11495,0.11591,0.13582,0.13298,0.13888,0.13946,0.14263,0.38284,0.37483,0.38702,0.38611,0.41135,0.30764,0.29253,0.31022,0.30677,0.33885,0.67011,0.62531,0.56914,0.61095,0.60196,pd_on_closed
0.056579,0.055929,0.056503,0.056699,0.057706,0.11144,0.10876,0.11074,0.11173,0.11464,0.13204,0.13034,0.13351,0.13747,0.14002,0.37854,0.37598,0.38889,0.38431,0.40766,0.31125,0.29476,0.31064,0.3097,0.3457,0.72916,0.6904,0.66658,0.63689,0.67165,pd_on_closed
0.052444,0.050713,0.051977,0.051813,0.056354,0.1016,0.10232,0.10363,0.10737,0.10786,0.13363,0.13131,0.13593,0.13808,0.14375,0.39657,0.38863,0.40113,0.39644,0.41587,0.30184,0.29388,0.30985,0.313,0.34039,0.55585,0.56316,0.52647,0.55854,0.45629,pd_on_closed
0.052443,0.051881,0.05162,0.053433,0.05807,0.10678,0.10554,0.1075,0.10957,0.11359,0.1352,0.13641,0.14058,0.1386,0.14663,0.39254,0.39167,0.4004,0.39699,0.41032,0.29862,0.2886,0.30063,0.31218,0.32801,0.5955,0.54162,0.49078,0.57213,0.50104,pd_on_closed
0.049241,0.045988,0.048569,0.053602,0.049687,0.097047,0.090778,0.096749,0.10329,0.099051,0.13137,0.12603,0.13354,0.14481,0.13404,0.41188,0.38436,0.41145,0.44124,0.41218,0.31939,0.29521,0.31683,0.34406,0.32203,0.61765,0.62481,0.59268,0.65608,0.61685,pd_on_closed
0.050291,0.047928,0.051197,0.055126,0.050963,0.094586,0.089879,0.094601,0.10435,0.093686,0.13652,0.12718,0.13674,0.14266,0.13964,0.4131,0.386,0.41386,0.43613,0.41578,0.31214,0.29464,0.31243,0.33968,0.31703,0.60448,0.59073,0.57075,0.59805,0.54848,pd_on_closed
0.048537,0.045304,0.048642,0.053404,0.04868,0.096745,0.09528,0.099037,0.10891,0.097694,0.13225,0.13085,0.13607,0.15008,0.13618,0.40641,0.38545,0.41198,0.43641,0.41612,0.31701,0.29162,0.31335,0.335,0.32185,0.61969,0.60586,0.59959,0.62169,0.60589,pd_on_closed
0.052276,0.053933,0.053287,0.053013,0.058884,0.094762,0.098244,0.09684,0.093414,0.11191,0.12996,0.13194,0.12825,0.12215,0.1519,0.3867,0.39655,0.38876,0.37361,0.4502,0.30406,0.31745,0.30955,0.30518,0.35079,0.68559,0.66998,0.72039,0.77019,0.58183,hc_closed
0.051576,0.050538,0.052534,0.051752,0.052654,0.10463,0.1031,0.10748,0.10506,0.10982,0.13582,0.13171,0.13713,0.13161,0.14542,0.39857,0.39025,0.40335,0.40082,0.42325,0.29858,0.29431,0.30598,0.32241,0.31416,0.45237,0.5308,0.54317,0.62733,0.33953,hc_closed
0.050618,0.051258,0.053068,0.055534,0.054252,0.10115,0.099496,0.10322,0.10736,0.10543,0.13459,0.13491,0.13939,0.14398,0.15005,0.40083,0.39901,0.40908,0.41553,0.43526,0.28379,0.29005,0.30323,0.31848,0.31189,0.60691,0.63189,0.59656,0.67175,0.45238,hc_closed
0.050661,0.050284,0.051947,0.053883,0.052495,0.10338,0.1022,0.10408,0.10793,0.10784,0.13163,0.13167,0.13617,0.14157,0.1417,0.40293,0.39762,0.40723,0.42006,0.4258,0.29124,0.29165,0.30675,0.329,0.31356,0.64101,0.67193,0.64668,0.65679,0.58455,hc_closed
0.051456,0.05137,0.051867,0.054321,0.054254,0.098827,0.098214,0.10088,0.10604,0.10283,0.13104,0.13052,0.13783,0.14192,0.14776,0.3996,0.39925,0.40918,0.42355,0.43209,0.28838,0.29498,0.31061,0.32811,0.31402,0.61955,0.63363,0.59771,0.60779,0.42668,hc_closed
0.052399,0.052342,0.051572,0.052949,0.053282,0.095204,0.097396,0.094993,0.096277,0.096337,0.12122,0.12531,0.12519,0.1262,0.12218,0.39915,0.40523,0.39396,0.40084,0.39874,0.33187,0.33142,0.32113,0.33474,0.33268,0.74601,0.73391,0.74142,0.7636,0.75159,hc_closed
0.052675,0.052405,0.051415,0.05211,0.052852,0.096797,0.099217,0.097087,0.098628,0.097749,0.12065,0.12251,0.12127,0.12595,0.12332,0.39889,0.4079,0.39848,0.40027,0.41037,0.32756,0.32777,0.32109,0.33012,0.32451,0.7699,0.7351,0.7532,0.77836,0.7435,hc_closed
0.052423,0.054082,0.052618,0.051717,0.054375,0.10298,0.10228,0.10011,0.096276,0.10383,0.12391,0.12444,0.12375,0.12581,0.12466,0.39966,0.4077,0.39682,0.39558,0.40752,0.32433,0.31795,0.31231,0.30488,0.33086,0.79932,0.77282,0.78462,0.77823,0.7978,hc_closed
0.054322,0.054047,0.053165,0.053636,0.055233,0.098717,0.10052,0.095978,0.097826,0.10054,0.12318,0.12593,0.12378,0.12719,0.12468,0.40323,0.41434,0.3982,0.39217,0.40619,0.32197,0.32268,0.31147,0.31034,0.32515,0.75647,0.74961,0.76258,0.77746,0.7666,hc_closed
0.055286,0.054247,0.053363,0.054025,0.056389,0.10071,0.10212,0.099569,0.10035,0.10168,0.12417,0.12914,0.1272,0.12789,0.12471,0.40365,0.41585,0.40313,0.39825,0.40744,0.31458,0.31497,0.30543,0.30217,0.3171,0.7886,0.7452,0.75911,0.78805,0.77859,hc_closed
0.053217,0.05395,0.051567,0.053367,0.052062,0.10337,0.10504,0.10121,0.10364,0.10472,0.1278,0.1294,0.1263,0.12703,0.13078,0.3994,0.41303,0.39718,0.40204,0.40553,0.31382,0.31745,0.30567,0.29956,0.32306,0.76254,0.75392,0.76264,0.77891,0.76341,hc_closed
0.053012,0.05153,0.052885,0.048493,0.05418,0.096666,0.095781,0.098326,0.090299,0.10386,0.1316,0.12652,0.12997,0.12183,0.142,0.40188,0.38328,0.39813,0.36713,0.42,0.3278,0.30575,0.321,0.29555,0.34237,0.71615,0.73289,0.70802,0.75767,0.63118,hc_closed
0.050492,0.051271,0.051923,0.05204,0.052288,0.10616,0.10247,0.10679,0.10476,0.10862,0.12788,0.12775,0.13152,0.12739,0.13911,0.39963,0.39093,0.40637,0.40414,0.41467,0.30538,0.30212,0.3109,0.33621,0.31648,0.63966,0.63764,0.62156,0.69495,0.54839,hc_closed
0.052445,0.052095,0.05388,0.05112,0.055962,0.10351,0.10237,0.10442,0.096009,0.11153,0.13257,0.12631,0.13179,0.12259,0.14115,0.39857,0.37503,0.39743,0.36294,0.40851,0.32545,0.30031,0.3186,0.29576,0.33931,0.73572,0.71649,0.72402,0.73637,0.68299,hc_closed
0.054617,0.052632,0.054512,0.050996,0.05617,0.10573,0.10353,0.10598,0.098122,0.11317,0.1359,0.1277,0.13437,0.12313,0.14351,0.39795,0.38016,0.40105,0.36373,0.41288,0.31346,0.29687,0.31437,0.28291,0.32916,0.71389,0.73847,0.72955,0.75413,0.65838,hc_closed
0.052716,0.052099,0.052481,0.051431,0.055268,0.10023,0.098911,0.10361,0.096196,0.10692,0.13192,0.12517,0.13096,0.1217,0.13789,0.39625,0.38459,0.40222,0.36988,0.4134,0.3198,0.30505,0.3216,0.29291,0.3403,0.73988,0.74143,0.73519,0.75747,0.70948,hc_closed
0.053293,0.051571,0.054078,0.05086,0.054731,0.10121,0.10155,0.10464,0.095299,0.10635,0.13389,0.12902,0.1348,0.12368,0.14148,0.39444,0.38992,0.40699,0.37089,0.41616,0.31503,0.29509,0.3143,0.28608,0.33375,0.71682,0.70732,0.69616,0.73421,0.659,hc_closed
0.055033,0.054033,0.054482,0.052644,0.057499,0.10296,0.10017,0.1029,0.094962,0.10893,0.13761,0.13114,0.13713,0.1271,0.14678,0.39542,0.37447,0.39767,0.36541,0.41287,0.31982,0.29524,0.31542,0.28812,0.33239,0.71819,0.70188,0.70978,0.70834,0.63785,hc_closed
0.052781,0.052626,0.053234,0.054114,0.051238,0.10168,0.098918,0.10207,0.10019,0.10139,0.13135,0.12703,0.13463,0.13122,0.13764,0.38544,0.37902,0.40123,0.39702,0.40353,0.31676,0.31281,0.32388,0.33276,0.33603,0.72583,0.73856,0.63442,0.73248,0.65309,hc_closed
0.053528,0.052064,0.052915,0.053761,0.053059,0.10095,0.098672,0.10127,0.099993,0.10371,0.13604,0.12786,0.13852,0.13574,0.14248,0.37968,0.37379,0.40009,0.39026,0.41661,0.31422,0.30946,0.32294,0.32275,0.33628,0.5123,0.6198,0.51759,0.59145,0.42282,hc_closed
0.054385,0.052366,0.053987,0.052339,0.055481,0.10493,0.09977,0.10279,0.099589,0.10501,0.13719,0.13011,0.13847,0.13531,0.14204,0.38476,0.37419,0.40184,0.39396,0.40704,0.3124,0.30293,0.31648,0.33134,0.32928,0.5168,0.60926,0.49362,0.54283,0.45287,hc_closed
0.053206,0.05098,0.052426,0.051842,0.054229,0.10341,0.099199,0.10462,0.09931,0.10592,0.14104,0.13016,0.14276,0.13827,0.14122,0.38784,0.37758,0.40202,0.39372,0.40779,0.31069,0.30067,0.31212,0.32531,0.32722,0.39113,0.54065,0.43833,0.49318,0.39403,hc_closed
0.053009,0.053134,0.053661,0.054317,0.052206,0.10336,0.10134,0.10443,0.10192,0.10448,0.14283,0.13624,0.14421,0.1407,0.14893,0.38489,0.37905,0.40045,0.39013,0.40429,0.30771,0.29963,0.31301,0.32475,0.31462,0.42528,0.51668,0.48677,0.57708,0.37759,hc_closed
0.052297,0.051543,0.052397,0.054134,0.054881,0.10603,0.10424,0.1073,0.10694,0.10502,0.13416,0.1313,0.13507,0.13428,0.14579,0.39957,0.39306,0.40787,0.40857,0.41518,0.296,0.29067,0.30608,0.31923,0.31654,0.53084,0.60524,0.59978,0.651,0.38091,hc_closed
0.053766,0.0517,0.053899,0.05319,0.054585,0.10227,0.10083,0.10412,0.10097,0.10585,0.14303,0.1349,0.14421,0.14088,0.14815,0.38737,0.37778,0.40217,0.3975,0.40858,0.3064,0.29688,0.31011,0.32333,0.31631,0.35144,0.49674,0.45286,0.43204,0.33674,hc_closed
0.049233,0.047526,0.048754,0.049679,0.051729,0.094421,0.089354,0.092778,0.091647,0.10107,0.1293,0.12804,0.13264,0.12952,0.1417,0.40332,0.397,0.41558,0.40678,0.43517,0.31297,0.30429,0.3122,0.32226,0.33352,0.62575,0.58813,0.5433,0.64117,0.5278,hc_closed
0.049954,0.048125,0.048857,0.046888,0.052098,0.095217,0.093017,0.095286,0.094989,0.098485,0.13542,0.13128,0.13689,0.13022,0.14583,0.40641,0.39249,0.4126,0.4013,0.43115,0.31082,0.2965,0.30673,0.31623,0.33388,0.48677,0.52006,0.46071,0.57447,0.43916,hc_closed
0.049417,0.047954,0.048749,0.049941,0.052435,0.094433,0.092093,0.095542,0.092435,0.10323,0.13353,0.12804,0.1372,0.13246,0.14503,0.40482,0.39768,0.41744,0.40525,0.43443,0.30724,0.29741,0.30497,0.31053,0.33215,0.49468,0.53535,0.4468,0.5776,0.45631,hc_closed
0.048528,0.048061,0.04984,0.048378,0.052479,0.097994,0.092623,0.097527,0.094909,0.10264,0.13576,0.13166,0.13732,0.13191,0.14697,0.4026,0.39042,0.4126,0.39749,0.42803,0.30762,0.29845,0.3058,0.31717,0.33618,0.45529,0.49173,0.44637,0.57144,0.39404,hc_closed
0.04964,0.047096,0.04873,0.048147,0.051817,0.094441,0.091371,0.096457,0.097077,0.10103,0.13458,0.13009,0.13884,0.13111,0.14492,0.40473,0.39321,0.41614,0.39829,0.43212,0.3077,0.29691,0.30926,0.31627,0.33066,0.41595,0.46163,0.40506,0.54497,0.38875,hc_closed
0.048754,0.046472,0.048378,0.047546,0.051484,0.098237,0.092869,0.098487,0.096789,0.10201,0.1388,0.13286,0.14056,0.13567,0.14786,0.39975,0.39386,0.41269,0.39799,0.42743,0.30851,0.29396,0.30483,0.30639,0.33526,0.39191,0.49265,0.41093,0.51593,0.36545,hc_closed
0.053677,0.050902,0.050998,0.053972,0.053397,0.10526,0.10257,0.10023,0.10867,0.10235,0.12427,0.12291,0.12062,0.12834,0.12173,0.40055,0.38474,0.38559,0.41635,0.38026,0.34505,0.32496,0.32387,0.36054,0.3164,0.78422,0.77672,0.75025,0.77885,0.78927,hc_closed
0.055544,0.052599,0.053202,0.057253,0.053311,0.10757,0.10366,0.10247,0.11211,0.10388,0.12908,0.12647,0.12631,0.13366,0.12716,0.40154,0.38562,0.38329,0.41385,0.38233,0.33411,0.31405,0.31729,0.34492,0.31453,0.78265,0.7623,0.74854,0.7928,0.7579,hc_closed
0.054286,0.052164,0.052543,0.05597,0.0528,0.10435,0.1014,0.10014,0.109,0.099367,0.12717,0.12467,0.12653,0.13174,0.12539,0.39782,0.38316,0.38374,0.41527,0.37746,0.34,0.32407,0.32491,0.3551,0.31783,0.76675,0.75602,0.71367,0.76977,0.74094,hc_closed
0.051898,0.050406,0.052175,0.054188,0.050451,0.099096,0.098301,0.1013,0.10524,0.097267,0.12668,0.12386,0.13206,0.13857,0.13001,0.40662,0.40013,0.42026,0.43136,0.40267,0.31116,0.30441,0.31032,0.34295,0.30193,0.75409,0.69548,0.66661,0.632,0.7124,hc_closed
0.054479,0.054261,0.05262,0.056161,0.052347,0.10511,0.10192,0.1012,0.11041,0.1018,0.1301,0.12789,0.12639,0.13545,0.12831,0.4048,0.38607,0.38928,0.41123,0.38399,0.33374,0.31155,0.3153,0.34626,0.31194,0.78137,0.77623,0.75143,0.76019,0.77534,hc_closed
0.054675,0.054126,0.051947,0.058263,0.051984,0.10425,0.10292,0.10172,0.1097,0.09997,0.12729,0.12431,0.12786,0.1313,0.12811,0.39799,0.38051,0.38369,0.41379,0.37861,0.33962,0.3236,0.32124,0.35425,0.31625,0.78949,0.77579,0.74197,0.80789,0.75287,hc_closed
0.05372,0.053168,0.051606,0.056021,0.050321,0.10183,0.098438,0.1002,0.10412,0.098589,0.12514,0.1258,0.12482,0.13133,0.12528,0.40153,0.38486,0.38664,0.40877,0.39049,0.33738,0.32246,0.3252,0.35502,0.32009,0.80105,0.78662,0.74657,0.82774,0.73357,hc_closed
0.052587,0.050154,0.052044,0.051723,0.055818,0.11498,0.11176,0.11498,0.10901,0.12208,0.12555,0.12288,0.12789,0.12458,0.13391,0.38047,0.37209,0.3797,0.3892,0.40749,0.32312,0.31337,0.31594,0.3291,0.34384,0.42469,0.44189,0.45156,0.62521,0.36405,hc_closed
0.054492,0.05201,0.054168,0.053777,0.056476,0.11615,0.11326,0.11717,0.11455,0.12404,0.1257,0.12287,0.12905,0.1273,0.13247,0.37456,0.36996,0.37882,0.38466,0.40265,0.3195,0.31234,0.31634,0.33874,0.34343,0.41297,0.4348,0.44214,0.54515,0.36916,hc_closed
0.051702,0.048973,0.050514,0.050208,0.053544,0.11232,0.11029,0.11115,0.10975,0.12094,0.12647,0.12407,0.12915,0.12866,0.13322,0.37951,0.36744,0.37799,0.3852,0.40303,0.32913,0.31472,0.32306,0.34092,0.34788,0.54726,0.51654,0.54907,0.65909,0.4269,hc_closed
0.051001,0.050564,0.051418,0.052905,0.054614,0.10721,0.10647,0.10882,0.11029,0.11563,0.12839,0.12653,0.13078,0.12801,0.13541,0.38533,0.37164,0.38592,0.39787,0.41379,0.31943,0.30629,0.31846,0.3438,0.34515,0.59742,0.56133,0.58249,0.68192,0.47805,hc_closed
0.051144,0.050234,0.052288,0.050834,0.054657,0.1162,0.11283,0.11694,0.11196,0.12384,0.12796,0.12415,0.13036,0.12898,0.13324,0.38043,0.37026,0.38431,0.38886,0.40513,0.31624,0.30639,0.31503,0.34106,0.34143,0.4142,0.43035,0.43456,0.53872,0.38589,hc_closed
0.052134,0.050003,0.052193,0.050815,0.054609,0.11272,0.11149,0.11384,0.11362,0.12125,0.12859,0.12704,0.13367,0.13333,0.13475,0.38416,0.37108,0.385,0.39568,0.40514,0.31379,0.30192,0.31418,0.33455,0.34442,0.51114,0.49233,0.50152,0.55177,0.42933,hc_closed
0.052406,0.05084,0.050549,0.054621,0.051375,0.10134,0.097064,0.098655,0.10466,0.09862,0.12964,0.12581,0.12878,0.13463,0.13085,0.40871,0.39385,0.40019,0.417,0.41067,0.32661,0.30206,0.30735,0.34506,0.32101,0.72643,0.67374,0.64273,0.72124,0.6562,hc_closed
0.051283,0.051164,0.052812,0.055376,0.050545,0.10085,0.098199,0.10265,0.10479,0.099966,0.12568,0.12549,0.13412,0.13849,0.12981,0.40907,0.39707,0.4229,0.42815,0.40999,0.305,0.29781,0.31045,0.33378,0.30116,0.6642,0.65454,0.59509,0.6419,0.61884,hc_closed
0.050398,0.04862,0.048841,0.05362,0.050281,0.097909,0.094861,0.095161,0.10095,0.096503,0.12905,0.12545,0.12976,0.13412,0.13267,0.40844,0.39534,0.40598,0.4208,0.40646,0.32942,0.30522,0.31156,0.34687,0.32254,0.67552,0.62764,0.58688,0.68128,0.61795,hc_closed
0.050647,0.048393,0.048634,0.051466,0.050477,0.098132,0.094387,0.096191,0.10002,0.099738,0.12894,0.12566,0.12986,0.13536,0.13336,0.40951,0.39545,0.40525,0.4188,0.41482,0.3272,0.30494,0.30886,0.34792,0.31802,0.68799,0.62997,0.60785,0.69444,0.63144,hc_closed
0.049314,0.048238,0.048972,0.052439,0.050386,0.10032,0.096086,0.097593,0.10516,0.10053,0.12698,0.12156,0.12419,0.1347,0.12878,0.40515,0.3859,0.39609,0.42122,0.40318,0.33635,0.31174,0.31827,0.35542,0.33482,0.67033,0.62876,0.62608,0.66002,0.63123,hc_closed
0.052857,0.049774,0.050411,0.054031,0.052598,0.10054,0.09565,0.099905,0.10359,0.10027,0.12916,0.12455,0.13039,0.13246,0.1326,0.40732,0.39073,0.40122,0.41715,0.40756,0.32419,0.30787,0.30944,0.34484,0.32036,0.70224,0.67339,0.60666,0.73377,0.61521,hc_closed
0.051267,0.048381,0.049124,0.053256,0.049387,0.10359,0.09803,0.097966,0.10545,0.10206,0.12924,0.12429,0.12817,0.13537,0.12999,0.40737,0.39126,0.40058,0.42152,0.40594,0.32738,0.30769,0.30908,0.35109,0.32168,0.69509,0.64743,0.57623,0.64604,0.61141,hc_closed
0.052647,0.051156,0.0529,0.051478,0.054753,0.10639,0.10165,0.10785,0.10207,0.11295,0.1371,0.13287,0.13732,0.13161,0.14576,0.39233,0.38415,0.39978,0.38339,0.41492,0.30613,0.29916,0.31048,0.29908,0.32271,0.44445,0.54023,0.52175,0.60709,0.40533,hc_closed
0.055164,0.053945,0.055571,0.052885,0.058114,0.10511,0.1007,0.10743,0.10327,0.11079,0.1346,0.13132,0.13942,0.13496,0.14129,0.39054,0.38455,0.40144,0.38849,0.40994,0.30268,0.30001,0.31177,0.30653,0.31995,0.56273,0.60246,0.54599,0.61405,0.4883,hc_closed
0.054337,0.05161,0.053741,0.051018,0.056982,0.10399,0.10061,0.10634,0.10041,0.10996,0.13363,0.12914,0.1347,0.12854,0.13938,0.3951,0.38836,0.40617,0.39041,0.4172,0.3017,0.30158,0.31452,0.30297,0.31972,0.57846,0.63057,0.59646,0.64353,0.53759,hc_closed
0.053864,0.051569,0.054892,0.052776,0.056656,0.10661,0.10373,0.10807,0.10348,0.11334,0.13629,0.13387,0.13833,0.13346,0.14605,0.38722,0.38056,0.39746,0.37915,0.41021,0.30536,0.30127,0.31325,0.30298,0.32318,0.45167,0.5547,0.52673,0.6002,0.45301,hc_closed
0.055089,0.054,0.055266,0.054008,0.058311,0.10721,0.10398,0.10959,0.10652,0.11361,0.13577,0.13377,0.13895,0.13086,0.14527,0.38682,0.38307,0.4006,0.38517,0.40749,0.30049,0.29989,0.31142,0.3051,0.31591,0.40052,0.52339,0.50845,0.59785,0.39948,hc_closed
0.0533,0.050444,0.053185,0.05548,0.051782,0.10246,0.098057,0.10286,0.10573,0.10253,0.12735,0.1264,0.1332,0.13998,0.13035,0.40129,0.39667,0.41923,0.42786,0.40414,0.30676,0.29965,0.3128,0.33778,0.30239,0.69412,0.67179,0.62583,0.62888,0.69924,hc_closed
0.05515,0.052616,0.05441,0.052102,0.057976,0.10805,0.10486,0.10966,0.1044,0.11387,0.13407,0.13159,0.1369,0.13096,0.14198,0.39167,0.38664,0.39976,0.38282,0.41263,0.30117,0.29859,0.31132,0.30367,0.31606,0.49887,0.61247,0.55753,0.66475,0.47444,hc_closed
0.051381,0.050155,0.051915,0.051696,0.053805,0.096622,0.098307,0.10107,0.10222,0.10347,0.13261,0.13047,0.13867,0.13766,0.14311,0.38801,0.39155,0.40658,0.42102,0.4161,0.30912,0.29882,0.31107,0.33831,0.32947,0.66328,0.64747,0.61452,0.71955,0.61077,hc_closed
0.051363,0.050902,0.053136,0.051812,0.054283,0.10017,0.099225,0.10374,0.10612,0.10781,0.13236,0.13245,0.13939,0.13946,0.14319,0.39074,0.39295,0.40622,0.41506,0.41507,0.30256,0.29646,0.30708,0.33227,0.32479,0.64695,0.61541,0.5621,0.63628,0.58048,hc_closed
0.050672,0.049935,0.052138,0.053908,0.053549,0.097715,0.098677,0.10136,0.10446,0.10319,0.13323,0.12983,0.13698,0.13443,0.14186,0.38491,0.39178,0.40417,0.41341,0.40867,0.31182,0.30564,0.31511,0.33175,0.33274,0.60259,0.61854,0.60302,0.67388,0.55531,hc_closed
0.049857,0.050509,0.052945,0.053997,0.054852,0.10134,0.10338,0.10861,0.10789,0.10916,0.13846,0.13771,0.14329,0.14076,0.14786,0.38571,0.39555,0.40683,0.41068,0.411,0.29759,0.29262,0.30053,0.32453,0.31702,0.46993,0.52533,0.48937,0.58968,0.47735,hc_closed
0.051228,0.051232,0.052947,0.053635,0.056112,0.10321,0.10205,0.10706,0.10548,0.10956,0.14264,0.136,0.14486,0.1397,0.15065,0.38787,0.39012,0.40568,0.40897,0.4133,0.2959,0.28893,0.29991,0.32508,0.31722,0.35473,0.49777,0.43829,0.5931,0.39049,hc_closed
0.050697,0.050902,0.052878,0.052665,0.053496,0.10104,0.10044,0.10542,0.10855,0.10929,0.13597,0.13296,0.13982,0.14098,0.14509,0.38172,0.38748,0.39712,0.40598,0.40645,0.30765,0.30154,0.31312,0.33789,0.33081,0.47042,0.58662,0.53319,0.66518,0.49559,hc_closed
0.050607,0.049725,0.051462,0.052719,0.050221,0.095282,0.094662,0.098619,0.10123,0.097053,0.12482,0.12376,0.12997,0.1365,0.12451,0.41245,0.40237,0.42966,0.43611,0.41211,0.30857,0.30362,0.31315,0.33505,0.30138,0.65621,0.65306,0.61509,0.62651,0.66134,hc_closed
0.052453,0.050294,0.0508,0.051955,0.056885,0.10055,0.095618,0.097668,0.098461,0.10879,0.13991,0.13084,0.13628,0.13281,0.15108,0.40504,0.38464,0.39622,0.40244,0.44254,0.30374,0.29145,0.29822,0.30531,0.34474,0.54445,0.595,0.51258,0.61159,0.54988,hc_closed
0.054634,0.05102,0.051854,0.05166,0.057639,0.10303,0.098874,0.098883,0.097734,0.11214,0.1418,0.1297,0.14006,0.13735,0.14949,0.40601,0.3769,0.39964,0.39828,0.43897,0.30085,0.2888,0.29418,0.3016,0.34,0.46009,0.60293,0.45873,0.54456,0.4924,hc_closed
0.049811,0.048019,0.048374,0.050804,0.053839,0.10467,0.09911,0.10151,0.099143,0.11275,0.14348,0.13209,0.14126,0.13557,0.15284,0.39735,0.37998,0.39911,0.3992,0.43427,0.3028,0.2922,0.29634,0.30566,0.34572,0.36837,0.51471,0.39313,0.51443,0.41203,hc_closed
0.052186,0.050339,0.050611,0.050808,0.055265,0.10285,0.098741,0.10086,0.10021,0.11264,0.1467,0.13413,0.14109,0.1383,0.15513,0.40339,0.37579,0.39464,0.39316,0.43912,0.29772,0.29042,0.29519,0.30855,0.33879,0.385,0.55121,0.43566,0.57284,0.42195,hc_closed
0.051524,0.049016,0.049838,0.050889,0.054637,0.10221,0.097672,0.099897,0.098472,0.10934,0.14588,0.13135,0.14106,0.13668,0.15238,0.40393,0.37556,0.3959,0.39665,0.43411,0.30672,0.28941,0.29607,0.30702,0.34597,0.39717,0.54184,0.43068,0.56447,0.40216,hc_closed
0.054838,0.052502,0.053082,0.053564,0.058684,0.10321,0.098005,0.099187,0.099289,0.11007,0.14188,0.12885,0.13674,0.1331,0.15236,0.39634,0.37315,0.38814,0.39026,0.43248,0.30725,0.29809,0.3029,0.30754,0.35166,0.5276,0.65639,0.5183,0.63806,0.5439,hc_closed
0.052233,0.051624,0.053387,0.054725,0.052833,0.10057,0.096689,0.098878,0.10322,0.10011,0.12585,0.12533,0.13309,0.14209,0.12638,0.40614,0.39922,0.42376,0.43156,0.40948,0.30718,0.29994,0.31197,0.33584,0.29879,0.70082,0.64992,0.61226,0.58601,0.69409,hc_closed
0.054014,0.052763,0.054193,0.05395,0.055327,0.0974,0.097752,0.10102,0.10109,0.096371,0.12763,0.12659,0.13469,0.13735,0.12748,0.41211,0.39931,0.4269,0.42955,0.41031,0.29989,0.29767,0.3061,0.33666,0.29823,0.66828,0.64999,0.5953,0.61041,0.69702,hc_closed
0.051834,0.053169,0.053767,0.057442,0.055845,0.10205,0.10618,0.10463,0.11101,0.11327,0.12425,0.12911,0.12806,0.14157,0.13411,0.38106,0.39059,0.39131,0.43602,0.40746,0.30747,0.31697,0.31617,0.37261,0.31837,0.71792,0.70552,0.7309,0.71108,0.62836,hc_closed
0.05196,0.053955,0.053488,0.054372,0.05914,0.09438,0.097418,0.097679,0.095892,0.1089,0.12878,0.1314,0.1282,0.12391,0.15025,0.38636,0.39369,0.38718,0.37827,0.44516,0.30874,0.31901,0.31133,0.30554,0.35311,0.68936,0.69685,0.74022,0.7867,0.56671,hc_closed
0.053525,0.056012,0.055297,0.060085,0.057568,0.10641,0.11067,0.1083,0.11325,0.11828,0.1238,0.12756,0.12632,0.13548,0.13502,0.37622,0.38831,0.3864,0.42487,0.40314,0.30783,0.31586,0.31366,0.36534,0.32461,0.68293,0.67465,0.68971,0.70652,0.58792,hc_closed
0.052527,0.054382,0.054027,0.058194,0.056236,0.10647,0.11007,0.1101,0.1171,0.11511,0.12833,0.13314,0.13441,0.14878,0.13777,0.38059,0.38905,0.38822,0.41739,0.40724,0.30396,0.30785,0.30624,0.35121,0.31752,0.68002,0.67642,0.6521,0.63171,0.6316,hc_closed
0.053498,0.055494,0.054533,0.058718,0.057296,0.10574,0.11013,0.10848,0.113,0.11709,0.12632,0.12962,0.12919,0.14307,0.13648,0.37586,0.38725,0.38653,0.42472,0.40234,0.30735,0.31409,0.31168,0.36059,0.32501,0.70606,0.70811,0.6974,0.6826,0.64373,hc_closed
0.05313,0.054501,0.054388,0.056597,0.057093,0.10601,0.10783,0.10654,0.10933,0.1163,0.1229,0.12819,0.12596,0.1379,0.13422,0.37866,0.39097,0.39173,0.42124,0.4043,0.31015,0.31381,0.31344,0.36022,0.32732,0.71269,0.70134,0.7213,0.75838,0.62186,hc_closed
0.052225,0.054356,0.053767,0.056994,0.055795,0.10714,0.10934,0.10814,0.11435,0.11755,0.12654,0.1294,0.12964,0.13781,0.13692,0.37583,0.3899,0.38928,0.42456,0.40321,0.30938,0.3115,0.31187,0.35894,0.32231,0.72064,0.72322,0.73492,0.77405,0.65068,hc_closed
0.052937,0.053541,0.053287,0.054737,0.052117,0.10414,0.1052,0.10418,0.11129,0.099936,0.12633,0.12888,0.12902,0.13454,0.12289,0.41067,0.41646,0.41129,0.412,0.39914,0.30333,0.31053,0.30811,0.32675,0.28384,0.72726,0.69273,0.70097,0.73365,0.69649,hc_closed
0.052024,0.051843,0.051502,0.053629,0.050292,0.10388,0.10444,0.10343,0.1073,0.099096,0.12735,0.13025,0.12992,0.13342,0.12407,0.41604,0.4162,0.41616,0.4129,0.4046,0.30144,0.30944,0.30592,0.32669,0.27753,0.68183,0.64554,0.65511,0.69139,0.65861,hc_closed
0.053417,0.05224,0.052644,0.053349,0.053095,0.10472,0.10543,0.10478,0.11001,0.10325,0.12645,0.13055,0.12953,0.13659,0.12404,0.41714,0.41686,0.41855,0.41472,0.40314,0.29716,0.30095,0.30203,0.31941,0.28283,0.71641,0.64292,0.68249,0.68738,0.70193,hc_closed
0.053679,0.053638,0.053166,0.054998,0.050024,0.10586,0.10598,0.10438,0.11034,0.10087,0.12944,0.12932,0.1306,0.13449,0.12505,0.40365,0.40873,0.41057,0.41721,0.38929,0.30718,0.31055,0.30829,0.33363,0.29074,0.74069,0.68973,0.70337,0.74449,0.71083,hc_closed
0.05408,0.053136,0.053783,0.054528,0.05108,0.10134,0.10229,0.10239,0.10664,0.097011,0.12287,0.12457,0.12609,0.1288,0.11866,0.4153,0.41831,0.41678,0.41475,0.40196,0.30631,0.31063,0.30871,0.33488,0.28915,0.72595,0.7104,0.70399,0.76129,0.71301,hc_closed
0.054196,0.053825,0.053971,0.05245,0.060855,0.094274,0.096583,0.097429,0.096296,0.10646,0.13184,0.13217,0.1289,0.12385,0.15146,0.38211,0.39519,0.38563,0.37934,0.44672,0.30777,0.32059,0.30954,0.29976,0.35392,0.70636,0.69954,0.73398,0.75881,0.63056,hc_closed
0.052697,0.051633,0.052841,0.053033,0.050255,0.1038,0.10423,0.10312,0.10751,0.10106,0.12534,0.12812,0.13095,0.13197,0.12139,0.41338,0.41663,0.4143,0.40931,0.40243,0.30223,0.31029,0.3085,0.3319,0.28326,0.70172,0.68476,0.69457,0.73195,0.70397,hc_closed
0.052583,0.052074,0.05242,0.052703,0.053298,0.097559,0.098603,0.098936,0.10117,0.10134,0.13089,0.13079,0.13382,0.13671,0.13888,0.39487,0.40013,0.40236,0.40932,0.41818,0.30594,0.30456,0.31577,0.33338,0.3211,0.71997,0.69971,0.68712,0.67056,0.65651,hc_closed
0.051948,0.05292,0.052002,0.053651,0.052768,0.09864,0.099055,0.10091,0.1031,0.1015,0.13091,0.13328,0.13532,0.1359,0.1386,0.39168,0.39791,0.40275,0.41132,0.41101,0.30595,0.30351,0.31656,0.33639,0.32264,0.69143,0.67142,0.66721,0.68323,0.6193,hc_closed
0.050805,0.049685,0.050378,0.050493,0.05227,0.096868,0.096066,0.099293,0.09859,0.10164,0.13576,0.13752,0.13969,0.1386,0.14556,0.3979,0.39886,0.40327,0.41029,0.41803,0.30283,0.29984,0.31231,0.32532,0.31804,0.62236,0.58363,0.58656,0.64321,0.49329,hc_closed
0.052207,0.05168,0.052566,0.052702,0.054144,0.097782,0.099226,0.099124,0.099768,0.10422,0.13347,0.13552,0.13811,0.13568,0.1458,0.39114,0.39559,0.4002,0.3989,0.4143,0.3027,0.30497,0.31669,0.32591,0.32341,0.70345,0.67793,0.66373,0.75241,0.55158,hc_closed
0.050728,0.050804,0.052222,0.051471,0.051472,0.095389,0.097331,0.09848,0.099568,0.099935,0.1313,0.13267,0.1351,0.13579,0.1416,0.40157,0.40354,0.40658,0.40853,0.42257,0.30141,0.29809,0.31626,0.33008,0.31858,0.69086,0.66586,0.68405,0.73072,0.6155,hc_closed
0.051274,0.050131,0.050303,0.051498,0.052576,0.098949,0.099654,0.10023,0.10375,0.10225,0.13754,0.13718,0.13923,0.13941,0.14835,0.39211,0.39668,0.40197,0.40567,0.41227,0.30062,0.30147,0.31246,0.33392,0.31928,0.59681,0.5742,0.56974,0.62969,0.48031,hc_closed
0.048481,0.049817,0.050691,0.048123,0.052154,0.10346,0.10109,0.10925,0.099446,0.10582,0.13085,0.12984,0.13974,0.12982,0.1378,0.38952,0.39964,0.42132,0.38812,0.42208,0.29935,0.29949,0.3103,0.29154,0.32216,0.56969,0.59336,0.54585,0.59406,0.58018,hc_closed
0.051225,0.050515,0.051989,0.049048,0.054251,0.10684,0.1053,0.11132,0.10109,0.11073,0.13211,0.12851,0.13653,0.12581,0.1383,0.39498,0.40481,0.42063,0.38986,0.42433,0.29197,0.29597,0.30258,0.28017,0.31454,0.63169,0.62808,0.58031,0.62825,0.62218,hc_closed
0.049599,0.049688,0.051118,0.045804,0.053175,0.10249,0.10167,0.10652,0.098786,0.10775,0.13124,0.12811,0.1359,0.12669,0.14057,0.39604,0.40355,0.42283,0.3862,0.4307,0.29729,0.29629,0.30636,0.28349,0.32151,0.64037,0.61704,0.58353,0.62096,0.63772,hc_closed
0.053851,0.054771,0.054982,0.053582,0.060536,0.0972,0.096886,0.098505,0.095306,0.1094,0.12739,0.13322,0.12919,0.12506,0.1511,0.38104,0.3904,0.38515,0.37291,0.44336,0.30807,0.32121,0.31405,0.30866,0.34934,0.70149,0.66341,0.72295,0.76436,0.60473,hc_closed
0.048891,0.049917,0.0507,0.047432,0.053135,0.10368,0.10477,0.11007,0.10122,0.10995,0.1292,0.12994,0.13723,0.12673,0.13656,0.40113,0.40621,0.42297,0.38737,0.42814,0.29376,0.29314,0.30262,0.2757,0.31884,0.5639,0.61419,0.55038,0.61285,0.59377,hc_closed
0.049535,0.049027,0.050254,0.046591,0.054197,0.10208,0.10138,0.10614,0.096525,0.10775,0.12586,0.12836,0.13896,0.12639,0.13514,0.39863,0.40517,0.42475,0.39123,0.42757,0.29838,0.29376,0.3116,0.2825,0.31812,0.61255,0.58228,0.54393,0.58845,0.63281,hc_closed
0.050951,0.049815,0.052076,0.048712,0.054505,0.10235,0.10329,0.10785,0.10274,0.10722,0.12853,0.12904,0.13627,0.12544,0.13827,0.39615,0.40365,0.42056,0.38357,0.43031,0.29748,0.29389,0.30669,0.2783,0.32463,0.63878,0.62458,0.59239,0.63935,0.61211,hc_closed
0.057763,0.05215,0.050485,0.055831,0.050774,0.10485,0.099213,0.098084,0.10164,0.10154,0.14111,0.13599,0.14141,0.13749,0.14695,0.40509,0.38665,0.38133,0.41151,0.39086,0.33407,0.30389,0.29159,0.34637,0.3093,0.70584,0.6325,0.47991,0.78192,0.41565,hc_closed
0.057204,0.052557,0.049804,0.057286,0.050215,0.10187,0.096415,0.093944,0.099737,0.10048,0.14058,0.13726,0.14081,0.13989,0.14744,0.40261,0.38827,0.38188,0.41449,0.39594,0.32981,0.30636,0.29481,0.34522,0.32208,0.65292,0.66583,0.52562,0.74625,0.43685,hc_closed
0.057519,0.053158,0.051215,0.056328,0.048832,0.10276,0.098207,0.096662,0.10141,0.099311,0.13758,0.13985,0.14185,0.14456,0.14525,0.40035,0.38825,0.38346,0.41016,0.39653,0.33403,0.30623,0.29221,0.34173,0.31269,0.72292,0.6272,0.48542,0.73569,0.44558,hc_closed
0.059067,0.054374,0.051262,0.057311,0.049538,0.10626,0.10124,0.09749,0.10276,0.104,0.14131,0.13874,0.14328,0.14037,0.14778,0.40206,0.39008,0.38669,0.40772,0.39586,0.32396,0.29764,0.28752,0.33486,0.31271,0.6822,0.58523,0.40617,0.71702,0.35545,hc_closed
0.059084,0.053796,0.050953,0.057703,0.048689,0.10205,0.10031,0.098917,0.1049,0.10027,0.14567,0.14337,0.14868,0.14408,0.15353,0.39702,0.38546,0.38503,0.40384,0.39498,0.3236,0.29844,0.28791,0.33376,0.31283,0.65876,0.58298,0.38934,0.74627,0.35395,hc_closed
0.055233,0.052271,0.050311,0.055131,0.05037,0.10308,0.099845,0.099217,0.10367,0.10421,0.14363,0.14304,0.14773,0.14488,0.14964,0.39586,0.38574,0.38255,0.4075,0.39515,0.3284,0.3017,0.28997,0.33801,0.31256,0.66536,0.56849,0.4048,0.69826,0.38469,hc_closed
0.052367,0.052172,0.052131,0.054702,0.050537,0.10684,0.10637,0.10778,0.11173,0.10633,0.12979,0.13197,0.13436,0.13811,0.13312,0.40467,0.40288,0.40592,0.40779,0.39832,0.30794,0.30381,0.29961,0.32049,0.29994,0.70661,0.67815,0.60215,0.68752,0.62252,hc_closed
0.053483,0.054199,0.054019,0.054405,0.061331,0.096975,0.10015,0.099941,0.10003,0.1118,0.12456,0.12777,0.12621,0.11891,0.14471,0.39155,0.39414,0.39146,0.37701,0.44802,0.30346,0.31862,0.30885,0.30784,0.34714,0.74339,0.72135,0.76049,0.78717,0.67331,hc_closed
0.052271,0.051063,0.052957,0.054395,0.051633,0.10502,0.10599,0.10716,0.1104,0.10461,0.12733,0.131,0.13377,0.13712,0.13055,0.40558,0.40327,0.40558,0.40544,0.39661,0.31184,0.30309,0.30682,0.32532,0.29637,0.71404,0.66321,0.65478,0.71099,0.65522,hc_closed
0.052363,0.053161,0.05261,0.053898,0.050909,0.10313,0.10416,0.10544,0.1092,0.10327,0.12955,0.13135,0.13549,0.13798,0.131,0.41324,0.40857,0.41492,0.4067,0.40721,0.30144,0.29408,0.3014,0.31841,0.29204,0.67222,0.64134,0.59677,0.61292,0.62676,hc_closed
0.053458,0.053263,0.053932,0.055967,0.054103,0.11093,0.11306,0.11507,0.11823,0.11284,0.1339,0.13625,0.13932,0.14214,0.13661,0.40029,0.40551,0.40908,0.40589,0.39337,0.29328,0.29263,0.29406,0.3154,0.28104,0.63681,0.5974,0.58739,0.62102,0.59558,hc_closed
0.051731,0.051314,0.05223,0.053257,0.052039,0.11035,0.11137,0.11313,0.11439,0.11173,0.13197,0.13398,0.13381,0.13696,0.13415,0.40595,0.40495,0.40828,0.40587,0.39292,0.30013,0.29601,0.29978,0.3146,0.28918,0.65236,0.60467,0.59068,0.56446,0.57415,hc_closed
0.053249,0.052583,0.053279,0.055231,0.053337,0.10861,0.11172,0.11193,0.11263,0.11073,0.12976,0.13184,0.13406,0.13435,0.13265,0.40981,0.40652,0.41078,0.39816,0.39955,0.29852,0.29738,0.29705,0.30771,0.28775,0.68558,0.64538,0.59569,0.65837,0.61876,hc_closed
0.054105,0.052131,0.053848,0.054954,0.05275,0.10171,0.097462,0.1028,0.10134,0.10105,0.1318,0.13016,0.13822,0.13053,0.13487,0.38966,0.38658,0.39975,0.39655,0.38917,0.32107,0.30875,0.32524,0.33459,0.3171,0.66282,0.67543,0.59662,0.75299,0.61626,hc_closed
0.052962,0.052258,0.053791,0.05213,0.053684,0.11074,0.10597,0.11192,0.10617,0.11003,0.1344,0.1309,0.13961,0.13267,0.13389,0.39363,0.39133,0.40111,0.39847,0.39367,0.30503,0.3031,0.31059,0.31902,0.30357,0.57253,0.58402,0.50632,0.57411,0.58261,hc_closed
0.053765,0.052782,0.054524,0.053748,0.054609,0.11127,0.10557,0.11173,0.1083,0.11004,0.13305,0.13131,0.13684,0.13203,0.13408,0.39245,0.39115,0.40102,0.39866,0.39407,0.30719,0.29966,0.31256,0.32153,0.30291,0.58078,0.60058,0.54082,0.62508,0.54151,hc_closed
0.054724,0.052273,0.054012,0.053203,0.056427,0.10792,0.10354,0.10866,0.10465,0.10957,0.13178,0.12948,0.13591,0.13367,0.13012,0.39353,0.39664,0.39915,0.4105,0.38721,0.30241,0.31414,0.31422,0.34276,0.30009,0.60995,0.64585,0.58683,0.69546,0.60665,hc_closed
0.054905,0.05192,0.055331,0.05253,0.055512,0.11437,0.10823,0.11472,0.10959,0.11478,0.13396,0.13086,0.13815,0.13512,0.13187,0.39083,0.38953,0.40069,0.39953,0.39014,0.29927,0.29956,0.31274,0.32283,0.30079,0.59293,0.63276,0.53286,0.67219,0.56003,hc_closed
0.052299,0.053592,0.053389,0.051003,0.060665,0.097021,0.099303,0.099453,0.096349,0.11254,0.12881,0.13138,0.12684,0.12308,0.15203,0.38821,0.39613,0.39041,0.38024,0.44753,0.3001,0.31908,0.30647,0.30285,0.34916,0.72145,0.7061,0.74892,0.76392,0.66073,hc_closed
0.052251,0.051933,0.053035,0.053083,0.054095,0.10556,0.10238,0.10681,0.10293,0.10674,0.12968,0.12923,0.13562,0.13288,0.12733,0.38672,0.39335,0.39699,0.40863,0.38215,0.30818,0.3243,0.32223,0.35364,0.31282,0.62159,0.65814,0.545,0.69416,0.59151,hc_closed
0.053579,0.052391,0.052623,0.052523,0.050795,0.10196,0.10027,0.10199,0.10122,0.10136,0.12468,0.12675,0.12948,0.12994,0.1257,0.41674,0.41173,0.42012,0.41415,0.419,0.30386,0.30635,0.30029,0.30167,0.29728,0.68697,0.69212,0.63547,0.63959,0.60556,hc_closed
0.055469,0.055765,0.05494,0.055412,0.055004,0.10194,0.10159,0.1008,0.10151,0.10132,0.12525,0.125,0.12656,0.12648,0.12257,0.41401,0.41762,0.41966,0.41967,0.41599,0.30381,0.30565,0.29916,0.30274,0.29204,0.72539,0.6837,0.67759,0.67691,0.69511,hc_closed
0.054814,0.053828,0.054163,0.053766,0.054516,0.10232,0.1004,0.10298,0.10542,0.099249,0.12534,0.12375,0.12584,0.1264,0.12486,0.41478,0.41212,0.41658,0.41237,0.41676,0.30694,0.30704,0.30155,0.3002,0.29982,0.69827,0.70174,0.65813,0.68622,0.62811,hc_closed
0.053733,0.052714,0.052765,0.053823,0.05208,0.1031,0.10222,0.10095,0.10145,0.10292,0.12833,0.12719,0.13124,0.13104,0.12925,0.41477,0.41748,0.42151,0.41755,0.41985,0.29786,0.30195,0.29686,0.29793,0.291,0.70423,0.66589,0.61991,0.62154,0.64406,hc_closed
0.052803,0.052682,0.051311,0.05331,0.051,0.10316,0.10127,0.10232,0.10212,0.10458,0.12785,0.12732,0.13241,0.13345,0.12741,0.41715,0.41721,0.42038,0.41794,0.42247,0.298,0.3002,0.29665,0.29553,0.2918,0.63727,0.62773,0.58215,0.61683,0.5774,hc_closed
0.053431,0.054062,0.053081,0.054429,0.052198,0.10189,0.10289,0.10273,0.10295,0.10095,0.12692,0.13089,0.13474,0.13857,0.12632,0.408,0.41341,0.41415,0.41334,0.40916,0.30381,0.30495,0.30322,0.30181,0.2947,0.69706,0.67345,0.62644,0.62296,0.63235,hc_closed
0.060922,0.055854,0.053596,0.056223,0.055943,0.11032,0.10136,0.10034,0.10557,0.10448,0.13205,0.12131,0.11883,0.12457,0.12602,0.40947,0.3792,0.36049,0.38189,0.38913,0.3484,0.32692,0.3091,0.32501,0.34231,0.81977,0.79964,0.81228,0.79885,0.79639,hc_closed
0.057244,0.054094,0.052313,0.054735,0.054479,0.11149,0.10243,0.10261,0.10468,0.10592,0.12971,0.12207,0.11709,0.12393,0.12393,0.41559,0.3881,0.37311,0.39275,0.39914,0.33645,0.32525,0.30135,0.32543,0.33269,0.75463,0.78252,0.76537,0.77866,0.76944,hc_closed
0.058923,0.052167,0.052371,0.053417,0.054417,0.11212,0.1018,0.09942,0.10482,0.10688,0.13421,0.12115,0.11765,0.12351,0.12511,0.41552,0.38349,0.36779,0.38928,0.39483,0.3435,0.32342,0.30381,0.32471,0.33606,0.80657,0.78478,0.80334,0.78928,0.79641,hc_closed
0.052101,0.051777,0.052381,0.053813,0.053303,0.097243,0.098418,0.10027,0.10402,0.099767,0.12874,0.12704,0.13047,0.13079,0.13718,0.39529,0.39285,0.40553,0.41669,0.41537,0.3129,0.30806,0.31405,0.3429,0.32557,0.54674,0.56657,0.59642,0.69171,0.35947,hc_closed
0.060172,0.054809,0.052667,0.056511,0.056012,0.11024,0.1005,0.099041,0.10206,0.10522,0.13003,0.11992,0.11816,0.12353,0.12501,0.4145,0.38996,0.36412,0.39292,0.39303,0.34627,0.32462,0.30429,0.32662,0.3353,0.79337,0.78141,0.78022,0.78278,0.76584,hc_closed
0.057293,0.054927,0.053044,0.05502,0.056057,0.11023,0.10352,0.10129,0.10707,0.10665,0.1297,0.12107,0.11728,0.12286,0.1252,0.41543,0.38751,0.36552,0.38761,0.39604,0.34415,0.32482,0.30197,0.32419,0.33613,0.79721,0.80213,0.80169,0.80713,0.80023,hc_closed
0.058351,0.054011,0.051885,0.054821,0.054396,0.11253,0.10335,0.1011,0.10565,0.10634,0.13218,0.12406,0.11888,0.1265,0.12698,0.41549,0.38577,0.36443,0.38686,0.39547,0.34371,0.32325,0.30133,0.31979,0.33294,0.77217,0.78001,0.76774,0.7786,0.77563,hc_closed
0.051508,0.047882,0.050217,0.050754,0.054884,0.10188,0.094381,0.09985,0.098323,0.10528,0.13406,0.1298,0.13679,0.13594,0.14062,0.40015,0.37746,0.38967,0.39089,0.41645,0.3283,0.30481,0.31136,0.31225,0.34463,0.72873,0.67561,0.62599,0.66616,0.67066,hc_closed
0.053029,0.049046,0.051756,0.052534,0.053535,0.10433,0.096452,0.10007,0.10086,0.10736,0.13392,0.12664,0.13504,0.13489,0.13782,0.39904,0.37844,0.38991,0.39022,0.41513,0.32963,0.3031,0.31126,0.30601,0.34284,0.70825,0.68166,0.62452,0.63181,0.67327,hc_closed
0.053412,0.049461,0.05239,0.052563,0.053702,0.10128,0.097878,0.10182,0.10256,0.1065,0.1357,0.13005,0.13978,0.13803,0.13949,0.40356,0.38039,0.39717,0.3977,0.41538,0.32088,0.29178,0.30622,0.29999,0.33724,0.68036,0.6494,0.59559,0.59904,0.65808,hc_closed
0.053897,0.049888,0.052984,0.05324,0.053595,0.10588,0.09838,0.103,0.10081,0.10988,0.13674,0.12886,0.13712,0.13302,0.14228,0.40078,0.37989,0.39675,0.40094,0.41341,0.32054,0.28927,0.30426,0.29861,0.33988,0.66989,0.62058,0.60805,0.63674,0.61899,hc_closed
0.052562,0.049956,0.05186,0.052955,0.054598,0.103,0.099666,0.10435,0.10633,0.1068,0.13434,0.12938,0.13667,0.13536,0.13808,0.40629,0.38136,0.39479,0.3937,0.42172,0.32082,0.29149,0.30392,0.29141,0.33884,0.72766,0.68881,0.65588,0.67265,0.71488,hc_closed
0.05365,0.050432,0.051695,0.052756,0.055913,0.10421,0.10072,0.10535,0.10653,0.10687,0.13654,0.13272,0.14146,0.14403,0.139,0.407,0.37741,0.39603,0.39068,0.41813,0.31656,0.28632,0.30314,0.2963,0.32917,0.66746,0.64795,0.55079,0.58487,0.64619,hc_closed
0.063775,0.051149,0.058878,0.061105,0.061559,0.10912,0.088183,0.098937,0.10286,0.10339,0.12255,0.10396,0.1133,0.11619,0.11578,0.40792,0.35927,0.38244,0.39472,0.38628,0.36569,0.31544,0.3304,0.35572,0.34014,0.80187,0.78416,0.81889,0.81291,0.81074,hc_closed
0.050393,0.049924,0.051603,0.053083,0.051655,0.10512,0.10243,0.10555,0.1042,0.10742,0.12844,0.12466,0.13063,0.12719,0.13436,0.40265,0.39297,0.4104,0.41022,0.41219,0.30476,0.30246,0.31479,0.33078,0.31497,0.68112,0.68816,0.67333,0.72878,0.62273,hc_closed
0.061091,0.051269,0.05579,0.058667,0.058313,0.10871,0.094421,0.098983,0.10411,0.10167,0.12669,0.11355,0.11793,0.12209,0.11671,0.41452,0.36985,0.38985,0.39676,0.38612,0.35511,0.30449,0.32457,0.34286,0.32453,0.82108,0.78942,0.81827,0.80597,0.8249,hc_closed
0.063317,0.052387,0.058033,0.060471,0.060545,0.10981,0.092768,0.09952,0.1037,0.1029,0.12652,0.11232,0.11824,0.12094,0.1167,0.41121,0.37414,0.39167,0.40634,0.37883,0.35237,0.30078,0.32383,0.33698,0.32616,0.78134,0.7679,0.79638,0.79455,0.77811,hc_closed
0.060514,0.050127,0.055417,0.057234,0.057637,0.10719,0.089774,0.098642,0.10167,0.10052,0.12448,0.10989,0.11556,0.12029,0.11538,0.41124,0.36671,0.38851,0.39919,0.38047,0.36216,0.31016,0.33392,0.35151,0.33298,0.79389,0.71135,0.76026,0.78081,0.79486,hc_closed
0.058324,0.04914,0.052802,0.055802,0.054469,0.10264,0.090483,0.093524,0.10055,0.093728,0.12559,0.11093,0.11717,0.11972,0.1153,0.42267,0.36869,0.39579,0.40148,0.39513,0.36067,0.30735,0.32859,0.34264,0.33209,0.78184,0.71897,0.75098,0.76208,0.7805,hc_closed
0.060945,0.051926,0.055819,0.057316,0.05775,0.10649,0.092329,0.096661,0.10019,0.099785,0.1275,0.10906,0.11839,0.1211,0.11997,0.41762,0.36877,0.39372,0.39953,0.38866,0.35483,0.30112,0.32861,0.34094,0.32467,0.78749,0.76609,0.79212,0.79323,0.78463,hc_closed
0.055504,0.054728,0.053995,0.054198,0.055131,0.10624,0.10744,0.10606,0.10581,0.10696,0.12943,0.12642,0.12711,0.12469,0.13942,0.40089,0.39392,0.39858,0.38257,0.4225,0.30342,0.3107,0.30929,0.30006,0.31564,0.73711,0.75955,0.74177,0.76486,0.6652,hc_closed
0.055373,0.055245,0.054894,0.05533,0.056183,0.10836,0.10455,0.10452,0.10366,0.1109,0.13435,0.12861,0.13058,0.13081,0.14416,0.39841,0.3971,0.40035,0.38279,0.42545,0.29905,0.30247,0.30487,0.29189,0.31097,0.72825,0.74821,0.73131,0.73324,0.68935,hc_closed
0.053771,0.054397,0.05462,0.054729,0.056116,0.10518,0.10787,0.1059,0.10372,0.11051,0.13333,0.13152,0.13302,0.12628,0.1449,0.39488,0.40067,0.40207,0.38424,0.42085,0.29739,0.30328,0.3047,0.28603,0.31603,0.69802,0.70944,0.67757,0.70698,0.66582,hc_closed
0.055249,0.055878,0.055373,0.055967,0.05789,0.10877,0.10933,0.10923,0.10342,0.11655,0.13972,0.13238,0.13361,0.12964,0.15169,0.39671,0.39611,0.40049,0.38527,0.42608,0.29173,0.2945,0.29807,0.28609,0.30004,0.58892,0.63733,0.61594,0.67428,0.5427,hc_closed
0.054633,0.054254,0.054171,0.053226,0.056432,0.1066,0.10651,0.1051,0.10148,0.11201,0.14189,0.13699,0.13697,0.13329,0.15286,0.39807,0.39641,0.39721,0.37954,0.4266,0.29329,0.29767,0.29827,0.28553,0.30714,0.61399,0.64432,0.66658,0.7046,0.45509,hc_closed
0.050138,0.050179,0.051085,0.052104,0.049023,0.10625,0.10364,0.1066,0.10632,0.10559,0.13013,0.12794,0.13358,0.12821,0.13587,0.40517,0.3925,0.41202,0.40623,0.41564,0.30542,0.2994,0.30656,0.32828,0.3098,0.66132,0.68782,0.64389,0.73521,0.64152,hc_closed
0.055044,0.054937,0.05507,0.055151,0.057522,0.10653,0.10847,0.1062,0.10633,0.11369,0.13922,0.13447,0.13495,0.12909,0.15078,0.39918,0.39733,0.40259,0.38418,0.4223,0.29287,0.29679,0.29681,0.28418,0.30411,0.57916,0.60722,0.61213,0.64472,0.48585,hc_closed
0.052684,0.052097,0.049772,0.053862,0.05488,0.095262,0.095293,0.093269,0.097796,0.10044,0.12217,0.12212,0.11946,0.12303,0.13356,0.37434,0.38265,0.38937,0.41287,0.42186,0.32414,0.32992,0.33837,0.37086,0.36509,0.75596,0.70329,0.63452,0.72367,0.62902,hc_closed
0.052941,0.051459,0.049646,0.054049,0.054554,0.097357,0.096251,0.092639,0.1004,0.10228,0.12769,0.12826,0.12481,0.12695,0.14039,0.37853,0.38096,0.38866,0.40959,0.4224,0.31444,0.32149,0.33364,0.35554,0.36334,0.75993,0.71472,0.63773,0.79187,0.58555,hc_closed
0.054755,0.052632,0.05025,0.057506,0.053691,0.09366,0.092784,0.091029,0.099887,0.098002,0.12099,0.11999,0.11892,0.12363,0.13265,0.3802,0.38652,0.38715,0.41084,0.41946,0.32366,0.33698,0.34018,0.36412,0.35993,0.79178,0.72673,0.66026,0.75534,0.68409,hc_closed
0.054324,0.052529,0.050256,0.055129,0.053393,0.10225,0.09833,0.096411,0.10362,0.10741,0.13322,0.12883,0.12968,0.12894,0.14453,0.37649,0.38107,0.39044,0.40862,0.41544,0.30911,0.31318,0.32722,0.35396,0.3507,0.75747,0.73129,0.64394,0.78934,0.59619,hc_closed
0.053674,0.051743,0.05116,0.055566,0.055003,0.099586,0.096505,0.09648,0.10159,0.10337,0.13596,0.13229,0.13089,0.12969,0.14684,0.37524,0.37938,0.38557,0.4117,0.41805,0.30834,0.31808,0.32706,0.34792,0.35383,0.67523,0.67936,0.62944,0.79164,0.53383,hc_closed
0.054705,0.052881,0.050899,0.058062,0.054694,0.10133,0.098578,0.098389,0.10407,0.10692,0.137,0.13456,0.13477,0.1346,0.14926,0.37322,0.38064,0.38754,0.40451,0.41434,0.30396,0.31236,0.32176,0.35088,0.34882,0.72534,0.68026,0.635,0.83891,0.54118,hc_closed
0.049636,0.049751,0.052133,0.05291,0.05241,0.098923,0.0962,0.099605,0.10112,0.10358,0.12822,0.12961,0.13365,0.14085,0.14195,0.39618,0.39727,0.40838,0.42466,0.42819,0.29588,0.29926,0.31512,0.34681,0.3265,0.60239,0.62724,0.59861,0.65458,0.46412,hc_closed
0.050495,0.051098,0.051612,0.05515,0.053308,0.098927,0.097591,0.099823,0.10345,0.10444,0.13332,0.13296,0.13851,0.144,0.14711,0.40019,0.39777,0.40686,0.41889,0.4325,0.28792,0.2939,0.3095,0.33117,0.32005,0.59822,0.59003,0.58154,0.60098,0.44762,hc_closed
0.050748,0.050665,0.052914,0.05728,0.052157,0.10036,0.10177,0.10248,0.10761,0.10591,0.13256,0.13281,0.13587,0.14202,0.1459,0.40106,0.3976,0.40803,0.42124,0.42654,0.28855,0.29309,0.30698,0.32771,0.31765,0.59417,0.60365,0.60217,0.64789,0.42532,hc_closed
