0.052273,0.049245,0.050271,0.050097,0.054884,0.10559,0.098696,0.10151,0.09865,0.11147,0.13831,0.13074,0.13186,0.12886,0.15066,0.39029,0.37722,0.38414,0.37888,0.41794,0.32898,0.30772,0.30787,0.30235,0.34846,0.53806,0.55376,0.53466,0.6112,0.45647,pd_off_closed
0.056496,0.055264,0.057294,0.054961,0.059455,0.11122,0.11205,0.115,0.11301,0.12061,0.12807,0.13166,0.13308,0.13104,0.13636,0.38023,0.38756,0.3884,0.37878,0.39414,0.30889,0.30992,0.30777,0.2987,0.32822,0.67409,0.69163,0.67683,0.69068,0.62241,pd_off_closed
0.051602,0.049515,0.048097,0.055298,0.047321,0.10467,0.099118,0.099174,0.10605,0.10306,0.13771,0.13209,0.13288,0.1435,0.13671,0.4264,0.39662,0.39743,0.42841,0.40881,0.31444,0.29239,0.29552,0.33037,0.30678,0.64586,0.63973,0.59324,0.64464,0.54621,pd_off_closed
0.054094,0.052031,0.051562,0.05751,0.051004,0.10016,0.094781,0.094778,0.10497,0.097355,0.13478,0.13051,0.13228,0.14715,0.13287,0.42795,0.39861,0.40058,0.42653,0.41829,0.31534,0.295,0.29396,0.32868,0.30536,0.63987,0.66441,0.64151,0.65219,0.57241,pd_off_closed
0.052439,0.05153,0.051116,0.057085,0.050308,0.10452,0.10035,0.10077,0.11088,0.10386,0.1415,0.13419,0.13801,0.14581,0.14441,0.42952,0.40261,0.40066,0.42704,0.412,0.30482,0.28307,0.28175,0.31684,0.29674,0.58776,0.62723,0.57521,0.65373,0.51823,pd_off_closed
0.051043,0.047945,0.048739,0.046417,0.05071,0.10628,0.10111,0.10248,0.096635,0.10798,0.13368,0.13087,0.13188,0.12901,0.13698,0.39304,0.38406,0.38592,0.38715,0.39023,0.32814,0.32429,0.31933,0.33727,0.33094,0.51623,0.5895,0.53225,0.63646,0.47809,pd_off_closed
0.05197,0.048221,0.049908,0.047913,0.051338,0.10809,0.1031,0.10587,0.10032,0.10764,0.13766,0.13335,0.13557,0.12811,0.13967,0.39229,0.38543,0.38872,0.38465,0.39636,0.31984,0.31421,0.31291,0.32558,0.32724,0.52321,0.51683,0.496,0.63904,0.45614,pd_off_closed
0.053164,0.049984,0.050958,0.051264,0.051701,0.11162,0.10667,0.10689,0.10431,0.11549,0.13407,0.13231,0.13312,0.131,0.13616,0.39408,0.3807,0.388,0.38471,0.393,0.31884,0.31191,0.31084,0.32272,0.32899,0.54865,0.56082,0.51488,0.73649,0.46511,pd_off_closed
0.053725,0.05189,0.051909,0.053787,0.052561,0.11091,0.10838,0.1078,0.10847,0.11191,0.13599,0.13458,0.13505,0.13182,0.1359,0.39341,0.37895,0.38784,0.38564,0.39169,0.31721,0.31223,0.31005,0.32351,0.31921,0.55807,0.56284,0.52283,0.68928,0.49787,pd_off_closed
0.052829,0.051438,0.051834,0.05408,0.051153,0.11037,0.10665,0.10737,0.10481,0.11229,0.13403,0.13229,0.13316,0.13241,0.1339,0.39188,0.37953,0.38552,0.38596,0.38953,0.32245,0.31375,0.31628,0.32884,0.32329,0.5494,0.57933,0.53025,0.68539,0.47757,pd_off_closed
0.052605,0.049224,0.051313,0.051727,0.050895,0.11464,0.11233,0.11024,0.10991,0.11583,0.13477,0.1332,0.13387,0.13169,0.13658,0.39146,0.38254,0.38531,0.38756,0.39593,0.31876,0.30624,0.30708,0.3197,0.3235,0.57369,0.54354,0.52735,0.67863,0.50363,pd_off_closed
0.050573,0.049657,0.051739,0.049792,0.052592,0.098784,0.096408,0.099496,0.094502,0.10388,0.13607,0.13332,0.1399,0.13077,0.14661,0.38677,0.38839,0.39268,0.36773,0.41079,0.31597,0.31626,0.31623,0.30749,0.34957,0.59526,0.60199,0.53154,0.62758,0.53083,pd_off_closed
0.055003,0.053276,0.053849,0.052658,0.057628,0.11205,0.11029,0.11497,0.11114,0.11984,0.11927,0.12168,0.12289,0.12189,0.12689,0.38159,0.38371,0.38699,0.3778,0.39809,0.31875,0.32135,0.32165,0.31215,0.34428,0.70086,0.69755,0.67161,0.6876,0.5883,pd_off_closed
0.049781,0.049613,0.05138,0.049112,0.052419,0.10087,0.10076,0.10291,0.095679,0.10669,0.13447,0.13006,0.13635,0.12582,0.14237,0.38687,0.39074,0.39381,0.36275,0.41534,0.31487,0.31681,0.3155,0.29179,0.35371,0.52594,0.56078,0.51345,0.57957,0.47856,pd_off_closed
0.049168,0.048344,0.050312,0.048465,0.051396,0.10325,0.10131,0.10438,0.099414,0.1069,0.13512,0.13518,0.14356,0.13477,0.14303,0.38988,0.39134,0.39918,0.3722,0.41475,0.30851,0.30611,0.30913,0.28637,0.34577,0.53298,0.53831,0.45551,0.54037,0.49951,pd_off_closed
0.051455,0.049441,0.051747,0.049935,0.052558,0.10133,0.10188,0.10294,0.097191,0.10832,0.13589,0.13586,0.14095,0.12972,0.14605,0.38688,0.39167,0.39584,0.3618,0.41639,0.31069,0.30816,0.30977,0.28367,0.34848,0.50074,0.54696,0.48572,0.56467,0.46447,pd_off_closed
0.051796,0.049154,0.051788,0.049801,0.054114,0.10187,0.099758,0.10386,0.099584,0.11035,0.1387,0.13265,0.14095,0.13139,0.14754,0.38679,0.39222,0.39774,0.3634,0.41262,0.30753,0.31014,0.30992,0.28217,0.34365,0.52096,0.55704,0.46878,0.53963,0.45677,pd_off_closed
0.05015,0.048582,0.05045,0.04927,0.051775,0.10485,0.10043,0.10506,0.099641,0.10923,0.13854,0.13526,0.14165,0.13284,0.14707,0.38539,0.39356,0.39623,0.36793,0.41653,0.30948,0.30636,0.30624,0.27804,0.34799,0.49788,0.53637,0.50014,0.54062,0.45099,pd_off_closed
0.053777,0.053692,0.054077,0.054515,0.056892,0.10348,0.10202,0.10415,0.10247,0.10886,0.13604,0.13202,0.13874,0.13526,0.14896,0.38944,0.3753,0.39063,0.3862,0.41844,0.31678,0.30274,0.3011,0.30404,0.34298,0.59638,0.6199,0.51282,0.60728,0.49893,pd_off_closed
0.053703,0.051913,0.053379,0.053258,0.055463,0.10617,0.10362,0.1075,0.10565,0.11091,0.13808,0.13464,0.14212,0.1363,0.14553,0.38834,0.37833,0.39027,0.38407,0.41646,0.31317,0.29827,0.29959,0.3017,0.33958,0.44563,0.48282,0.41709,0.50426,0.44283,pd_off_closed
0.054603,0.053645,0.05428,0.053629,0.056543,0.10645,0.10433,0.10924,0.10625,0.11221,0.13497,0.13183,0.14024,0.13533,0.14599,0.38303,0.37779,0.39713,0.38804,0.41678,0.31055,0.2956,0.30186,0.30411,0.33885,0.46264,0.51273,0.42428,0.5489,0.44585,pd_off_closed
0.055531,0.053829,0.055498,0.053969,0.058439,0.10664,0.1058,0.10841,0.10617,0.11333,0.13756,0.1346,0.14194,0.13598,0.1466,0.38344,0.37312,0.39125,0.38399,0.41222,0.31182,0.29751,0.29957,0.30321,0.3403,0.46303,0.47963,0.42309,0.52883,0.44839,pd_off_closed
0.053084,0.051165,0.052123,0.052304,0.053763,0.10357,0.10224,0.10467,0.1029,0.11025,0.13808,0.13151,0.14076,0.13602,0.14695,0.38621,0.3765,0.38824,0.38872,0.41645,0.3157,0.30498,0.30513,0.30966,0.34616,0.53928,0.54285,0.43134,0.52219,0.48399,pd_off_closed
0.053478,0.05221,0.053216,0.052826,0.056278,0.11065,0.11012,0.114,0.11145,0.12033,0.12339,0.1242,0.12706,0.1216,0.13038,0.38036,0.38731,0.38514,0.37787,0.39876,0.31529,0.32274,0.31908,0.31451,0.34076,0.70658,0.68584,0.64832,0.68659,0.56884,pd_off_closed
0.054065,0.052261,0.053277,0.052812,0.05626,0.10812,0.10423,0.10899,0.1075,0.11308,0.13448,0.13041,0.13825,0.13656,0.14423,0.38337,0.37618,0.38996,0.37911,0.41526,0.31594,0.30027,0.30495,0.30627,0.34506,0.50445,0.55155,0.4583,0.4779,0.49316,pd_off_closed
0.047697,0.048924,0.050345,0.04909,0.051942,0.094461,0.096507,0.099762,0.097497,0.10387,0.12892,0.13006,0.13718,0.13521,0.13904,0.37247,0.38728,0.39201,0.39403,0.39956,0.32261,0.3312,0.33205,0.33957,0.34837,0.56497,0.55814,0.51315,0.56951,0.53509,pd_off_closed
0.049537,0.050919,0.050638,0.050016,0.052849,0.095216,0.097598,0.10299,0.097474,0.10174,0.12801,0.13197,0.1347,0.12928,0.13628,0.37901,0.3881,0.39329,0.39423,0.40158,0.31923,0.32533,0.33007,0.34278,0.34172,0.57388,0.54357,0.54825,0.64089,0.54794,pd_off_closed
0.046493,0.047889,0.049502,0.049105,0.049507,0.096531,0.09917,0.10246,0.099519,0.10461,0.12538,0.13149,0.13394,0.13015,0.13482,0.37734,0.391,0.39222,0.39582,0.40213,0.32342,0.32743,0.33091,0.34022,0.34649,0.61309,0.55313,0.54751,0.62579,0.57435,pd_off_closed
0.048598,0.048926,0.050215,0.049193,0.051596,0.10133,0.10168,0.10466,0.099988,0.10826,0.12971,0.13254,0.13578,0.13187,0.13689,0.37823,0.38694,0.38883,0.38619,0.39955,0.318,0.32611,0.32564,0.3354,0.3422,0.53077,0.51941,0.51444,0.60726,0.52844,pd_off_closed
0.047707,0.048974,0.049951,0.049935,0.051379,0.094096,0.098344,0.099788,0.097908,0.1024,0.12775,0.1315,0.13397,0.12957,0.1381,0.37825,0.3894,0.39317,0.39561,0.3978,0.3232,0.32996,0.32995,0.33829,0.34827,0.61477,0.54365,0.55017,0.62829,0.57257,pd_off_closed
0.046521,0.047909,0.049838,0.049254,0.050379,0.097763,0.10032,0.10316,0.10056,0.1066,0.13008,0.13221,0.1363,0.13371,0.13801,0.37827,0.38832,0.39276,0.39031,0.40038,0.31579,0.32723,0.32826,0.34044,0.3428,0.57193,0.5606,0.53947,0.60904,0.56382,pd_off_closed
0.04938,0.048288,0.049855,0.048082,0.05198,0.098127,0.095441,0.098532,0.094253,0.10439,0.12795,0.12555,0.13572,0.12982,0.14182,0.38911,0.38794,0.4028,0.38691,0.41253,0.31812,0.32314,0.32133,0.32711,0.33863,0.63545,0.63823,0.5262,0.63317,0.52602,pd_off_closed
0.051985,0.050662,0.050671,0.051675,0.051716,0.099524,0.09832,0.10208,0.097824,0.10619,0.13031,0.1291,0.13707,0.13119,0.14207,0.39282,0.38975,0.40266,0.38865,0.4203,0.30612,0.31366,0.31603,0.3203,0.3291,0.57514,0.61949,0.52158,0.634,0.54172,pd_off_closed
0.049102,0.050032,0.050191,0.049548,0.052728,0.096616,0.097085,0.10054,0.09805,0.10309,0.12928,0.12681,0.13533,0.12833,0.14087,0.39159,0.39414,0.41085,0.39311,0.42158,0.30873,0.31552,0.31341,0.31999,0.33496,0.64058,0.64174,0.54808,0.65207,0.59866,pd_off_closed
0.048256,0.049083,0.049182,0.053615,0.05154,0.10194,0.10103,0.10399,0.11344,0.10542,0.12245,0.1247,0.12955,0.14234,0.13182,0.37732,0.38855,0.40178,0.44144,0.40107,0.30509,0.31785,0.33152,0.37335,0.33882,0.6977,0.69338,0.65812,0.65188,0.69949,pd_off_closed
0.048976,0.048556,0.051016,0.048655,0.051007,0.10264,0.10198,0.10649,0.10185,0.10946,0.13741,0.13342,0.14203,0.13253,0.14253,0.39234,0.39211,0.41189,0.39184,0.41436,0.29935,0.30569,0.30319,0.3107,0.32235,0.5306,0.57536,0.49467,0.55836,0.54034,pd_off_closed
0.048879,0.049616,0.050537,0.049571,0.052643,0.098992,0.097396,0.10234,0.095966,0.10584,0.13021,0.1298,0.13649,0.12839,0.1428,0.39873,0.39353,0.41024,0.39404,0.42047,0.30428,0.31119,0.30764,0.31783,0.33079,0.62085,0.62326,0.55152,0.67452,0.54352,pd_off_closed
0.052256,0.050609,0.051418,0.051511,0.053921,0.096219,0.098354,0.10047,0.096898,0.10525,0.12875,0.12604,0.13403,0.12755,0.14036,0.39539,0.39126,0.40895,0.38784,0.42176,0.3069,0.31566,0.31248,0.32194,0.33336,0.65439,0.66199,0.59897,0.71523,0.60468,pd_off_closed
0.051723,0.052434,0.047846,0.054067,0.053213,0.10463,0.10115,0.096989,0.10996,0.10768,0.14002,0.13408,0.13128,0.14417,0.14472,0.40053,0.405,0.36744,0.43845,0.40181,0.32111,0.31982,0.29125,0.36275,0.3163,0.62658,0.67039,0.61325,0.64127,0.58244,pd_off_closed
0.05163,0.051915,0.048152,0.05495,0.052099,0.10631,0.10571,0.099795,0.11278,0.11025,0.13639,0.1323,0.12706,0.14055,0.14069,0.40195,0.40524,0.36862,0.44322,0.40345,0.31923,0.32191,0.29105,0.36319,0.3134,0.58083,0.67165,0.57717,0.68906,0.49758,pd_off_closed
0.051442,0.050736,0.047819,0.053768,0.052855,0.10692,0.10516,0.09979,0.10879,0.11201,0.1372,0.13411,0.12841,0.14293,0.14212,0.3998,0.40557,0.36999,0.44195,0.40472,0.32014,0.32057,0.28892,0.36581,0.3096,0.60595,0.64062,0.59119,0.66935,0.53487,pd_off_closed
0.053248,0.052805,0.049055,0.05554,0.055051,0.10419,0.10276,0.096616,0.10902,0.10819,0.13338,0.13192,0.12478,0.14305,0.13716,0.40043,0.40443,0.36881,0.44214,0.40328,0.32281,0.32895,0.29344,0.36906,0.31545,0.68325,0.6925,0.67532,0.67615,0.68225,pd_off_closed
0.051032,0.051639,0.047374,0.055441,0.051834,0.10583,0.10462,0.0987,0.11085,0.10908,0.13728,0.13389,0.12829,0.14264,0.14066,0.39884,0.40482,0.36997,0.43721,0.4032,0.3188,0.32451,0.29375,0.3619,0.31499,0.55742,0.6303,0.54989,0.6525,0.4846,pd_off_closed
0.052168,0.051204,0.048174,0.053993,0.053874,0.10748,0.10442,0.09926,0.10789,0.11233,0.13813,0.13371,0.12754,0.1393,0.14467,0.39867,0.40261,0.36895,0.43493,0.40488,0.31907,0.31925,0.29131,0.36626,0.31627,0.59679,0.67712,0.58547,0.68445,0.53244,pd_off_closed
0.050731,0.048065,0.049537,0.04808,0.051695,0.10828,0.10081,0.1048,0.097611,0.11136,0.1269,0.11805,0.12254,0.12085,0.13031,0.41394,0.39101,0.40254,0.39631,0.41894,0.32136,0.30612,0.31127,0.32178,0.32274,0.64046,0.65947,0.64633,0.66361,0.60665,pd_off_closed
0.052558,0.050774,0.05134,0.055111,0.054962,0.10397,0.10188,0.1051,0.11455,0.10929,0.12323,0.12516,0.12895,0.13988,0.12942,0.36524,0.37917,0.39826,0.44579,0.39304,0.30157,0.32176,0.33973,0.39084,0.33864,0.74166,0.73859,0.69404,0.71747,0.72418,pd_off_closed
0.051229,0.049304,0.049097,0.048834,0.053572,0.11636,0.10564,0.11168,0.10136,0.12069,0.12867,0.12106,0.12367,0.1241,0.13061,0.40657,0.38427,0.397,0.39283,0.41318,0.31901,0.30186,0.31021,0.31621,0.31734,0.51945,0.61574,0.55007,0.66112,0.51305,pd_off_closed
0.051687,0.051184,0.050746,0.050229,0.054946,0.11456,0.10492,0.11095,0.102,0.11722,0.12725,0.11747,0.1234,0.12161,0.12859,0.40303,0.3844,0.39265,0.38973,0.40833,0.32381,0.30773,0.31227,0.31611,0.32842,0.58858,0.67127,0.6163,0.70918,0.58213,pd_off_closed
0.053702,0.048551,0.051728,0.049097,0.054153,0.11628,0.10531,0.11207,0.1046,0.11836,0.12684,0.11707,0.12239,0.11924,0.12669,0.40622,0.37918,0.39244,0.38977,0.40775,0.32309,0.30918,0.31266,0.317,0.32679,0.5555,0.64177,0.57478,0.6974,0.55463,pd_off_closed
0.05177,0.048465,0.049494,0.049161,0.051692,0.11436,0.10395,0.11018,0.10091,0.1173,0.12665,0.11778,0.12167,0.12282,0.13153,0.40914,0.38641,0.39465,0.39088,0.41575,0.32445,0.30131,0.31227,0.31501,0.3248,0.58937,0.66194,0.60714,0.72354,0.56463,pd_off_closed
0.0517,0.047657,0.050834,0.048779,0.051999,0.11589,0.10536,0.11188,0.10341,0.11746,0.12822,0.12014,0.12446,0.12179,0.1311,0.41054,0.38528,0.39949,0.38665,0.4201,0.31527,0.29935,0.30885,0.31438,0.31758,0.53634,0.63853,0.57622,0.71361,0.51523,pd_off_closed
0.050493,0.047935,0.049172,0.049378,0.053611,0.10027,0.099071,0.10239,0.1008,0.10997,0.13268,0.12705,0.13299,0.13034,0.14263,0.40152,0.38295,0.39395,0.38909,0.42945,0.32335,0.299,0.30171,0.31643,0.35219,0.62672,0.5884,0.55957,0.61626,0.55497,pd_off_closed
0.051357,0.048342,0.049889,0.050125,0.053369,0.10488,0.10184,0.10325,0.099706,0.11328,0.1289,0.12627,0.12837,0.12865,0.14054,0.39651,0.37643,0.38757,0.39021,0.42376,0.32632,0.30433,0.30963,0.33305,0.35222,0.62626,0.57217,0.5666,0.67231,0.52509,pd_off_closed
0.050405,0.049118,0.049164,0.050213,0.053307,0.10629,0.10259,0.1039,0.10182,0.11523,0.13189,0.12918,0.13411,0.13002,0.14338,0.39675,0.37867,0.39035,0.38851,0.41912,0.322,0.29885,0.30324,0.3184,0.35301,0.5415,0.5337,0.51383,0.64544,0.48074,pd_off_closed
0.052178,0.048685,0.050358,0.050477,0.053193,0.10452,0.10224,0.10434,0.10229,0.11252,0.13269,0.13013,0.13394,0.13328,0.14113,0.40308,0.38126,0.39608,0.39049,0.42667,0.31567,0.29508,0.29762,0.3137,0.34716,0.63136,0.59773,0.55423,0.64047,0.57489,pd_off_closed
0.051256,0.04944,0.051303,0.052196,0.054346,0.10843,0.10524,0.10754,0.10607,0.11611,0.12863,0.1248,0.13059,0.13212,0.13782,0.40804,0.38483,0.39826,0.38917,0.43002,0.31201,0.29064,0.29664,0.31002,0.34211,0.59833,0.5679,0.56953,0.63469,0.53487,pd_off_closed
0.049519,0.050155,0.05106,0.056187,0.053,0.098524,0.097715,0.10148,0.11084,0.10517,0.12157,0.12184,0.12752,0.13805,0.12977,0.37649,0.38968,0.40513,0.44786,0.4006,0.30511,0.31824,0.33687,0.38241,0.33678,0.76256,0.72209,0.68061,0.69211,0.76399,pd_off_closed
0.049985,0.049064,0.049699,0.051027,0.053962,0.10929,0.10866,0.10892,0.10774,0.11998,0.12799,0.12468,0.12886,0.12866,0.14023,0.3983,0.38296,0.39489,0.38659,0.42283,0.32012,0.2948,0.29838,0.31126,0.34907,0.57555,0.54631,0.54423,0.61602,0.51062,pd_off_closed
0.053578,0.052463,0.052214,0.054192,0.05718,0.10963,0.10564,0.10681,0.10691,0.11497,0.13335,0.1282,0.13179,0.1341,0.14598,0.39847,0.39343,0.38665,0.40368,0.41465,0.31865,0.30241,0.29286,0.32676,0.31079,0.66307,0.62585,0.57469,0.7017,0.51642,pd_off_closed
0.055719,0.054031,0.053482,0.054526,0.060572,0.11643,0.112,0.11363,0.11217,0.12258,0.13575,0.13023,0.13357,0.13738,0.14695,0.3998,0.38843,0.39339,0.40168,0.41344,0.30344,0.28841,0.28532,0.32576,0.29858,0.5651,0.54797,0.51664,0.61516,0.46669,pd_off_closed
0.056768,0.054221,0.055374,0.0559,0.061466,0.12016,0.11524,0.11722,0.11318,0.12701,0.13312,0.13033,0.13274,0.13638,0.14596,0.40285,0.39085,0.38842,0.40685,0.4135,0.30045,0.28204,0.2823,0.31223,0.29958,0.58024,0.55588,0.54264,0.65369,0.47719,pd_off_closed
0.0565,0.053644,0.054213,0.054842,0.060433,0.11816,0.1151,0.11811,0.11611,0.12422,0.13323,0.1286,0.13371,0.13945,0.14514,0.40494,0.39659,0.39365,0.40829,0.40812,0.29838,0.28124,0.28385,0.30881,0.29529,0.62008,0.60074,0.53083,0.63056,0.49677,pd_off_closed
0.05532,0.053182,0.055014,0.055323,0.059481,0.11929,0.11466,0.11793,0.11601,0.12575,0.13382,0.13099,0.13603,0.14034,0.14414,0.40242,0.39031,0.39492,0.40162,0.41157,0.3004,0.28098,0.2814,0.30839,0.29844,0.60696,0.57401,0.51672,0.61359,0.46928,pd_off_closed
0.056711,0.053454,0.05493,0.05594,0.059539,0.11682,0.11312,0.11619,0.116,0.12199,0.13373,0.13099,0.13585,0.13955,0.14318,0.40623,0.3955,0.39432,0.40589,0.40405,0.29731,0.28387,0.28584,0.30838,0.29693,0.67674,0.60455,0.55673,0.62232,0.53474,pd_off_closed
0.051617,0.052758,0.052485,0.054005,0.054414,0.10488,0.10817,0.10641,0.10478,0.11494,0.13139,0.13504,0.13664,0.13602,0.14578,0.39561,0.40409,0.40172,0.40697,0.41156,0.2954,0.2985,0.29798,0.31631,0.31466,0.64882,0.64177,0.60442,0.65519,0.4894,pd_off_closed
0.053055,0.053652,0.052474,0.053259,0.055591,0.10643,0.11065,0.10938,0.10919,0.11799,0.13069,0.1352,0.13633,0.13644,0.14542,0.39258,0.39898,0.39871,0.40539,0.41261,0.29991,0.29235,0.29296,0.31925,0.32129,0.66777,0.63032,0.5919,0.68025,0.50435,pd_off_closed
0.051288,0.051869,0.050549,0.052612,0.054606,0.10276,0.10712,0.10733,0.10525,0.11304,0.12965,0.13612,0.13708,0.13439,0.14432,0.40369,0.40993,0.40652,0.4146,0.41188,0.29544,0.29166,0.29235,0.31451,0.31421,0.6437,0.5914,0.55871,0.62612,0.56134,pd_off_closed
0.051207,0.050719,0.050622,0.055304,0.052412,0.096785,0.099098,0.10004,0.10913,0.10329,0.13168,0.13293,0.13558,0.1455,0.13625,0.38443,0.39697,0.40056,0.43962,0.39716,0.30336,0.31241,0.31601,0.35523,0.33352,0.73455,0.68886,0.66841,0.70286,0.69285,pd_off_closed
0.051959,0.053518,0.052007,0.053339,0.053795,0.1036,0.10653,0.10696,0.10865,0.11254,0.12757,0.13128,0.1347,0.13437,0.13699,0.39967,0.40589,0.40572,0.40994,0.41384,0.29877,0.29614,0.29792,0.32141,0.31908,0.67611,0.64493,0.59955,0.67082,0.60012,pd_off_closed
0.052287,0.052406,0.05186,0.053659,0.056565,0.10647,0.10887,0.10973,0.10893,0.11503,0.13095,0.13622,0.13628,0.13728,0.13936,0.3996,0.40746,0.40265,0.40969,0.41354,0.29532,0.29082,0.29105,0.3132,0.31515,0.67757,0.63798,0.60476,0.63359,0.63692,pd_off_closed
0.052377,0.053044,0.05161,0.053499,0.055957,0.10047,0.10422,0.10225,0.1027,0.11135,0.12896,0.13599,0.13403,0.13019,0.13911,0.39799,0.40809,0.4032,0.40993,0.40913,0.30413,0.29596,0.29858,0.32972,0.32531,0.72052,0.6784,0.64462,0.71452,0.71164,pd_off_closed
0.058186,0.055436,0.057108,0.061182,0.058297,0.11954,0.11226,0.11841,0.1254,0.11808,0.13481,0.13191,0.13321,0.14325,0.13442,0.40113,0.38469,0.38703,0.41106,0.38786,0.30693,0.28754,0.29347,0.31717,0.29986,0.67844,0.63097,0.60864,0.63112,0.66415,pd_off_closed
0.058126,0.054604,0.056525,0.060132,0.057874,0.11788,0.11238,0.11694,0.11846,0.11791,0.13254,0.12989,0.13193,0.13559,0.13195,0.40326,0.38476,0.39121,0.40564,0.39614,0.3094,0.28754,0.29598,0.31996,0.29857,0.68108,0.63921,0.60468,0.6348,0.64319,pd_off_closed
0.058023,0.053363,0.056822,0.059805,0.057087,0.11838,0.11195,0.11783,0.12313,0.11988,0.13323,0.12612,0.1317,0.13602,0.13403,0.40775,0.38718,0.39486,0.40448,0.40076,0.30262,0.28681,0.29143,0.31825,0.29724,0.6963,0.66873,0.6529,0.65767,0.67824,pd_off_closed
0.058484,0.053905,0.056308,0.060331,0.058091,0.12048,0.11311,0.11758,0.12338,0.11919,0.13592,0.13189,0.1329,0.14147,0.13137,0.40327,0.38911,0.3926,0.41011,0.39862,0.30034,0.28369,0.29022,0.31328,0.29833,0.64015,0.63477,0.63146,0.63346,0.66592,pd_off_closed
0.056609,0.052234,0.054875,0.058249,0.057481,0.11765,0.11194,0.11644,0.12004,0.12023,0.13401,0.12955,0.13316,0.13776,0.13372,0.40472,0.38865,0.39243,0.40406,0.40197,0.30401,0.28459,0.29374,0.31876,0.30353,0.6649,0.64461,0.61205,0.62376,0.61517,pd_off_closed
0.057509,0.054788,0.056047,0.061105,0.05695,0.11803,0.11207,0.11787,0.12392,0.11874,0.13528,0.1307,0.13315,0.13957,0.1351,0.40216,0.38638,0.39045,0.40892,0.39794,0.30267,0.2857,0.29136,0.31673,0.30556,0.62345,0.59715,0.59013,0.5695,0.61683,pd_off_closed
0.048305,0.049049,0.049466,0.054054,0.051757,0.096041,0.095896,0.10026,0.10817,0.10301,0.12389,0.1255,0.12979,0.1404,0.12985,0.36792,0.38527,0.40725,0.44991,0.40132,0.3008,0.32517,0.34639,0.3898,0.3377,0.68112,0.6538,0.62584,0.62647,0.67997,pd_off_closed
0.05093,0.050181,0.051315,0.056098,0.053415,0.10275,0.10272,0.10466,0.11416,0.10642,0.12817,0.12864,0.13169,0.14267,0.13283,0.38109,0.39212,0.39737,0.43528,0.40215,0.30068,0.31459,0.32289,0.36508,0.32755,0.74044,0.7074,0.69872,0.73968,0.76336,pd_off_closed
0.049276,0.04863,0.049466,0.047301,0.051615,0.095214,0.097826,0.098605,0.093583,0.10174,0.13573,0.12962,0.13507,0.12915,0.14448,0.38593,0.38237,0.38758,0.36085,0.41152,0.33209,0.3229,0.32449,0.2998,0.35626,0.52707,0.62663,0.56268,0.5611,0.52782,pd_off_closed
0.053782,0.051917,0.052858,0.052329,0.056718,0.10881,0.10477,0.10719,0.1044,0.11543,0.13814,0.12963,0.13363,0.13088,0.14771,0.39736,0.37858,0.3843,0.37474,0.4243,0.31845,0.29601,0.30181,0.29817,0.33294,0.53027,0.56223,0.52194,0.57813,0.4559,pd_off_closed
0.05071,0.048953,0.04892,0.045923,0.053878,0.096993,0.093441,0.095118,0.090356,0.10309,0.13136,0.12502,0.12916,0.12157,0.13984,0.38504,0.37891,0.38477,0.35666,0.41311,0.34188,0.32858,0.3316,0.30579,0.36511,0.64884,0.66586,0.6369,0.62528,0.63974,pd_off_closed
0.051102,0.050593,0.051157,0.048532,0.054623,0.097204,0.096864,0.097537,0.092052,0.10336,0.13292,0.12618,0.13091,0.1249,0.14025,0.39099,0.38316,0.38554,0.35639,0.42143,0.32894,0.32306,0.32554,0.30308,0.35324,0.66893,0.6905,0.65157,0.60993,0.67957,pd_off_closed
0.051404,0.051196,0.050898,0.048281,0.054233,0.1001,0.095115,0.097442,0.089621,0.10677,0.13147,0.12429,0.12959,0.12219,0.13998,0.38608,0.37409,0.38048,0.3536,0.41286,0.33636,0.33102,0.3305,0.30415,0.36323,0.63564,0.72549,0.65381,0.63374,0.63678,pd_off_closed
0.053163,0.051329,0.051372,0.048436,0.055942,0.099641,0.096611,0.097959,0.093515,0.10779,0.13719,0.12854,0.13145,0.12196,0.1466,0.38589,0.37218,0.37965,0.35098,0.41536,0.3318,0.32616,0.32438,0.30063,0.35685,0.61676,0.71126,0.64625,0.67849,0.58467,pd_off_closed
0.053031,0.051627,0.051663,0.049236,0.056126,0.096436,0.095905,0.096203,0.090679,0.10314,0.12925,0.12391,0.12669,0.11925,0.13884,0.38682,0.3769,0.38547,0.35906,0.41132,0.33876,0.3281,0.33075,0.30157,0.3645,0.66253,0.74274,0.69803,0.69896,0.65295,pd_off_closed
0.050982,0.04796,0.048775,0.050382,0.045391,0.10211,0.098165,0.099129,0.10267,0.093431,0.13341,0.12619,0.13236,0.13369,0.12836,0.4103,0.39884,0.39679,0.42512,0.37325,0.33804,0.31754,0.31705,0.3496,0.29872,0.68549,0.67961,0.63308,0.67416,0.58438,pd_off_closed
0.051324,0.048269,0.049485,0.051209,0.045625,0.10043,0.096695,0.097235,0.10105,0.091828,0.13329,0.12454,0.13163,0.13112,0.12825,0.41493,0.39784,0.40059,0.42382,0.37045,0.33667,0.31721,0.31804,0.35514,0.30001,0.66618,0.65394,0.61495,0.69192,0.59533,pd_off_closed
0.05098,0.048274,0.049101,0.051499,0.045781,0.10017,0.096965,0.098313,0.10006,0.09315,0.13114,0.12923,0.13194,0.13422,0.12756,0.41437,0.40273,0.40166,0.42962,0.3741,0.33412,0.31147,0.31819,0.34346,0.29779,0.68371,0.62074,0.61901,0.64209,0.61898,pd_off_closed
0.051014,0.048938,0.048825,0.051406,0.046682,0.10083,0.096773,0.097147,0.09796,0.092257,0.13477,0.12739,0.13424,0.13427,0.12908,0.41407,0.40244,0.40055,0.42656,0.37629,0.33248,0.31115,0.31573,0.3514,0.29627,0.67122,0.63487,0.58369,0.66804,0.58259,pd_off_closed
0.051572,0.049794,0.049381,0.051523,0.046294,0.10247,0.096919,0.098488,0.099621,0.094565,0.13392,0.1283,0.13395,0.13431,0.13148,0.40957,0.39648,0.39537,0.4186,0.37273,0.33398,0.31382,0.32244,0.34745,0.29885,0.69184,0.65545,0.62198,0.64696,0.5926,pd_off_closed
0.05295,0.051763,0.052539,0.052386,0.056876,0.11062,0.10629,0.10899,0.10734,0.11984,0.13678,0.12749,0.13461,0.12954,0.14562,0.3966,0.37598,0.38596,0.37914,0.42172,0.31698,0.29843,0.30097,0.29919,0.33041,0.50601,0.56769,0.5057,0.5716,0.45149,pd_off_closed
0.050342,0.049959,0.050016,0.05028,0.047044,0.10058,0.096978,0.099145,0.10029,0.097092,0.134,0.12558,0.13285,0.13337,0.1285,0.40848,0.397,0.4008,0.41719,0.37724,0.33478,0.31339,0.3203,0.34622,0.29877,0.65951,0.62997,0.61812,0.63317,0.62868,pd_off_closed
0.052363,0.053021,0.052227,0.055675,0.055984,0.10651,0.10572,0.10691,0.10623,0.11703,0.13447,0.13203,0.13908,0.14134,0.14327,0.3702,0.37935,0.3831,0.40348,0.4051,0.31165,0.31835,0.3122,0.34371,0.3309,0.6777,0.69465,0.61354,0.72125,0.58718,pd_off_closed
0.051135,0.052389,0.05323,0.056373,0.054125,0.10645,0.10504,0.10664,0.11028,0.1143,0.13558,0.13353,0.14152,0.14027,0.14595,0.37997,0.38036,0.38696,0.40338,0.40731,0.30713,0.31196,0.30757,0.33025,0.3284,0.63945,0.6875,0.63073,0.71438,0.57645,pd_off_closed
0.051905,0.053019,0.051672,0.057061,0.053623,0.10588,0.10505,0.10649,0.10843,0.11695,0.13598,0.13361,0.13966,0.14224,0.14631,0.38045,0.37703,0.38712,0.40346,0.40504,0.31019,0.31204,0.30564,0.33252,0.33257,0.64343,0.68706,0.63494,0.71782,0.57126,pd_off_closed
0.056184,0.055666,0.056037,0.058971,0.059342,0.10917,0.11035,0.11093,0.11549,0.11767,0.13691,0.13217,0.14051,0.14305,0.14508,0.37887,0.37341,0.38151,0.39619,0.40291,0.30431,0.30676,0.30477,0.32987,0.32532,0.65741,0.68892,0.64196,0.72448,0.57291,pd_off_closed
0.053562,0.054654,0.05434,0.059505,0.057694,0.10524,0.10536,0.1072,0.11199,0.11321,0.13539,0.13265,0.13713,0.14439,0.14672,0.37845,0.37701,0.38221,0.40418,0.40189,0.30845,0.31284,0.30795,0.33983,0.33514,0.70003,0.71371,0.65011,0.70575,0.60758,pd_off_closed
0.055344,0.054682,0.054667,0.058564,0.059,0.11143,0.10957,0.11305,0.11472,0.1213,0.14106,0.13474,0.14175,0.14535,0.14784,0.37269,0.37313,0.38112,0.3954,0.40263,0.29912,0.30864,0.30371,0.32772,0.32637,0.61515,0.64352,0.61346,0.67331,0.55569,pd_off_closed
0.053229,0.052045,0.052378,0.054856,0.057513,0.10654,0.10518,0.10876,0.10548,0.11763,0.14803,0.14012,0.14576,0.14716,0.15987,0.37942,0.37392,0.37781,0.40402,0.4063,0.30465,0.3041,0.29742,0.33696,0.32062,0.45151,0.48096,0.43516,0.49184,0.37572,pd_off_closed
0.055199,0.054585,0.055388,0.054334,0.05912,0.10826,0.10689,0.10947,0.10681,0.1199,0.13913,0.13517,0.13905,0.14037,0.15146,0.38029,0.37916,0.38161,0.40653,0.41172,0.30329,0.29965,0.29931,0.33638,0.32658,0.64965,0.65177,0.6025,0.6223,0.57711,pd_off_closed
0.054696,0.054502,0.054815,0.055912,0.058665,0.1121,0.10978,0.11039,0.10959,0.12014,0.13633,0.13322,0.1429,0.14419,0.15071,0.37801,0.37683,0.3748,0.40305,0.40487,0.30179,0.30784,0.30265,0.34586,0.32385,0.66352,0.65298,0.58358,0.6448,0.56933,pd_off_closed
0.054709,0.05296,0.053597,0.054912,0.057154,0.1116,0.10937,0.1101,0.10846,0.12095,0.1387,0.12886,0.13474,0.12889,0.14613,0.39628,0.37394,0.38361,0.36502,0.42172,0.31596,0.29626,0.29755,0.29052,0.33466,0.45986,0.52218,0.46689,0.54044,0.43692,pd_off_closed
0.05278,0.052276,0.053764,0.055703,0.057078,0.10769,0.107,0.10989,0.10951,0.11768,0.13825,0.13439,0.14058,0.1418,0.1492,0.38948,0.38658,0.38831,0.40848,0.41148,0.30054,0.2975,0.29536,0.33395,0.31796,0.63804,0.66319,0.60496,0.65419,0.61782,pd_off_closed
0.057176,0.054832,0.054931,0.053924,0.061082,0.11254,0.10928,0.11466,0.11025,0.12047,0.14185,0.13884,0.14335,0.14836,0.15536,0.38035,0.37755,0.37998,0.4018,0.40624,0.29644,0.29865,0.2927,0.3333,0.3138,0.63889,0.61924,0.5606,0.58105,0.58069,pd_off_closed
0.054659,0.054113,0.053963,0.055159,0.060166,0.10855,0.10941,0.10933,0.11083,0.11845,0.14332,0.139,0.14255,0.15015,0.15246,0.3795,0.37593,0.37432,0.40478,0.40721,0.30035,0.3017,0.29956,0.33354,0.32873,0.60354,0.58409,0.55941,0.51126,0.56659,pd_off_closed
0.048708,0.049121,0.050639,0.047912,0.052355,0.10312,0.10469,0.10365,0.10103,0.11057,0.12904,0.12954,0.13109,0.12702,0.13779,0.39356,0.39363,0.39745,0.38977,0.40915,0.31458,0.31359,0.31535,0.32318,0.33086,0.64235,0.61316,0.63547,0.69277,0.54614,pd_off_closed
0.052216,0.050907,0.052763,0.050921,0.056012,0.10795,0.10866,0.10865,0.10641,0.1143,0.12961,0.13071,0.13248,0.12884,0.13621,0.3864,0.38637,0.39191,0.39221,0.40177,0.3099,0.31253,0.31488,0.32334,0.33,0.61613,0.58803,0.62487,0.68545,0.5658,pd_off_closed
0.051038,0.049862,0.050966,0.050044,0.05426,0.10607,0.10768,0.10808,0.10388,0.11361,0.12646,0.12706,0.12885,0.12516,0.1335,0.39029,0.38716,0.391,0.38656,0.40942,0.31404,0.31816,0.31728,0.32594,0.33535,0.6654,0.63656,0.64196,0.72277,0.61774,pd_off_closed
0.053482,0.050834,0.052035,0.050912,0.056656,0.10991,0.10938,0.10926,0.10453,0.11684,0.12686,0.12683,0.12834,0.12504,0.13316,0.38824,0.39432,0.39312,0.39619,0.40121,0.3097,0.31218,0.3132,0.32276,0.32993,0.65775,0.6254,0.62357,0.69768,0.63217,pd_off_closed
0.052743,0.05172,0.052976,0.052695,0.052911,0.10901,0.10965,0.1098,0.10726,0.11428,0.12834,0.12753,0.12846,0.12794,0.1341,0.38356,0.38484,0.38651,0.38959,0.39915,0.31546,0.31573,0.31797,0.32768,0.33954,0.66579,0.63219,0.66425,0.74041,0.57043,pd_off_closed
0.050644,0.050448,0.051412,0.050347,0.053631,0.10772,0.10544,0.10674,0.10185,0.11344,0.12671,0.12874,0.13092,0.12884,0.13051,0.38352,0.38766,0.38973,0.38769,0.39684,0.31888,0.32023,0.32075,0.33275,0.33883,0.63738,0.65405,0.64428,0.70953,0.62298,pd_off_closed
0.053325,0.052414,0.053866,0.052352,0.058634,0.10675,0.10514,0.10871,0.10083,0.11589,0.13587,0.13601,0.13956,0.12885,0.14986,0.37642,0.376,0.3922,0.37281,0.4167,0.30028,0.30024,0.31753,0.30615,0.34468,0.51524,0.54487,0.58732,0.69576,0.48639,pd_off_closed
0.053949,0.051114,0.052154,0.05182,0.056903,0.11331,0.10709,0.11104,0.10891,0.12022,0.13589,0.12839,0.13543,0.132,0.14393,0.3894,0.37919,0.38182,0.37807,0.41754,0.31691,0.30133,0.30178,0.30181,0.33337,0.46114,0.52722,0.46003,0.49635,0.43037,pd_off_closed
0.055081,0.053487,0.05516,0.052399,0.059571,0.10889,0.10614,0.11013,0.10228,0.11743,0.13574,0.13537,0.14149,0.13351,0.14779,0.37792,0.37822,0.39345,0.37304,0.41281,0.29558,0.29486,0.31523,0.30045,0.34281,0.64935,0.62573,0.61588,0.66048,0.61428,pd_off_closed
0.052973,0.050859,0.052964,0.050781,0.055225,0.1089,0.10696,0.10931,0.10409,0.11741,0.13588,0.13375,0.13761,0.12601,0.1481,0.38216,0.37923,0.39438,0.37089,0.41648,0.29893,0.30065,0.31523,0.29853,0.34364,0.55848,0.55847,0.58707,0.67374,0.51266,pd_off_closed
0.055182,0.052816,0.054776,0.051692,0.058506,0.10864,0.10697,0.10911,0.10403,0.11703,0.13468,0.13383,0.13679,0.12866,0.14761,0.38213,0.38101,0.39478,0.37556,0.41769,0.29398,0.29647,0.31519,0.30386,0.34065,0.59794,0.58487,0.62477,0.67749,0.57985,pd_off_closed
0.054029,0.053148,0.054488,0.051188,0.058812,0.11071,0.1063,0.1098,0.10353,0.11735,0.13568,0.13271,0.13775,0.12875,0.14617,0.37594,0.37768,0.39266,0.37581,0.41312,0.29899,0.30007,0.31634,0.30277,0.34635,0.68582,0.70013,0.66175,0.69046,0.67775,pd_off_closed
0.052855,0.051611,0.053286,0.052485,0.056803,0.10635,0.10488,0.10719,0.10103,0.11589,0.13251,0.13199,0.13623,0.12981,0.14573,0.37548,0.38272,0.3963,0.37586,0.41737,0.30108,0.30331,0.3199,0.3025,0.34911,0.64871,0.6208,0.63879,0.67454,0.60589,pd_off_closed
0.055695,0.050814,0.051753,0.052647,0.055636,0.1078,0.10549,0.10482,0.10767,0.11221,0.13593,0.13426,0.13253,0.13416,0.14273,0.40148,0.39199,0.38506,0.39547,0.40445,0.31472,0.29809,0.30288,0.31534,0.32317,0.71192,0.66098,0.70163,0.74006,0.6532,pd_off_closed
0.053842,0.052249,0.05113,0.053828,0.053996,0.10746,0.10525,0.10379,0.10666,0.10821,0.13747,0.13215,0.13211,0.13442,0.14271,0.39826,0.38777,0.38387,0.39726,0.40139,0.31853,0.30283,0.30832,0.32285,0.32473,0.70756,0.69915,0.71727,0.71607,0.6543,pd_off_closed
0.054701,0.052215,0.051529,0.055604,0.05285,0.1073,0.1061,0.10405,0.10733,0.10702,0.13609,0.13301,0.13232,0.13585,0.14053,0.40207,0.3909,0.3909,0.39572,0.40706,0.31605,0.29749,0.30291,0.31815,0.31963,0.69242,0.6799,0.68944,0.74705,0.57459,pd_off_closed
0.055193,0.055281,0.053258,0.056821,0.055201,0.10871,0.10509,0.10377,0.106,0.10848,0.13642,0.13113,0.13235,0.1331,0.14131,0.40304,0.39288,0.38514,0.39569,0.40095,0.31431,0.29708,0.30372,0.31879,0.32321,0.69155,0.67003,0.68737,0.72788,0.63831,pd_off_closed
0.05513,0.052655,0.052534,0.056066,0.053414,0.10922,0.10818,0.10647,0.11101,0.11025,0.13372,0.13178,0.13038,0.13306,0.13873,0.40255,0.3898,0.38649,0.39712,0.40214,0.31503,0.2981,0.30344,0.31658,0.32626,0.74453,0.67703,0.73961,0.7469,0.67744,pd_off_closed
0.053633,0.050417,0.051409,0.051518,0.057043,0.11633,0.10934,0.11303,0.1092,0.12438,0.1374,0.12875,0.13401,0.13224,0.14442,0.40009,0.37218,0.38407,0.37085,0.4221,0.313,0.29609,0.29517,0.29235,0.33346,0.42623,0.49352,0.45339,0.5119,0.41044,pd_off_closed
0.056299,0.054087,0.053539,0.056175,0.05604,0.10799,0.10736,0.10412,0.11049,0.1066,0.13486,0.13452,0.13275,0.13826,0.13805,0.39701,0.38803,0.38256,0.39659,0.39993,0.31878,0.30067,0.30472,0.32243,0.32455,0.72841,0.69307,0.71587,0.7206,0.7064,pd_off_closed
0.048861,0.048905,0.049372,0.049771,0.051101,0.097627,0.097759,0.10024,0.10259,0.10588,0.13052,0.13316,0.13659,0.13581,0.14216,0.38747,0.38218,0.39029,0.41028,0.3999,0.32358,0.31756,0.32035,0.35328,0.33604,0.62486,0.60431,0.59657,0.65487,0.51945,pd_off_closed
0.049191,0.048246,0.049913,0.051486,0.051057,0.10007,0.097133,0.10174,0.10162,0.10686,0.13337,0.1323,0.13677,0.13404,0.14106,0.39508,0.38333,0.39306,0.40184,0.40374,0.3198,0.31158,0.31625,0.33698,0.33381,0.59003,0.58943,0.55735,0.65531,0.52635,pd_off_closed
0.048737,0.048639,0.050246,0.050908,0.050695,0.10386,0.10337,0.10505,0.10602,0.11021,0.13454,0.13397,0.13904,0.13769,0.14214,0.38834,0.3827,0.39002,0.40193,0.40021,0.31576,0.31103,0.31465,0.341,0.32766,0.58579,0.56895,0.53445,0.64945,0.52761,pd_off_closed
0.049898,0.048618,0.050442,0.051461,0.049549,0.10112,0.099209,0.10276,0.10316,0.10638,0.13549,0.13406,0.13862,0.13578,0.14131,0.39144,0.383,0.39466,0.40845,0.39746,0.32095,0.30756,0.3131,0.34087,0.33073,0.56515,0.54347,0.52389,0.62826,0.5026,pd_off_closed
0.050477,0.049395,0.050868,0.051323,0.051617,0.099093,0.098552,0.10109,0.10086,0.10394,0.1331,0.1319,0.13709,0.13578,0.14038,0.3934,0.38333,0.3955,0.40639,0.40208,0.31952,0.30972,0.3166,0.3411,0.33162,0.61107,0.57154,0.53885,0.62414,0.55345,pd_off_closed
0.052039,0.051823,0.052212,0.055231,0.055183,0.097817,0.095053,0.098091,0.098849,0.10475,0.13168,0.1315,0.13531,0.13593,0.14243,0.38781,0.38124,0.39024,0.40743,0.4062,0.3235,0.31253,0.31772,0.3484,0.33654,0.66291,0.62301,0.60355,0.7005,0.55425,pd_off_closed
0.051802,0.050093,0.052806,0.050236,0.054357,0.11396,0.11229,0.11396,0.10735,0.1226,0.12734,0.1274,0.13432,0.12788,0.13815,0.38482,0.37394,0.38645,0.37584,0.41597,0.30989,0.30471,0.31508,0.31467,0.33996,0.6036,0.60106,0.60481,0.69307,0.5109,pd_off_closed
0.054363,0.052747,0.054774,0.054285,0.055342,0.11953,0.11762,0.11969,0.11338,0.12546,0.13225,0.12995,0.13591,0.12889,0.14346,0.37052,0.36583,0.38248,0.3731,0.4065,0.30774,0.2994,0.30778,0.31589,0.35018,0.53687,0.56243,0.55528,0.63281,0.49481,pd_off_closed
0.053943,0.052768,0.054615,0.052753,0.056697,0.115,0.11392,0.1176,0.11203,0.12088,0.13179,0.12907,0.13544,0.13002,0.14133,0.37361,0.36992,0.3876,0.37786,0.41176,0.30369,0.29854,0.31355,0.3171,0.3472,0.61357,0.6105,0.60373,0.71598,0.56079,pd_off_closed
0.052139,0.053432,0.054208,0.054261,0.056075,0.11044,0.1114,0.11412,0.11189,0.12176,0.12469,0.12797,0.13043,0.1286,0.13798,0.38324,0.3834,0.38434,0.37846,0.39891,0.31642,0.31584,0.31534,0.31181,0.32876,0.66585,0.66252,0.64558,0.70294,0.52749,pd_off_closed
0.054713,0.053084,0.055564,0.052554,0.056712,0.11604,0.11503,0.11939,0.11274,0.12586,0.12897,0.12795,0.1337,0.12643,0.14285,0.37594,0.3676,0.3889,0.37731,0.41552,0.30219,0.29662,0.31083,0.32293,0.34262,0.64807,0.59821,0.58851,0.71427,0.53288,pd_off_closed
0.054697,0.05459,0.056716,0.054242,0.058825,0.11825,0.11553,0.12004,0.11054,0.12485,0.13092,0.1316,0.13689,0.12914,0.14663,0.37367,0.36885,0.38579,0.37631,0.41331,0.29957,0.29243,0.30891,0.31824,0.33896,0.54434,0.55846,0.56993,0.66731,0.51383,pd_off_closed
0.055969,0.054242,0.055946,0.051632,0.059333,0.12101,0.11961,0.11994,0.11166,0.12896,0.1321,0.1299,0.136,0.12881,0.14446,0.36854,0.36679,0.38237,0.37539,0.40797,0.30028,0.29755,0.30987,0.31699,0.34247,0.53334,0.52784,0.58739,0.6863,0.51271,pd_off_closed
0.054155,0.05165,0.052624,0.05248,0.05362,0.10387,0.099572,0.10357,0.098655,0.1075,0.14195,0.13755,0.1484,0.13735,0.15179,0.39599,0.38359,0.40967,0.38859,0.41502,0.30131,0.28778,0.3007,0.2898,0.31906,0.49546,0.51814,0.38596,0.57304,0.33611,pd_off_closed
0.052679,0.050731,0.052823,0.051995,0.052948,0.10266,0.10008,0.10482,0.099301,0.10525,0.14517,0.13825,0.14983,0.13793,0.15406,0.39616,0.38265,0.40955,0.38899,0.41046,0.29977,0.28782,0.29869,0.29589,0.32243,0.45892,0.49612,0.4126,0.57134,0.356,pd_off_closed
0.052848,0.05172,0.053564,0.052859,0.054467,0.10639,0.10019,0.10703,0.1026,0.10848,0.1428,0.13649,0.14753,0.13609,0.15011,0.39482,0.38063,0.40105,0.38284,0.40336,0.30242,0.29244,0.30368,0.29677,0.32721,0.49523,0.56689,0.42064,0.61645,0.41548,pd_off_closed
0.053834,0.052102,0.053599,0.054086,0.054318,0.10554,0.099534,0.10626,0.10086,0.1078,0.14055,0.13406,0.14273,0.13241,0.14748,0.39177,0.37936,0.39898,0.38153,0.40417,0.30837,0.29866,0.30583,0.30828,0.33273,0.55155,0.61015,0.50674,0.67731,0.47195,pd_off_closed
0.054182,0.050984,0.053539,0.051087,0.053961,0.10925,0.10222,0.10752,0.10049,0.11011,0.13871,0.13283,0.14487,0.13423,0.1457,0.39912,0.38512,0.40367,0.38099,0.40802,0.30171,0.29192,0.30107,0.29455,0.32478,0.5713,0.60773,0.47681,0.64579,0.46778,pd_off_closed
0.051701,0.049664,0.05219,0.050185,0.053383,0.10446,0.098775,0.10344,0.098172,0.10577,0.14106,0.13384,0.14416,0.13527,0.1485,0.40338,0.38701,0.40523,0.3873,0.41167,0.3033,0.29305,0.30299,0.29515,0.32554,0.53134,0.58948,0.46972,0.58983,0.46743,pd_off_closed
0.051265,0.050138,0.052775,0.05193,0.054302,0.10453,0.10243,0.10947,0.10462,0.11078,0.12555,0.12122,0.12998,0.12614,0.13149,0.38905,0.37097,0.39432,0.38134,0.41606,0.32523,0.3073,0.3226,0.3252,0.35019,0.67362,0.66613,0.64996,0.68795,0.66848,pd_off_closed
0.05687,0.056493,0.057062,0.055291,0.059779,0.11368,0.1136,0.11799,0.11537,0.12092,0.11988,0.12121,0.12665,0.1215,0.12703,0.37445,0.37964,0.38384,0.37773,0.38987,0.3194,0.32052,0.32314,0.31786,0.33193,0.65695,0.66844,0.62206,0.64697,0.59531,pd_off_closed
0.052505,0.050412,0.054942,0.053835,0.054252,0.11282,0.10793,0.11437,0.10665,0.11716,0.13138,0.12519,0.13293,0.12705,0.13703,0.37923,0.36567,0.39119,0.38025,0.40503,0.31796,0.30554,0.31732,0.32287,0.34528,0.62552,0.64648,0.64551,0.72638,0.62024,pd_off_closed
0.056479,0.053497,0.056959,0.054598,0.059,0.11704,0.11208,0.11676,0.11031,0.12318,0.12856,0.12608,0.13471,0.13078,0.1349,0.38667,0.36609,0.39369,0.38764,0.40244,0.3067,0.29611,0.30982,0.31655,0.33182,0.62428,0.65379,0.66271,0.74023,0.60692,pd_off_closed
0.054049,0.051671,0.05518,0.052902,0.056285,0.11797,0.11247,0.11662,0.10822,0.12363,0.13206,0.12734,0.13621,0.13175,0.13589,0.38477,0.3664,0.39246,0.38165,0.39974,0.30839,0.29649,0.3115,0.31919,0.33427,0.56152,0.58346,0.6091,0.69334,0.51632,pd_off_closed
0.05511,0.053827,0.056933,0.056196,0.058745,0.11892,0.11297,0.11847,0.11057,0.12452,0.13266,0.12666,0.135,0.12913,0.13792,0.38248,0.36659,0.38915,0.38538,0.40218,0.3058,0.29524,0.31179,0.31459,0.32955,0.58541,0.63779,0.6384,0.70793,0.60547,pd_off_closed
0.052454,0.051631,0.054729,0.052965,0.055475,0.11932,0.11314,0.11847,0.11014,0.12405,0.1317,0.1253,0.13526,0.13041,0.13497,0.38946,0.36912,0.39416,0.37884,0.40354,0.30503,0.29604,0.30914,0.31683,0.33147,0.58352,0.59895,0.60069,0.69745,0.56512,pd_off_closed
0.054235,0.053301,0.0535,0.054889,0.055715,0.10324,0.099609,0.10023,0.10408,0.10677,0.12839,0.12072,0.13152,0.12792,0.1424,0.39399,0.37307,0.39324,0.38845,0.418,0.32779,0.30867,0.31625,0.32567,0.33491,0.74058,0.76962,0.71556,0.78045,0.70659,pd_off_closed
0.055069,0.053024,0.053228,0.054832,0.05333,0.10316,0.10033,0.10204,0.10253,0.10709,0.13067,0.12445,0.13383,0.12986,0.14289,0.39728,0.37774,0.40089,0.39681,0.42645,0.31886,0.2992,0.3094,0.31129,0.32751,0.71098,0.6936,0.55476,0.67608,0.50019,pd_off_closed
0.055894,0.053654,0.054592,0.055697,0.05635,0.10318,0.098343,0.10306,0.099715,0.10796,0.13256,0.12773,0.13801,0.13337,0.14406,0.39623,0.37318,0.39783,0.3882,0.42431,0.31899,0.2973,0.30914,0.31529,0.32306,0.747,0.71901,0.60122,0.67988,0.56068,pd_off_closed
0.054837,0.053474,0.053696,0.0553,0.054452,0.10679,0.10115,0.10355,0.10366,0.10825,0.13178,0.12669,0.13436,0.13204,0.14459,0.39628,0.37897,0.40356,0.3963,0.42243,0.3159,0.2945,0.30605,0.30749,0.32341,0.70102,0.71185,0.58164,0.63444,0.53876,pd_off_closed
0.056085,0.053087,0.054513,0.055568,0.054991,0.10541,0.10005,0.10255,0.103,0.10723,0.13045,0.12583,0.13582,0.13202,0.14391,0.40137,0.38187,0.4022,0.39574,0.42329,0.31697,0.29316,0.30402,0.30729,0.32064,0.7054,0.68478,0.57202,0.63997,0.50463,pd_off_closed
0.05508,0.054943,0.056053,0.054659,0.056354,0.1172,0.1129,0.11892,0.11371,0.12185,0.1231,0.12532,0.12701,0.12588,0.13176,0.38003,0.3849,0.38135,0.37363,0.39544,0.31764,0.31674,0.31378,0.30473,0.33053,0.66284,0.71526,0.63989,0.64282,0.63557,pd_off_closed
0.058281,0.054888,0.055136,0.054756,0.06094,0.10621,0.10201,0.10331,0.10245,0.11035,0.13314,0.12825,0.13601,0.1323,0.14758,0.39051,0.37228,0.39279,0.386,0.41927,0.31724,0.29603,0.31109,0.31007,0.32609,0.69514,0.67228,0.59547,0.68522,0.51376,pd_off_closed
0.050747,0.050649,0.051115,0.052993,0.052298,0.099564,0.098002,0.10205,0.10442,0.1047,0.13269,0.13298,0.13837,0.13949,0.14357,0.3805,0.38551,0.40117,0.41604,0.4035,0.30732,0.30974,0.32363,0.34494,0.32825,0.56532,0.55575,0.50419,0.58772,0.48588,pd_off_closed
0.052609,0.051603,0.053326,0.053342,0.056927,0.10319,0.10301,0.10716,0.10859,0.11091,0.13638,0.13735,0.14273,0.14233,0.14812,0.37873,0.38331,0.39909,0.40867,0.40699,0.29657,0.29892,0.31306,0.33908,0.32325,0.52213,0.48831,0.49079,0.56517,0.43752,pd_off_closed
0.051857,0.050677,0.051188,0.052876,0.054678,0.10083,0.1013,0.10457,0.10697,0.11065,0.1349,0.13499,0.14099,0.13926,0.14574,0.3811,0.38216,0.39727,0.40834,0.4033,0.30312,0.30633,0.31804,0.34292,0.3289,0.54316,0.52207,0.49339,0.58922,0.43518,pd_off_closed
0.0518,0.051831,0.053286,0.054275,0.056152,0.1032,0.10247,0.10656,0.10717,0.11209,0.14062,0.13859,0.1439,0.14371,0.14983,0.38352,0.39056,0.39953,0.40778,0.40559,0.29444,0.29523,0.30751,0.33026,0.31704,0.46105,0.48406,0.45628,0.54988,0.37024,pd_off_closed
0.052813,0.053214,0.054585,0.054952,0.056623,0.10177,0.10177,0.10423,0.10672,0.11047,0.13944,0.13774,0.14358,0.1402,0.15057,0.38008,0.38737,0.39557,0.40793,0.40374,0.29731,0.30104,0.31027,0.33586,0.32335,0.47901,0.48509,0.47841,0.6101,0.39929,pd_off_closed
0.051912,0.052205,0.053683,0.054976,0.053188,0.10413,0.10488,0.1067,0.11114,0.11193,0.13822,0.13899,0.14339,0.1426,0.14868,0.38618,0.38761,0.39844,0.41526,0.39967,0.29658,0.29718,0.30433,0.3347,0.31942,0.5275,0.50131,0.4786,0.57402,0.42987,pd_off_closed
0.050237,0.049539,0.048109,0.054881,0.048095,0.098313,0.092472,0.094573,0.10231,0.096637,0.13521,0.12841,0.13218,0.14197,0.137,0.42535,0.40104,0.40209,0.42626,0.41211,0.317,0.30316,0.29959,0.34047,0.31055,0.63437,0.66083,0.60179,0.63746,0.59549,pd_off_closed
0.051936,0.048931,0.049459,0.053809,0.051173,0.099962,0.093918,0.095356,0.10461,0.098217,0.13588,0.13116,0.13342,0.14469,0.13704,0.42584,0.39697,0.39655,0.42987,0.40961,0.31786,0.30261,0.29627,0.34328,0.3059,0.62607,0.62649,0.57979,0.6217,0.59991,pd_off_closed
0.05102,0.049381,0.048544,0.054775,0.048726,0.1005,0.09623,0.096266,0.107,0.097522,0.1387,0.13265,0.13411,0.14603,0.13679,0.42623,0.39929,0.40088,0.42733,0.41308,0.31615,0.29482,0.29453,0.33042,0.30386,0.61521,0.64107,0.59824,0.64981,0.56627,pd_off_closed
0.047749,0.045198,0.046727,0.047606,0.050003,0.10207,0.097213,0.099647,0.09816,0.10947,0.13377,0.12447,0.13004,0.12701,0.14179,0.39771,0.37292,0.37915,0.37571,0.4256,0.341,0.3131,0.3166,0.31504,0.36364,0.54529,0.56517,0.51927,0.60145,0.49588,pd_on_closed
0.052915,0.053826,0.056043,0.053846,0.057687,0.11055,0.10866,0.11715,0.10497,0.12283,0.12534,0.12345,0.13178,0.11805,0.13583,0.37912,0.38089,0.40294,0.36909,0.40662,0.30315,0.29894,0.3257,0.28907,0.34251,0.66811,0.69203,0.6814,0.74174,0.6471,pd_on_closed
0.051085,0.04898,0.051331,0.056946,0.050034,0.098052,0.092721,0.097189,0.10736,0.099472,0.13605,0.13139,0.1377,0.14935,0.14037,0.40718,0.38288,0.40816,0.43185,0.40522,0.31639,0.29063,0.31217,0.33755,0.31889,0.65168,0.60947,0.60685,0.61877,0.59285,pd_on_closed
0.05293,0.048586,0.051414,0.05574,0.051179,0.1005,0.095102,0.10038,0.11039,0.10033,0.13808,0.13151,0.13999,0.14977,0.1393,0.41452,0.38674,0.41492,0.43298,0.41159,0.30704,0.28154,0.30134,0.32521,0.30911,0.60787,0.61755,0.56888,0.62291,0.57396,pd_on_closed
0.049879,0.046681,0.049712,0.053628,0.050843,0.098678,0.091943,0.09855,0.1041,0.097575,0.12838,0.12258,0.12929,0.13857,0.12705,0.40811,0.38949,0.41445,0.44279,0.41041,0.32073,0.29811,0.31854,0.34367,0.32333,0.68042,0.6375,0.64029,0.61836,0.6796,pd_on_closed
0.051134,0.047874,0.049766,0.048617,0.052175,0.10704,0.10261,0.10531,0.1009,0.10809,0.13533,0.13208,0.1354,0.12995,0.1385,0.39188,0.38416,0.38972,0.40209,0.39678,0.31819,0.30991,0.31597,0.34182,0.32829,0.46554,0.48506,0.46409,0.61,0.42153,pd_on_closed
0.052521,0.048825,0.052014,0.05084,0.052091,0.1122,0.10804,0.10946,0.10092,0.11523,0.13597,0.13157,0.13619,0.13228,0.1369,0.39247,0.38743,0.39094,0.40216,0.39403,0.31109,0.30531,0.30297,0.34499,0.32315,0.46299,0.48848,0.44356,0.56527,0.42097,pd_on_closed
0.05189,0.047574,0.049751,0.048346,0.050987,0.10824,0.10409,0.10569,0.10149,0.11145,0.13432,0.13202,0.13415,0.12676,0.13137,0.39501,0.38393,0.38916,0.39387,0.39374,0.32008,0.31553,0.31403,0.34183,0.32693,0.69615,0.60241,0.6294,0.6694,0.68495,pd_on_closed
0.052153,0.048863,0.050527,0.048274,0.052037,0.11499,0.10973,0.11313,0.10547,0.11931,0.13436,0.1316,0.13412,0.12752,0.13406,0.38817,0.38167,0.38475,0.38852,0.39048,0.31969,0.31116,0.3092,0.3333,0.32472,0.46322,0.51775,0.45805,0.60474,0.48154,pd_on_closed
0.051309,0.048181,0.050425,0.048439,0.051896,0.10892,0.10625,0.10779,0.1037,0.11118,0.14077,0.13536,0.14051,0.13275,0.13831,0.38877,0.38999,0.39388,0.3934,0.40021,0.30753,0.30943,0.30548,0.33474,0.31662,0.43194,0.46343,0.42221,0.54041,0.46208,pd_on_closed
0.052101,0.050077,0.050389,0.048788,0.051477,0.11471,0.10927,0.11254,0.10758,0.11735,0.13752,0.13084,0.13699,0.13053,0.13568,0.38668,0.38559,0.38826,0.39316,0.3951,0.31468,0.30661,0.30588,0.33608,0.31904,0.47524,0.48498,0.44241,0.57376,0.46101,pd_on_closed
0.049247,0.048038,0.048558,0.050164,0.05112,0.096151,0.094902,0.098662,0.099222,0.10233,0.13203,0.13139,0.13594,0.12943,0.14312,0.3786,0.39025,0.39783,0.40245,0.39881,0.32263,0.31788,0.3274,0.35094,0.33961,0.666,0.54946,0.52991,0.70463,0.46863,pd_on_closed
0.053128,0.053347,0.05658,0.053191,0.058062,0.11011,0.1092,0.11823,0.10463,0.11979,0.12171,0.12205,0.13288,0.11941,0.13598,0.37714,0.37354,0.39923,0.35813,0.41011,0.30953,0.30273,0.32974,0.28832,0.3465,0.73721,0.73946,0.72343,0.74764,0.735,pd_on_closed
0.049063,0.047465,0.049908,0.049035,0.05126,0.096146,0.096057,0.098165,0.098939,0.1026,0.13538,0.13117,0.13948,0.13494,0.14481,0.38096,0.38685,0.39552,0.40259,0.40333,0.31932,0.31445,0.32541,0.34993,0.33661,0.53246,0.53498,0.45127,0.64807,0.40375,pd_on_closed
0.049473,0.049006,0.049702,0.050523,0.051107,0.098422,0.097009,0.098433,0.099799,0.10294,0.1332,0.13195,0.13799,0.13378,0.14111,0.38279,0.38533,0.39568,0.4056,0.40539,0.31716,0.31184,0.32573,0.35148,0.33834,0.53255,0.52046,0.44414,0.60765,0.43044,pd_on_closed
0.048071,0.04801,0.04886,0.048666,0.050984,0.099524,0.097949,0.10162,0.10031,0.10543,0.13369,0.13301,0.13864,0.13368,0.14261,0.38831,0.39244,0.39806,0.40421,0.40646,0.31368,0.30889,0.31888,0.33856,0.33112,0.47011,0.50738,0.43486,0.58341,0.41848,pd_on_closed
0.049718,0.049401,0.049666,0.051577,0.051008,0.099341,0.09681,0.098926,0.0995,0.10277,0.13266,0.13218,0.13866,0.13414,0.14157,0.38321,0.39491,0.3982,0.40624,0.39697,0.31304,0.31242,0.3213,0.34709,0.33974,0.53904,0.52077,0.45431,0.63746,0.43696,pd_on_closed
0.050034,0.047292,0.048915,0.047298,0.051583,0.098691,0.095378,0.098916,0.097179,0.10351,0.13446,0.13202,0.13818,0.1321,0.14447,0.38104,0.38802,0.39595,0.40037,0.40363,0.31655,0.31614,0.3226,0.35417,0.34037,0.50415,0.50523,0.47001,0.61829,0.41496,pd_on_closed
0.054391,0.054871,0.054802,0.054622,0.056381,0.10368,0.10222,0.10368,0.10468,0.11191,0.13785,0.13489,0.1389,0.13531,0.15291,0.38139,0.37471,0.38641,0.39678,0.4168,0.31006,0.30806,0.30117,0.32828,0.33929,0.56851,0.61744,0.55035,0.67643,0.42292,pd_on_closed
0.054635,0.05381,0.053661,0.052925,0.055407,0.1069,0.10518,0.10784,0.10521,0.11407,0.13416,0.13132,0.13849,0.13562,0.14978,0.3813,0.37723,0.39081,0.3968,0.41775,0.31053,0.30215,0.30178,0.33255,0.33203,0.60787,0.65422,0.56246,0.66983,0.47658,pd_on_closed
0.055751,0.054988,0.05525,0.055861,0.059122,0.10535,0.10329,0.10516,0.10257,0.11232,0.13983,0.13479,0.14098,0.13988,0.15395,0.38142,0.37413,0.38764,0.39449,0.41404,0.30715,0.29894,0.30028,0.32678,0.33828,0.55661,0.61988,0.53561,0.64626,0.45316,pd_on_closed
0.055921,0.05468,0.054928,0.05348,0.058406,0.10498,0.10457,0.10786,0.10673,0.11169,0.14021,0.13679,0.1435,0.13963,0.15523,0.376,0.37414,0.38937,0.39169,0.41608,0.30601,0.29881,0.30047,0.32716,0.33189,0.48661,0.53787,0.45752,0.53747,0.37986,pd_on_closed
0.055098,0.054656,0.054488,0.055475,0.058717,0.10661,0.10494,0.10893,0.10763,0.11456,0.13738,0.13509,0.13945,0.13996,0.15379,0.37857,0.37696,0.39018,0.39553,0.41556,0.30497,0.3012,0.29723,0.32628,0.3342,0.55695,0.61181,0.51917,0.58592,0.46187,pd_on_closed
0.054983,0.054787,0.057952,0.053854,0.061745,0.10936,0.10826,0.11605,0.10717,0.12175,0.12454,0.12356,0.13236,0.11881,0.13613,0.38173,0.3752,0.40038,0.36018,0.41771,0.30392,0.29804,0.32367,0.28505,0.33997,0.75165,0.73758,0.70999,0.74148,0.72856,pd_on_closed
0.054793,0.053035,0.053782,0.052814,0.058214,0.10432,0.1025,0.10651,0.1052,0.11264,0.13781,0.13518,0.14493,0.14189,0.15363,0.37913,0.3764,0.39329,0.39848,0.41562,0.30386,0.30581,0.29765,0.32317,0.33225,0.50922,0.57471,0.4674,0.5472,0.4515,pd_on_closed
0.048292,0.049484,0.050544,0.049623,0.051217,0.099371,0.099893,0.10261,0.10094,0.10543,0.13643,0.1382,0.1415,0.13348,0.14425,0.38656,0.39445,0.39421,0.38576,0.39572,0.32137,0.31213,0.31287,0.32144,0.32631,0.46262,0.43279,0.4357,0.58651,0.36914,pd_on_closed
0.049411,0.049313,0.051368,0.050195,0.053367,0.10314,0.10556,0.11001,0.10346,0.11209,0.13466,0.13695,0.13897,0.13041,0.14319,0.38449,0.39284,0.39426,0.38622,0.40095,0.3136,0.30818,0.30967,0.31493,0.3251,0.45265,0.44213,0.44036,0.64201,0.38941,pd_on_closed
0.049519,0.049948,0.0508,0.051149,0.052898,0.10384,0.10517,0.10828,0.1044,0.11065,0.13406,0.13702,0.13862,0.13242,0.14342,0.38655,0.39473,0.39777,0.39183,0.40091,0.31264,0.30692,0.30808,0.31808,0.31941,0.51924,0.48464,0.48511,0.57433,0.44031,pd_on_closed
0.051452,0.050863,0.051865,0.052213,0.053634,0.10542,0.10645,0.10914,0.10367,0.11072,0.13663,0.1388,0.14045,0.13422,0.14474,0.3842,0.39035,0.39336,0.38871,0.39795,0.30961,0.30651,0.31012,0.31055,0.32098,0.48657,0.47814,0.47031,0.59728,0.40753,pd_on_closed
0.0508,0.050462,0.051609,0.052887,0.053136,0.10617,0.10675,0.10762,0.10563,0.11308,0.13416,0.13873,0.14047,0.13443,0.14335,0.38406,0.39535,0.3932,0.38827,0.40183,0.3099,0.30734,0.30706,0.31247,0.31997,0.5296,0.4759,0.45888,0.64063,0.4076,pd_on_closed
0.049548,0.049632,0.050622,0.050896,0.052707,0.10164,0.1052,0.10755,0.10358,0.11071,0.13403,0.13846,0.14047,0.13376,0.1422,0.38679,0.39815,0.39803,0.38758,0.4033,0.30935,0.30778,0.30759,0.30796,0.32458,0.52088,0.47586,0.44484,0.56758,0.41285,pd_on_closed
0.048816,0.04787,0.048652,0.051379,0.051109,0.096819,0.092612,0.097309,0.097732,0.10387,0.13046,0.12525,0.13078,0.1305,0.14059,0.39706,0.38931,0.40946,0.41989,0.41766,0.3148,0.31454,0.31482,0.36179,0.32467,0.589,0.60612,0.55296,0.63559,0.4966,pd_on_closed
0.049149,0.048367,0.04979,0.0522,0.053225,0.097672,0.096747,0.10068,0.1001,0.10631,0.13501,0.12803,0.13608,0.13124,0.14552,0.40007,0.39096,0.40952,0.42132,0.41985,0.30657,0.30374,0.30337,0.35253,0.31893,0.51923,0.56624,0.48029,0.6058,0.46399,pd_on_closed
0.048949,0.048224,0.04896,0.050421,0.052514,0.10184,0.099937,0.1027,0.10309,0.10966,0.13506,0.13196,0.13739,0.13382,0.14463,0.40265,0.39122,0.41122,0.41685,0.42309,0.29941,0.3,0.2986,0.35088,0.31202,0.54216,0.54299,0.49315,0.62459,0.44523,pd_on_closed
0.050472,0.04923,0.049824,0.052237,0.05315,0.10875,0.10668,0.10738,0.11089,0.1155,0.12802,0.12639,0.12899,0.13299,0.13444,0.39309,0.38103,0.38895,0.40198,0.40406,0.32212,0.30851,0.31477,0.33317,0.33351,0.60847,0.60693,0.6078,0.68988,0.50384,pd_on_closed
0.051495,0.049597,0.050369,0.051865,0.05585,0.101,0.099214,0.10108,0.1006,0.11193,0.13281,0.12959,0.13701,0.1354,0.1442,0.39908,0.39022,0.40854,0.41482,0.42525,0.30237,0.299,0.30168,0.34878,0.31373,0.56487,0.56627,0.51781,0.60239,0.48914,pd_on_closed
0.049375,0.049439,0.050014,0.050817,0.054141,0.10287,0.10141,0.10682,0.10372,0.11215,0.14078,0.13333,0.13983,0.13671,0.14762,0.39066,0.3888,0.40569,0.41524,0.41465,0.30287,0.29813,0.29965,0.34562,0.31164,0.44802,0.48885,0.42885,0.57898,0.423,pd_on_closed
0.048657,0.048028,0.049482,0.0511,0.052009,0.09968,0.099431,0.10276,0.10386,0.10635,0.13712,0.13277,0.13938,0.13928,0.14373,0.40334,0.39404,0.41325,0.41847,0.41417,0.29827,0.30459,0.29739,0.34943,0.30766,0.47669,0.53823,0.47178,0.60169,0.47592,pd_on_closed
0.051031,0.049759,0.049749,0.054277,0.049102,0.098363,0.097934,0.097752,0.10878,0.096362,0.12575,0.12459,0.12671,0.13844,0.13006,0.39934,0.40431,0.39297,0.46241,0.39208,0.31603,0.32013,0.32034,0.38467,0.3171,0.64896,0.65513,0.64836,0.61228,0.65198,pd_on_closed
0.049242,0.04977,0.049868,0.056147,0.050282,0.096983,0.098886,0.09715,0.1095,0.097273,0.12368,0.1226,0.12288,0.13915,0.12588,0.40406,0.40922,0.39362,0.46136,0.38629,0.31784,0.3219,0.32096,0.39127,0.31665,0.63501,0.62436,0.65078,0.58728,0.6432,pd_on_closed
0.048402,0.049595,0.048837,0.054083,0.047112,0.097555,0.098468,0.095986,0.10622,0.096112,0.12941,0.13025,0.13245,0.1442,0.13145,0.40638,0.40681,0.39227,0.45592,0.38988,0.31508,0.31455,0.31554,0.38224,0.31138,0.62291,0.61403,0.59581,0.59992,0.60121,pd_on_closed
0.049568,0.049353,0.048558,0.053426,0.046405,0.1008,0.10114,0.10084,0.10922,0.10191,0.12926,0.12837,0.12915,0.14061,0.12988,0.40614,0.41164,0.38952,0.45757,0.38638,0.31644,0.31259,0.31104,0.37222,0.31151,0.62415,0.6293,0.61917,0.63133,0.57355,pd_on_closed
0.051024,0.049527,0.04916,0.05374,0.048226,0.097896,0.098438,0.098809,0.10889,0.098564,0.13053,0.12866,0.12789,0.14288,0.13066,0.40463,0.40609,0.39179,0.45755,0.38553,0.31331,0.31536,0.31755,0.38162,0.31318,0.61261,0.61195,0.61727,0.60726,0.58557,pd_on_closed
0.049131,0.047957,0.048023,0.052669,0.047755,0.099618,0.098275,0.099018,0.10762,0.10008,0.12643,0.12724,0.12728,0.14077,0.12757,0.40744,0.40788,0.3923,0.45562,0.39201,0.31844,0.31779,0.31361,0.37948,0.313,0.6092,0.59541,0.6059,0.58777,0.61834,pd_on_closed
0.050849,0.04781,0.048954,0.047231,0.050953,0.11393,0.10233,0.10894,0.098413,0.11528,0.13083,0.11957,0.12501,0.11711,0.13538,0.41782,0.38719,0.3969,0.37483,0.4215,0.3242,0.2982,0.30448,0.29483,0.32731,0.56293,0.63473,0.57031,0.66677,0.55191,pd_on_closed
0.052548,0.050944,0.050986,0.051686,0.053769,0.11426,0.11,0.11225,0.11431,0.11889,0.13411,0.13124,0.13271,0.13802,0.13797,0.39256,0.3824,0.38989,0.39941,0.40442,0.31174,0.2994,0.30364,0.32506,0.31952,0.53902,0.55735,0.55019,0.58203,0.50223,pd_on_closed
0.052687,0.048978,0.050469,0.049359,0.052077,0.11647,0.10246,0.11083,0.10015,0.11727,0.1279,0.1163,0.12317,0.11329,0.13177,0.41418,0.38456,0.39428,0.3726,0.42122,0.32607,0.29964,0.30571,0.29351,0.33421,0.56554,0.66037,0.56299,0.66309,0.58016,pd_on_closed
0.052949,0.050005,0.050117,0.048952,0.053199,0.10705,0.09961,0.10151,0.095307,0.11066,0.12915,0.1167,0.12398,0.11668,0.13103,0.41323,0.38324,0.39497,0.37112,0.42361,0.32942,0.30801,0.31241,0.29897,0.34188,0.65836,0.70165,0.66834,0.70818,0.62981,pd_on_closed
0.053521,0.049178,0.050283,0.047594,0.054545,0.11546,0.10129,0.10939,0.097219,0.11761,0.12834,0.11653,0.12314,0.11504,0.13013,0.41392,0.38144,0.39455,0.36965,0.42111,0.32626,0.3008,0.30683,0.29222,0.33995,0.65269,0.70371,0.64534,0.7152,0.65924,pd_on_closed
0.054249,0.04983,0.051366,0.048015,0.055783,0.1129,0.10212,0.108,0.10066,0.11472,0.12808,0.11792,0.12405,0.11495,0.13215,0.41747,0.38804,0.39896,0.37672,0.4213,0.32122,0.29762,0.30327,0.29054,0.33074,0.6094,0.67427,0.61647,0.69823,0.60765,pd_on_closed
0.054852,0.050829,0.053003,0.050833,0.055128,0.12004,0.10496,0.11431,0.1034,0.12055,0.12649,0.11701,0.12192,0.11284,0.13025,0.40663,0.38236,0.38901,0.36813,0.41522,0.32448,0.3036,0.30732,0.29948,0.3302,0.52808,0.65333,0.54706,0.68348,0.53959,pd_on_closed
0.051956,0.050221,0.051547,0.053607,0.054777,0.1056,0.10176,0.10442,0.099679,0.11153,0.13036,0.12613,0.13294,0.12654,0.13999,0.38842,0.38329,0.3969,0.39158,0.41747,0.31811,0.30027,0.31269,0.32093,0.34567,0.61243,0.61373,0.58221,0.74787,0.56014,pd_on_closed
0.051418,0.050821,0.05223,0.052495,0.054488,0.11015,0.1056,0.1085,0.10476,0.11761,0.13192,0.12721,0.13337,0.12995,0.13823,0.3893,0.38357,0.39268,0.38523,0.40979,0.31478,0.29656,0.31161,0.31803,0.34174,0.58276,0.60315,0.59374,0.72969,0.55109,pd_on_closed
0.050268,0.05093,0.052657,0.053486,0.054029,0.11051,0.10736,0.11018,0.10575,0.11768,0.13064,0.12871,0.13505,0.12937,0.14012,0.38777,0.38063,0.392,0.39021,0.41615,0.31101,0.29661,0.31091,0.3144,0.34103,0.51571,0.59475,0.55306,0.65334,0.54517,pd_on_closed
0.049278,0.047466,0.049258,0.05047,0.051441,0.10953,0.10556,0.10784,0.10319,0.11701,0.12987,0.12652,0.13112,0.12741,0.13819,0.39051,0.37957,0.39364,0.39061,0.41331,0.32078,0.30114,0.31341,0.3305,0.34337,0.60543,0.65822,0.60993,0.73917,0.64396,pd_on_closed
0.050572,0.050287,0.050654,0.050642,0.053779,0.10749,0.10498,0.10772,0.10241,0.11559,0.12991,0.12656,0.1334,0.12907,0.13767,0.38536,0.38321,0.39586,0.39785,0.41098,0.31703,0.29925,0.31208,0.32096,0.34949,0.61169,0.63556,0.59883,0.69587,0.63644,pd_on_closed
0.051886,0.050909,0.051292,0.052317,0.053579,0.11349,0.11029,0.11332,0.11438,0.11901,0.13224,0.12958,0.13214,0.13733,0.13494,0.39875,0.38576,0.39074,0.40162,0.40434,0.31057,0.29727,0.3029,0.3263,0.31684,0.5647,0.57586,0.5337,0.57535,0.52228,pd_on_closed
0.052665,0.050425,0.051929,0.05168,0.055529,0.1119,0.10896,0.11062,0.10346,0.11981,0.13169,0.12782,0.13418,0.12763,0.13945,0.3864,0.37792,0.39001,0.38844,0.41054,0.31483,0.29652,0.31215,0.31824,0.33912,0.56403,0.60368,0.55936,0.69801,0.59347,pd_on_closed
0.052333,0.052127,0.05156,0.051789,0.059033,0.11181,0.10957,0.10982,0.10815,0.12126,0.13064,0.12992,0.13003,0.13077,0.14463,0.39625,0.39283,0.3926,0.40657,0.4104,0.30412,0.3025,0.30087,0.3299,0.30801,0.52421,0.54943,0.51489,0.59773,0.46534,pd_on_closed
0.054544,0.05348,0.052912,0.054618,0.059845,0.11538,0.11237,0.11317,0.11068,0.12346,0.12905,0.12566,0.12847,0.12947,0.14081,0.39391,0.39481,0.39005,0.41514,0.40476,0.30515,0.29801,0.29711,0.32794,0.31439,0.51442,0.55859,0.51871,0.62582,0.4809,pd_on_closed
0.054859,0.052587,0.052913,0.053672,0.060082,0.11499,0.1124,0.11559,0.11368,0.12146,0.13021,0.12973,0.13039,0.13235,0.13914,0.39794,0.39198,0.39105,0.41724,0.40317,0.29907,0.29737,0.29727,0.32405,0.31034,0.56398,0.57636,0.54237,0.63919,0.49677,pd_on_closed
0.055321,0.053221,0.054106,0.054384,0.059854,0.11617,0.11332,0.11358,0.1124,0.123,0.12889,0.12651,0.12879,0.13543,0.13755,0.39371,0.39598,0.39396,0.41567,0.40602,0.2977,0.30048,0.29635,0.32974,0.30777,0.52847,0.58274,0.54258,0.63474,0.44362,pd_on_closed
0.053322,0.053069,0.05344,0.054382,0.056123,0.11175,0.11011,0.11193,0.11101,0.12015,0.13035,0.13041,0.13431,0.13662,0.13996,0.40049,0.39221,0.39497,0.40969,0.40703,0.29685,0.29893,0.29624,0.32479,0.31294,0.58394,0.56982,0.54799,0.63995,0.47382,pd_on_closed
0.052681,0.052555,0.052181,0.052588,0.057451,0.11547,0.11349,0.11648,0.11526,0.12068,0.12976,0.12836,0.12893,0.13419,0.13817,0.40067,0.39417,0.38918,0.41182,0.40383,0.30089,0.29908,0.2956,0.32854,0.31287,0.55981,0.56488,0.50616,0.59537,0.53045,pd_on_closed
0.056032,0.052955,0.05341,0.053867,0.055768,0.11197,0.1112,0.11036,0.11416,0.11732,0.13218,0.13023,0.13379,0.14311,0.13831,0.41099,0.39649,0.39723,0.41424,0.40077,0.30863,0.28419,0.28586,0.31154,0.30716,0.74798,0.71858,0.65016,0.65582,0.56132,pd_on_closed
0.056553,0.053588,0.053602,0.057892,0.057047,0.11332,0.11222,0.11273,0.11812,0.11716,0.13574,0.13157,0.13614,0.14569,0.14118,0.40974,0.39665,0.39587,0.40866,0.40846,0.30205,0.28252,0.28144,0.31052,0.29772,0.71653,0.66348,0.60791,0.60568,0.57137,pd_on_closed
0.057226,0.05508,0.053942,0.057419,0.055264,0.11465,0.11093,0.11116,0.11901,0.1188,0.13719,0.13365,0.13607,0.15189,0.13892,0.4132,0.39844,0.39335,0.41285,0.40034,0.30132,0.28149,0.28102,0.30297,0.29917,0.73483,0.69593,0.65129,0.62011,0.63438,pd_on_closed
0.052541,0.050954,0.05171,0.051998,0.05453,0.11528,0.11342,0.11568,0.11613,0.12069,0.1349,0.13018,0.13393,0.13737,0.14018,0.39938,0.38657,0.39217,0.40428,0.40513,0.30479,0.29222,0.29752,0.31522,0.31056,0.49892,0.53005,0.53375,0.55329,0.45261,pd_on_closed
0.055944,0.053677,0.051951,0.056528,0.053362,0.10955,0.10697,0.10905,0.11459,0.1143,0.13293,0.12885,0.13212,0.14619,0.13927,0.41683,0.40001,0.40258,0.4128,0.40776,0.30373,0.28674,0.2873,0.30315,0.30168,0.69957,0.70676,0.64741,0.69376,0.64329,pd_on_closed
0.055733,0.053496,0.052506,0.056,0.055603,0.11076,0.10806,0.10999,0.11478,0.11408,0.13568,0.13204,0.13379,0.14431,0.13547,0.41349,0.40202,0.39825,0.41188,0.40324,0.30279,0.28757,0.28578,0.30775,0.30348,0.75202,0.70971,0.64578,0.62412,0.65764,pd_on_closed
0.055116,0.052318,0.052541,0.055107,0.056115,0.1132,0.11175,0.11103,0.11514,0.11927,0.13641,0.13177,0.13582,0.14373,0.13716,0.41505,0.3994,0.39525,0.41243,0.40469,0.30175,0.28446,0.28061,0.30416,0.30471,0.71096,0.68327,0.62633,0.62744,0.61209,pd_on_closed
0.057639,0.054281,0.056585,0.057921,0.058605,0.11747,0.11093,0.11667,0.12104,0.1202,0.13476,0.12937,0.13176,0.13615,0.13806,0.40106,0.37613,0.38066,0.40228,0.39877,0.31857,0.28172,0.29298,0.31545,0.32316,0.66787,0.63714,0.5985,0.5979,0.67203,pd_on_closed
0.057221,0.054496,0.055179,0.057914,0.057004,0.11495,0.10951,0.11566,0.12179,0.11713,0.13418,0.12577,0.13043,0.13561,0.13551,0.40423,0.37057,0.38081,0.39979,0.40385,0.32111,0.28446,0.29906,0.31888,0.32707,0.67132,0.6354,0.60201,0.60346,0.65855,pd_on_closed
0.057365,0.05375,0.056515,0.059027,0.058758,0.1188,0.11273,0.11817,0.12205,0.12103,0.13585,0.12962,0.13332,0.13493,0.13731,0.39991,0.37623,0.37955,0.39889,0.39214,0.31669,0.28499,0.29646,0.31846,0.31442,0.6716,0.65761,0.57937,0.65832,0.61896,pd_on_closed
0.059135,0.054363,0.056865,0.059321,0.060822,0.11762,0.11321,0.11839,0.12332,0.12067,0.13503,0.1277,0.1307,0.13728,0.13507,0.3993,0.37105,0.37733,0.39917,0.39669,0.32209,0.28449,0.2979,0.32121,0.31364,0.69906,0.62884,0.60746,0.6486,0.67231,pd_on_closed
0.061118,0.056761,0.058329,0.060393,0.062786,0.12029,0.11421,0.11982,0.12328,0.12397,0.12956,0.12356,0.12682,0.13419,0.12992,0.40345,0.37549,0.38173,0.40021,0.38823,0.3176,0.28566,0.29741,0.31674,0.31422,0.66513,0.62902,0.58832,0.58142,0.59878,pd_on_closed
0.058696,0.05473,0.056772,0.05894,0.059904,0.1203,0.11354,0.11734,0.1231,0.12153,0.1322,0.12803,0.13087,0.13475,0.13411,0.40195,0.37604,0.38468,0.40098,0.3979,0.31524,0.28083,0.29438,0.31666,0.316,0.65217,0.59777,0.57561,0.57549,0.64461,pd_on_closed
0.051637,0.049717,0.050743,0.051345,0.054709,0.11486,0.11105,0.11468,0.11197,0.12197,0.13258,0.13044,0.13283,0.13528,0.13779,0.3977,0.38089,0.39568,0.39965,0.40745,0.30915,0.29312,0.3022,0.31696,0.31699,0.51391,0.52799,0.48745,0.56205,0.44184,pd_on_closed
0.052422,0.050496,0.051578,0.051,0.054235,0.1184,0.11349,0.11754,0.11481,0.12441,0.13017,0.13103,0.13461,0.13729,0.13768,0.39598,0.38239,0.39336,0.39553,0.40596,0.30465,0.29306,0.29972,0.31402,0.31681,0.47488,0.50061,0.4633,0.53594,0.42753,pd_on_closed
0.053729,0.048932,0.050423,0.053805,0.053626,0.10153,0.093213,0.096133,0.1017,0.10444,0.13561,0.1264,0.1299,0.1352,0.13654,0.3903,0.38269,0.37405,0.4218,0.40475,0.33284,0.324,0.31494,0.36643,0.34073,0.70756,0.67178,0.6783,0.66051,0.69004,pd_on_closed
0.050327,0.048883,0.048008,0.050385,0.053107,0.10544,0.098909,0.10264,0.10096,0.11213,0.12822,0.12166,0.12674,0.12592,0.13667,0.39436,0.37269,0.37837,0.37351,0.42372,0.33999,0.31426,0.31616,0.32097,0.36428,0.59273,0.6308,0.55126,0.65057,0.56216,pd_on_closed
0.052347,0.049799,0.049775,0.053151,0.052737,0.10022,0.094906,0.094819,0.1036,0.10204,0.13426,0.12712,0.12919,0.13785,0.13703,0.38722,0.37901,0.37244,0.41978,0.40105,0.33383,0.3293,0.3189,0.37518,0.34771,0.70744,0.67972,0.65643,0.65234,0.67463,pd_on_closed
0.050654,0.04688,0.047797,0.051358,0.049918,0.10228,0.095643,0.096774,0.10197,0.10362,0.13612,0.12665,0.13133,0.14067,0.13538,0.39405,0.38359,0.37872,0.42352,0.40911,0.32736,0.32576,0.31097,0.37004,0.34009,0.61918,0.64949,0.59338,0.66848,0.61115,pd_on_closed
0.052137,0.050454,0.049782,0.054186,0.052317,0.10387,0.097739,0.098703,0.10594,0.10492,0.13537,0.12561,0.12982,0.1384,0.13642,0.38732,0.38478,0.37351,0.42753,0.4045,0.3273,0.32259,0.31272,0.36949,0.34303,0.65975,0.69135,0.6227,0.68342,0.6515,pd_on_closed
0.052107,0.049407,0.048808,0.053869,0.05225,0.10127,0.097325,0.097355,0.10436,0.10591,0.13242,0.12354,0.12669,0.13686,0.13139,0.39334,0.38346,0.37539,0.42377,0.40838,0.33357,0.32298,0.31699,0.37047,0.33864,0.71659,0.7068,0.66431,0.70029,0.68682,pd_on_closed
0.053511,0.050649,0.050705,0.055357,0.054138,0.10282,0.096115,0.096438,0.10195,0.10588,0.13153,0.12327,0.12362,0.13678,0.13207,0.39154,0.38269,0.37193,0.42602,0.40692,0.33192,0.3296,0.3134,0.3735,0.34694,0.76642,0.72416,0.74562,0.70394,0.76129,pd_on_closed
0.052019,0.049485,0.049978,0.051655,0.05024,0.10149,0.097489,0.098202,0.10192,0.10138,0.13351,0.12988,0.13662,0.13799,0.13621,0.40701,0.39556,0.40726,0.41508,0.39927,0.31597,0.29449,0.31362,0.32938,0.31662,0.71081,0.65527,0.58636,0.66465,0.61796,pd_on_closed
0.052191,0.049643,0.050641,0.055023,0.050728,0.10347,0.099189,0.10138,0.10324,0.10305,0.1328,0.12934,0.13597,0.13401,0.13437,0.40406,0.39502,0.40376,0.41368,0.39956,0.31516,0.29969,0.31286,0.32837,0.31441,0.71264,0.64518,0.58154,0.71384,0.60988,pd_on_closed
0.050525,0.049138,0.048333,0.050367,0.04852,0.10387,0.099834,0.10162,0.10469,0.10215,0.13094,0.12838,0.13384,0.13493,0.13589,0.4093,0.39658,0.40897,0.41596,0.40513,0.31514,0.29201,0.31262,0.32478,0.31642,0.69279,0.58401,0.5616,0.62073,0.58573,pd_on_closed
0.050786,0.048648,0.049697,0.052449,0.050796,0.10204,0.099122,0.099172,0.10501,0.10147,0.12977,0.12965,0.13499,0.14004,0.13496,0.40544,0.38844,0.40632,0.4126,0.40609,0.31994,0.29356,0.31724,0.32506,0.32173,0.71482,0.61865,0.58552,0.63933,0.6039,pd_on_closed
0.051634,0.049631,0.050872,0.055328,0.052191,0.099496,0.097463,0.098989,0.1035,0.098662,0.13365,0.12928,0.13609,0.13887,0.1359,0.4025,0.38989,0.39937,0.40969,0.3986,0.32169,0.3072,0.31639,0.33555,0.3154,0.70404,0.63093,0.61194,0.6867,0.64991,pd_on_closed
0.050739,0.048044,0.049066,0.049359,0.054203,0.10592,0.10258,0.1062,0.10475,0.11341,0.12919,0.12133,0.12795,0.12752,0.13457,0.39217,0.37281,0.37956,0.38269,0.41751,0.33478,0.31482,0.31781,0.3167,0.35638,0.59078,0.59172,0.53384,0.63139,0.5552,pd_on_closed
0.049484,0.047623,0.04816,0.048872,0.048806,0.10206,0.09839,0.10032,0.09973,0.10135,0.13203,0.1292,0.13648,0.13366,0.13448,0.40854,0.39514,0.40957,0.41533,0.39799,0.32404,0.2924,0.3157,0.32678,0.31228,0.66035,0.5785,0.52409,0.58805,0.57949,pd_on_closed
0.055434,0.053906,0.054496,0.058393,0.057798,0.10951,0.10609,0.10742,0.11386,0.11417,0.13616,0.13299,0.13732,0.14267,0.14962,0.38498,0.37609,0.38425,0.41124,0.40243,0.31641,0.29858,0.30709,0.3386,0.30784,0.68368,0.65548,0.63619,0.69104,0.54335,pd_on_closed
0.055756,0.055233,0.055008,0.060415,0.057443,0.11194,0.10856,0.11127,0.11723,0.11997,0.13588,0.13128,0.14052,0.14342,0.14741,0.39117,0.37642,0.38479,0.40379,0.39902,0.31012,0.29324,0.30073,0.32292,0.31149,0.68643,0.68607,0.60056,0.698,0.5332,pd_on_closed
0.055607,0.055442,0.054381,0.059817,0.059323,0.10943,0.10722,0.10821,0.1123,0.11696,0.14099,0.13411,0.14049,0.14379,0.15025,0.38815,0.38078,0.38674,0.41142,0.40275,0.30687,0.29189,0.30091,0.32252,0.30836,0.68053,0.68803,0.61578,0.66526,0.5732,pd_on_closed
0.057425,0.056198,0.056613,0.060227,0.059622,0.11504,0.11111,0.11298,0.11754,0.12012,0.13568,0.13306,0.1401,0.14263,0.14631,0.38907,0.37634,0.38344,0.39695,0.40327,0.30435,0.29046,0.29684,0.32134,0.31641,0.72216,0.69111,0.64891,0.66801,0.58573,pd_on_closed
0.056224,0.054011,0.054096,0.058013,0.058981,0.11314,0.1072,0.11128,0.11782,0.11636,0.13763,0.1324,0.13875,0.14195,0.14809,0.39152,0.37876,0.38601,0.40283,0.40328,0.30673,0.29357,0.29994,0.32002,0.31314,0.6871,0.69385,0.6463,0.69227,0.61167,pd_on_closed
0.059205,0.056379,0.056434,0.062989,0.060677,0.10923,0.10752,0.10824,0.11682,0.11599,0.13671,0.13171,0.13697,0.14435,0.14513,0.39217,0.37571,0.38395,0.40816,0.40711,0.307,0.2936,0.3034,0.32189,0.31055,0.71413,0.72062,0.70835,0.72762,0.66859,pd_on_closed
0.05321,0.052605,0.053128,0.053143,0.059465,0.10966,0.10936,0.11221,0.10941,0.1211,0.14311,0.1403,0.14535,0.14691,0.16323,0.38107,0.37739,0.38989,0.40414,0.42078,0.29412,0.29085,0.29479,0.32803,0.30231,0.48506,0.48405,0.48659,0.51428,0.37832,pd_on_closed
0.052196,0.051954,0.054162,0.056027,0.058873,0.11436,0.11492,0.11789,0.1147,0.1271,0.14308,0.139,0.14124,0.14546,0.16078,0.37467,0.36757,0.38429,0.4024,0.41276,0.29867,0.29356,0.29522,0.33464,0.30898,0.49203,0.48586,0.48928,0.59021,0.41267,pd_on_closed
0.054553,0.053579,0.054789,0.055551,0.058051,0.10918,0.11079,0.11239,0.10996,0.12235,0.1421,0.13696,0.14264,0.14629,0.15619,0.37637,0.3698,0.38328,0.39788,0.41234,0.30052,0.29899,0.29978,0.33112,0.3205,0.53306,0.52686,0.50604,0.55023,0.44808,pd_on_closed
0.051515,0.049824,0.050278,0.051491,0.054737,0.11007,0.10369,0.10752,0.10511,0.11601,0.133,0.12462,0.13225,0.12955,0.13859,0.39698,0.37396,0.3826,0.37974,0.41589,0.32609,0.30759,0.30948,0.31388,0.33971,0.5099,0.55226,0.51811,0.6169,0.47384,pd_on_closed
0.05397,0.053541,0.054286,0.055998,0.057496,0.10501,0.10611,0.10852,0.10718,0.11729,0.14063,0.13702,0.14369,0.14695,0.15219,0.38485,0.38163,0.38845,0.39693,0.41996,0.29703,0.29522,0.30095,0.31758,0.32097,0.56497,0.55015,0.5339,0.57612,0.5305,pd_on_closed
0.054811,0.053155,0.054329,0.056248,0.058375,0.10414,0.1041,0.10647,0.10825,0.1157,0.14008,0.13699,0.14525,0.14959,0.1539,0.38163,0.37844,0.39203,0.39998,0.4143,0.29613,0.29742,0.30266,0.31992,0.32644,0.69101,0.66547,0.57317,0.56682,0.61732,pd_on_closed
0.051729,0.051234,0.052174,0.052927,0.058021,0.10751,0.10945,0.11156,0.11086,0.12036,0.13876,0.13452,0.14129,0.1416,0.1544,0.38478,0.38167,0.39244,0.39405,0.4219,0.29467,0.29398,0.30005,0.31678,0.32471,0.51201,0.53787,0.51434,0.51141,0.46894,pd_on_closed
0.050481,0.051454,0.050024,0.05111,0.052299,0.10508,0.10553,0.10441,0.10498,0.11212,0.12499,0.12632,0.12685,0.12962,0.13062,0.3961,0.39496,0.38057,0.40274,0.40403,0.324,0.32509,0.31397,0.33949,0.3274,0.68833,0.68879,0.6305,0.67446,0.63126,pd_on_closed
0.052333,0.051746,0.050687,0.051573,0.053879,0.10883,0.10748,0.10699,0.11039,0.11544,0.12784,0.1306,0.12908,0.13168,0.1341,0.39717,0.39351,0.38294,0.39484,0.40259,0.31381,0.32016,0.3082,0.3364,0.31899,0.70792,0.71282,0.65375,0.70273,0.63053,pd_on_closed
0.050977,0.051793,0.051251,0.052365,0.054467,0.10934,0.10806,0.10775,0.10994,0.11444,0.12868,0.12889,0.12909,0.13031,0.1344,0.39249,0.39429,0.37993,0.39671,0.39828,0.31763,0.31943,0.3117,0.34101,0.32094,0.68738,0.69395,0.65774,0.73434,0.62942,pd_on_closed
0.05367,0.05177,0.051102,0.053223,0.055497,0.10969,0.10811,0.10664,0.11145,0.11523,0.12946,0.12741,0.1257,0.12734,0.13301,0.39235,0.39495,0.38207,0.39992,0.39919,0.31477,0.32057,0.3101,0.33778,0.32526,0.70349,0.71142,0.66279,0.71682,0.68391,pd_on_closed
0.050364,0.052466,0.051287,0.052883,0.053693,0.10817,0.10862,0.10663,0.10914,0.11342,0.12881,0.12888,0.12945,0.12772,0.13499,0.39273,0.39284,0.38001,0.39341,0.40294,0.31726,0.32175,0.311,0.34104,0.32262,0.68508,0.68694,0.64016,0.69688,0.63445,pd_on_closed
0.052545,0.052348,0.050437,0.052105,0.054856,0.1039,0.1048,0.10386,0.10774,0.108,0.12984,0.13,0.13059,0.13121,0.13404,0.39614,0.39226,0.37988,0.39485,0.39905,0.3203,0.32286,0.31243,0.33914,0.32699,0.74146,0.73647,0.63889,0.73763,0.65573,pd_on_closed
0.05224,0.052073,0.053166,0.054067,0.055974,0.10554,0.104,0.10677,0.10318,0.11487,0.13783,0.13636,0.14073,0.13411,0.15067,0.38085,0.37422,0.38817,0.37797,0.41321,0.31342,0.29613,0.30956,0.30786,0.34764,0.60522,0.57575,0.56915,0.6702,0.51811,pd_on_closed
0.052716,0.049756,0.050894,0.052408,0.055069,0.11385,0.10751,0.11182,0.10736,0.11909,0.13608,0.12765,0.13439,0.12879,0.13969,0.39233,0.36846,0.37554,0.3746,0.40892,0.32354,0.30566,0.3099,0.31042,0.34323,0.51541,0.57217,0.49866,0.62327,0.53235,pd_on_closed
0.053881,0.052609,0.054352,0.055083,0.056848,0.1058,0.10247,0.10714,0.10401,0.11341,0.13612,0.13348,0.13989,0.13367,0.14952,0.38058,0.37434,0.38695,0.37905,0.41421,0.31504,0.29823,0.30804,0.30458,0.35185,0.65921,0.65888,0.62541,0.73473,0.56141,pd_on_closed
0.052218,0.05314,0.054769,0.05207,0.058521,0.10422,0.10441,0.10811,0.099899,0.11489,0.13498,0.13517,0.14039,0.13092,0.14734,0.38708,0.37759,0.39083,0.37896,0.4168,0.30863,0.29449,0.30763,0.30143,0.34645,0.70397,0.66395,0.65413,0.70086,0.65359,pd_on_closed
0.054716,0.053682,0.054465,0.051753,0.058982,0.11243,0.11036,0.11142,0.10437,0.12203,0.13445,0.1334,0.13609,0.12846,0.14695,0.38822,0.37341,0.38615,0.37131,0.41668,0.30633,0.29189,0.306,0.29939,0.34293,0.62115,0.63871,0.64494,0.72276,0.58046,pd_on_closed
0.055347,0.053769,0.055964,0.053179,0.060434,0.10888,0.10548,0.10902,0.10296,0.11479,0.14048,0.13721,0.14052,0.13142,0.15082,0.38045,0.3755,0.38394,0.3716,0.4095,0.30852,0.2928,0.3087,0.30089,0.34451,0.61664,0.61961,0.64317,0.74789,0.59185,pd_on_closed
0.052098,0.050898,0.053002,0.051028,0.054894,0.10522,0.10316,0.10797,0.10167,0.11468,0.13714,0.13655,0.14031,0.13132,0.1507,0.38853,0.37878,0.39166,0.37108,0.42239,0.30807,0.29289,0.30734,0.29943,0.34392,0.52771,0.57391,0.58932,0.69886,0.47888,pd_on_closed
0.0539,0.051911,0.052046,0.05262,0.053138,0.10686,0.10392,0.10234,0.10174,0.11103,0.13842,0.13221,0.13225,0.12787,0.14525,0.40293,0.38591,0.38622,0.38532,0.40483,0.31941,0.29862,0.30377,0.31835,0.33313,0.63954,0.67229,0.65633,0.75754,0.51467,pd_on_closed
0.053831,0.051736,0.052587,0.055341,0.052449,0.10745,0.1054,0.104,0.10811,0.10858,0.13837,0.13043,0.13249,0.13181,0.14294,0.40366,0.38998,0.38667,0.39141,0.4028,0.31961,0.2947,0.30073,0.31362,0.33305,0.65043,0.6412,0.6504,0.70417,0.58737,pd_on_closed
0.053722,0.052031,0.052018,0.052909,0.054402,0.10465,0.10276,0.10235,0.10316,0.10672,0.13754,0.1341,0.13333,0.13382,0.14204,0.40471,0.39231,0.38664,0.39305,0.40992,0.31887,0.29403,0.30037,0.31254,0.33384,0.64643,0.64121,0.65708,0.70543,0.54224,pd_on_closed
0.054483,0.051681,0.052385,0.053054,0.05427,0.10848,0.10474,0.10387,0.10541,0.10871,0.13714,0.1313,0.13183,0.1324,0.14202,0.40379,0.38603,0.38528,0.39087,0.40313,0.3199,0.29815,0.30316,0.31274,0.33281,0.70564,0.66639,0.69349,0.6843,0.70962,pd_on_closed
0.053497,0.050938,0.051368,0.052693,0.052854,0.10905,0.10472,0.10449,0.10482,0.11017,0.13834,0.13428,0.13335,0.13456,0.14281,0.40455,0.38915,0.3857,0.38877,0.40368,0.318,0.29451,0.30226,0.31336,0.32867,0.67672,0.68211,0.68547,0.72602,0.60853,pd_on_closed
0.049265,0.048211,0.049605,0.052036,0.053192,0.11305,0.10601,0.10793,0.10409,0.119,0.13676,0.12696,0.13309,0.12893,0.14131,0.395,0.37246,0.38051,0.37349,0.40648,0.32458,0.30824,0.31126,0.31095,0.3437,0.50338,0.57784,0.4966,0.63282,0.50268,pd_on_closed
0.053905,0.051612,0.052525,0.053156,0.05519,0.1088,0.10531,0.10472,0.10639,0.11014,0.1393,0.13343,0.13367,0.1299,0.1442,0.40617,0.39294,0.38773,0.39532,0.40402,0.31724,0.28756,0.2973,0.30559,0.32867,0.66456,0.65613,0.67447,0.73015,0.60153,pd_on_closed
0.052758,0.04926,0.050864,0.050931,0.053223,0.1006,0.096563,0.098059,0.098704,0.10269,0.13319,0.1325,0.13465,0.13299,0.1415,0.3792,0.38458,0.38521,0.4014,0.39492,0.32697,0.32574,0.32658,0.35383,0.3299,0.6987,0.60891,0.60658,0.66875,0.56327,pd_on_closed
0.051959,0.05093,0.05115,0.051408,0.053476,0.10168,0.099638,0.10022,0.10169,0.10331,0.13207,0.13317,0.1342,0.13326,0.14147,0.38442,0.38632,0.39101,0.39959,0.39521,0.31889,0.31961,0.32265,0.34672,0.3291,0.69729,0.59066,0.59836,0.69644,0.56237,pd_on_closed
0.050415,0.049525,0.049569,0.051688,0.050186,0.099965,0.10041,0.1014,0.10254,0.10293,0.13141,0.13563,0.13781,0.13556,0.14224,0.37766,0.39158,0.39418,0.40896,0.3939,0.316,0.31991,0.32259,0.34645,0.33099,0.67886,0.56211,0.53541,0.64526,0.50589,pd_on_closed
0.054238,0.050756,0.052685,0.052439,0.054627,0.10248,0.099151,0.10255,0.099669,0.10513,0.13244,0.13567,0.13753,0.13644,0.14318,0.37733,0.38889,0.39048,0.40021,0.39384,0.31506,0.31647,0.31915,0.34729,0.3304,0.6599,0.55905,0.55487,0.64697,0.51628,pd_on_closed
0.050365,0.050512,0.051337,0.053277,0.05073,0.099056,0.10255,0.10241,0.10258,0.10906,0.13096,0.13683,0.13943,0.13721,0.14125,0.37731,0.39371,0.39636,0.40898,0.39688,0.30915,0.31439,0.31945,0.34541,0.32941,0.65768,0.56144,0.55233,0.67643,0.52773,pd_on_closed
0.053273,0.048786,0.051236,0.048181,0.0546,0.10437,0.09658,0.10019,0.10138,0.10567,0.13424,0.13438,0.1381,0.13373,0.14076,0.38692,0.38816,0.39353,0.39674,0.39562,0.31676,0.31313,0.31843,0.34007,0.3272,0.69503,0.55034,0.57272,0.65914,0.54826,pd_on_closed
0.053237,0.053083,0.053177,0.0504,0.056486,0.1134,0.11574,0.11598,0.11005,0.12357,0.12616,0.12938,0.13335,0.12674,0.13836,0.37698,0.37711,0.39055,0.37884,0.40252,0.31308,0.30413,0.32019,0.30784,0.32529,0.63396,0.62783,0.6217,0.67521,0.54616,pd_on_closed
0.053195,0.052488,0.054002,0.051853,0.056149,0.11421,0.11343,0.11731,0.11349,0.12114,0.12876,0.12855,0.13447,0.12802,0.13801,0.3764,0.374,0.38438,0.37063,0.40027,0.31019,0.30404,0.3254,0.31355,0.33493,0.63605,0.63204,0.6095,0.62746,0.54535,pd_on_closed
0.054718,0.055134,0.056937,0.055779,0.05715,0.11855,0.11914,0.12257,0.11583,0.1285,0.12815,0.12867,0.13218,0.12752,0.13846,0.37325,0.37264,0.38665,0.36933,0.39554,0.30542,0.30042,0.31954,0.30817,0.32696,0.59742,0.60583,0.58125,0.64464,0.52418,pd_on_closed
0.05464,0.052329,0.056948,0.051233,0.060203,0.11105,0.10746,0.11446,0.10599,0.12251,0.12485,0.12425,0.13372,0.12362,0.13961,0.37938,0.37924,0.40525,0.37482,0.41501,0.30131,0.29454,0.32294,0.28809,0.33603,0.70663,0.70283,0.68577,0.72951,0.6994,pd_on_closed
0.054994,0.05294,0.055014,0.051697,0.056622,0.1172,0.11766,0.1192,0.11389,0.12669,0.12897,0.12995,0.1342,0.12686,0.13895,0.37477,0.37699,0.3858,0.37189,0.40153,0.3078,0.29988,0.32004,0.31143,0.32113,0.6203,0.60408,0.6133,0.65649,0.53726,pd_on_closed
0.055049,0.054509,0.05573,0.05404,0.058529,0.11999,0.11895,0.12079,0.11535,0.1285,0.13124,0.13031,0.13764,0.13211,0.13986,0.37334,0.3754,0.38539,0.37007,0.39432,0.30682,0.30094,0.31366,0.29831,0.31932,0.59513,0.61668,0.59252,0.6325,0.51816,pd_on_closed
0.055018,0.055042,0.056971,0.05451,0.058128,0.1188,0.1184,0.11917,0.11438,0.12795,0.13282,0.13423,0.13795,0.13315,0.14424,0.37466,0.37394,0.3893,0.37384,0.39684,0.30009,0.29573,0.31322,0.30035,0.31768,0.57142,0.5931,0.58952,0.64294,0.49757,pd_on_closed
0.054812,0.052532,0.052517,0.053977,0.053261,0.10498,0.10141,0.1013,0.10332,0.105,0.14025,0.13459,0.14276,0.13642,0.15193,0.38719,0.3778,0.39335,0.40639,0.40569,0.30631,0.29945,0.3115,0.33316,0.3278,0.54355,0.50235,0.41327,0.59443,0.34363,pd_on_closed
0.054389,0.053182,0.052968,0.054745,0.05524,0.10799,0.10261,0.10383,0.10713,0.10725,0.13887,0.13598,0.14128,0.1332,0.15015,0.38697,0.38034,0.39396,0.39988,0.40712,0.30644,0.2937,0.30811,0.32043,0.33131,0.58643,0.57669,0.52231,0.69519,0.42674,pd_on_closed
0.056355,0.054235,0.054236,0.055325,0.056151,0.10414,0.1004,0.10516,0.10412,0.10684,0.14232,0.13526,0.14416,0.13753,0.15196,0.38766,0.38074,0.3951,0.39548,0.41267,0.30224,0.29043,0.30322,0.32146,0.33107,0.60057,0.6175,0.51609,0.7429,0.46157,pd_on_closed
0.056232,0.053736,0.053136,0.058133,0.05423,0.10512,0.098965,0.10094,0.10205,0.10666,0.13984,0.13589,0.14539,0.1375,0.15021,0.38931,0.38546,0.40049,0.40088,0.41587,0.30033,0.28971,0.30195,0.31656,0.33077,0.56886,0.5989,0.45526,0.70676,0.41968,pd_on_closed
0.057887,0.054846,0.05427,0.059423,0.05529,0.1033,0.099008,0.10204,0.1039,0.1047,0.14203,0.136,0.14434,0.13653,0.15198,0.3903,0.38613,0.40231,0.39832,0.41416,0.29908,0.28777,0.30037,0.31476,0.32679,0.54703,0.58819,0.47816,0.71949,0.37767,pd_on_closed
0.056951,0.055551,0.054574,0.058886,0.055514,0.10419,0.099536,0.10403,0.10479,0.10442,0.14043,0.13655,0.14547,0.13921,0.14897,0.39543,0.38223,0.399,0.39514,0.41431,0.29601,0.2878,0.30257,0.31502,0.32764,0.55703,0.60669,0.47408,0.6967,0.39784,pd_on_closed
0.053925,0.052558,0.054657,0.053118,0.05704,0.11174,0.10817,0.11188,0.1041,0.11602,0.13203,0.12532,0.1324,0.12232,0.13424,0.38749,0.37287,0.39589,0.37629,0.39993,0.3169,0.30216,0.3218,0.3076,0.3282,0.64523,0.6564,0.66004,0.71355,0.63325,pd_on_closed
0.053568,0.05266,0.056296,0.051997,0.05954,0.10902,0.10641,0.11645,0.10438,0.12133,0.12245,0.12404,0.13227,0.12377,0.13411,0.37857,0.38041,0.40376,0.3702,0.41323,0.30601,0.30022,0.32549,0.28779,0.34029,0.71253,0.69784,0.64532,0.68303,0.68241,pd_on_closed
0.05637,0.054086,0.056512,0.053167,0.059322,0.11723,0.11007,0.11666,0.11129,0.11959,0.13231,0.12663,0.13335,0.12538,0.13605,0.38332,0.37104,0.3939,0.37058,0.40118,0.30765,0.29985,0.31745,0.30154,0.32618,0.63824,0.66834,0.65692,0.68476,0.65557,pd_on_closed
0.055461,0.053182,0.055174,0.053983,0.057004,0.12308,0.1147,0.1217,0.11267,0.1258,0.13361,0.1294,0.1332,0.1261,0.14036,0.38301,0.36849,0.39126,0.3708,0.40204,0.30458,0.293,0.31206,0.29748,0.32447,0.46036,0.51962,0.5327,0.6174,0.47623,pd_on_closed
0.054761,0.052492,0.055375,0.053382,0.056629,0.11973,0.11302,0.11859,0.1113,0.1235,0.13335,0.12809,0.13512,0.12545,0.13561,0.3898,0.37106,0.3963,0.37366,0.4017,0.30373,0.29393,0.31356,0.29639,0.31987,0.53517,0.57924,0.60716,0.71171,0.50105,pd_on_closed
0.054747,0.051646,0.056359,0.055404,0.055575,0.11865,0.11281,0.11839,0.10972,0.12321,0.13269,0.12792,0.13431,0.12595,0.13615,0.38625,0.37075,0.392,0.37167,0.39963,0.30711,0.29797,0.31475,0.2981,0.32812,0.4989,0.55208,0.55895,0.64583,0.51214,pd_on_closed
0.055664,0.053222,0.055683,0.053001,0.057479,0.11694,0.11381,0.11801,0.11075,0.12292,0.13187,0.12825,0.13403,0.12766,0.13801,0.38811,0.36984,0.39378,0.36952,0.40178,0.30241,0.29808,0.31526,0.30152,0.32522,0.52602,0.56802,0.58229,0.65294,0.53111,pd_on_closed
0.053402,0.053097,0.054262,0.054118,0.057139,0.099206,0.099311,0.10172,0.10251,0.10578,0.12443,0.12392,0.12911,0.12691,0.14259,0.38061,0.38391,0.40583,0.40464,0.42775,0.31499,0.30727,0.32069,0.33011,0.33326,0.79565,0.76152,0.73376,0.7922,0.61418,pd_on_closed
0.053517,0.052439,0.054119,0.054823,0.05657,0.096649,0.096302,0.099975,0.099707,0.1045,0.13095,0.12847,0.13505,0.12886,0.15319,0.38263,0.37925,0.4027,0.396,0.43448,0.31109,0.30746,0.31768,0.32314,0.32893,0.64734,0.66551,0.64271,0.72928,0.40805,pd_on_closed
0.052651,0.053104,0.054495,0.054694,0.056726,0.09983,0.099452,0.10228,0.10098,0.10503,0.13571,0.1332,0.13755,0.13628,0.15549,0.38426,0.383,0.40517,0.39982,0.43991,0.30039,0.29881,0.308,0.30765,0.32385,0.59671,0.65822,0.61898,0.65113,0.39533,pd_on_closed
0.054991,0.053417,0.055115,0.057087,0.057215,0.099988,0.098322,0.10088,0.10341,0.10601,0.13179,0.13018,0.1369,0.13389,0.15273,0.38363,0.38198,0.4069,0.40484,0.42978,0.30272,0.30019,0.31362,0.3078,0.32595,0.73548,0.7127,0.68251,0.7436,0.50257,pd_on_closed
0.052983,0.052409,0.053718,0.054405,0.055925,0.09686,0.094371,0.10034,0.099432,0.10515,0.13277,0.13022,0.13719,0.13253,0.15049,0.39643,0.38745,0.40538,0.40585,0.43891,0.30845,0.29741,0.30534,0.30719,0.32212,0.63033,0.64402,0.59554,0.66812,0.43117,pd_on_closed
0.0537,0.053028,0.055588,0.052837,0.058376,0.10884,0.10722,0.11702,0.10487,0.12034,0.1202,0.12034,0.12949,0.11825,0.13362,0.37804,0.37181,0.39804,0.35852,0.41519,0.31156,0.30564,0.33386,0.29607,0.34759,0.73992,0.71095,0.71027,0.71765,0.72202,pd_on_closed
0.052606,0.052434,0.05363,0.054349,0.056541,0.099237,0.099316,0.10181,0.10219,0.10626,0.13501,0.12865,0.13932,0.13564,0.15475,0.39115,0.3851,0.41365,0.40006,0.44068,0.29717,0.29323,0.30542,0.30766,0.31938,0.59364,0.65344,0.60832,0.67256,0.38068,pd_on_closed
0.054279,0.051876,0.052852,0.054435,0.054801,0.10506,0.10169,0.10574,0.10805,0.10766,0.13548,0.13575,0.13921,0.14159,0.1457,0.38892,0.38905,0.39908,0.39591,0.4084,0.30435,0.29364,0.30497,0.30914,0.33711,0.58703,0.53294,0.53541,0.57156,0.42784,pd_on_closed
0.055482,0.054758,0.055297,0.057179,0.056642,0.11172,0.10996,0.11446,0.12026,0.11543,0.13994,0.1358,0.1411,0.14051,0.14343,0.38377,0.37985,0.38727,0.38967,0.40505,0.29942,0.29311,0.30318,0.30722,0.32572,0.58034,0.58503,0.50329,0.55537,0.55375,pd_on_closed
0.05463,0.053375,0.053689,0.055218,0.056127,0.10975,0.10886,0.11202,0.11495,0.11591,0.13582,0.13298,0.13888,0.13946,0.14263,0.38284,0.37483,0.38702,0.38611,0.41135,0.30764,0.29253,0.31022,0.30677,0.33885,0.67011,0.62531,0.56914,0.61095,0.60196,pd_on_closed
0.056579,0.055929,0.056503,0.056699,0.057706,0.11144,0.10876,0.11074,0.11173,0.11464,0.13204,0.13034,0.13351,0.13747,0.14002,0.37854,0.37598,0.38889,0.38431,0.40766,0.31125,0.29476,0.31064,0.3097,0.3457,0.72916,0.6904,0.66658,0.63689,0.67165,pd_on_closed
0.052444,0.050713,0.051977,0.051813,0.056354,0.1016,0.10232,0.10363,0.10737,0.10786,0.13363,0.13131,0.13593,0.13808,0.14375,0.39657,0.38863,0.40113,0.39644,0.41587,0.30184,0.29388,0.30985,0.313,0.34039,0.55585,0.56316,0.52647,0.55854,0.45629,pd_on_closed
0.052443,0.051881,0.05162,0.053433,0.05807,0.10678,0.10554,0.1075,0.10957,0.11359,0.1352,0.13641,0.14058,0.1386,0.14663,0.39254,0.39167,0.4004,0.39699,0.41032,0.29862,0.2886,0.30063,0.31218,0.32801,0.5955,0.54162,0.49078,0.57213,0.50104,pd_on_closed
0.049241,0.045988,0.048569,0.053602,0.049687,0.097047,0.090778,0.096749,0.10329,0.099051,0.13137,0.12603,0.13354,0.14481,0.13404,0.41188,0.38436,0.41145,0.44124,0.41218,0.31939,0.29521,0.31683,0.34406,0.32203,0.61765,0.62481,0.59268,0.65608,0.61685,pd_on_closed
0.050291,0.047928,0.051197,0.055126,0.050963,0.094586,0.089879,0.094601,0.10435,0.093686,0.13652,0.12718,0.13674,0.14266,0.13964,0.4131,0.386,0.41386,0.43613,0.41578,0.31214,0.29464,0.31243,0.33968,0.31703,0.60448,0.59073,0.57075,0.59805,0.54848,pd_on_closed
0.048537,0.045304,0.048642,0.053404,0.04868,0.096745,0.09528,0.099037,0.10891,0.097694,0.13225,0.13085,0.13607,0.15008,0.13618,0.40641,0.38545,0.41198,0.43641,0.41612,0.31701,0.29162,0.31335,0.335,0.32185,0.61969,0.60586,0.59959,0.62169,0.60589,pd_on_closed
