0.047247,0.10124,0.13152,0.39005,0.32995,0.50812,0.52034,0.50444,0.61593,0.60655,0.41755,0.45693,0.50591,0.50918,0.56217,pd_on_closed
0.054798,0.11356,0.12792,0.38988,0.31384,0.63463,0.59842,0.62904,0.69463,0.76335,0.66623,0.70032,0.66459,0.65993,0.76877,pd_on_closed
0.050896,0.097447,0.137,0.40338,0.31128,0.63314,0.63854,0.64509,0.57367,0.68988,0.6508,0.59191,0.60589,0.60538,0.60368,pd_on_closed
0.051456,0.099877,0.1381,0.40925,0.30132,0.56196,0.61312,0.57051,0.60175,0.71832,0.55123,0.5383,0.55902,0.60048,0.64446,pd_on_closed
0.049517,0.097335,0.12779,0.40835,0.31701,0.67114,0.68203,0.66239,0.6032,0.64831,0.63603,0.63725,0.67371,0.6872,0.65031,pd_on_closed
0.050041,0.10536,0.1348,0.39099,0.31881,0.4694,0.40835,0.40582,0.53918,0.6076,0.39725,0.41475,0.42703,0.43288,0.44169,pd_on_closed
0.051398,0.11029,0.13498,0.39179,0.31155,0.45034,0.41731,0.39416,0.50529,0.60605,0.36279,0.42362,0.42771,0.43636,0.48153,pd_on_closed
0.049982,0.1067,0.13284,0.39067,0.31981,0.71082,0.63659,0.62378,0.62504,0.69047,0.61313,0.67314,0.68465,0.72612,0.64562,pd_on_closed
0.050715,0.11339,0.13321,0.38617,0.31651,0.44861,0.44703,0.42749,0.55264,0.63014,0.37864,0.43188,0.4974,0.49056,0.50268,pd_on_closed
0.050288,0.10804,0.13863,0.39255,0.31049,0.41786,0.41703,0.40003,0.45236,0.59187,0.35114,0.41081,0.47643,0.49277,0.4205,pd_on_closed
0.050872,0.11288,0.13518,0.38861,0.31246,0.47779,0.43732,0.43328,0.47616,0.64222,0.397,0.42354,0.45628,0.50283,0.4703,pd_on_closed
0.049139,0.097741,0.13456,0.3912,0.32736,0.77259,0.56933,0.67764,0.53874,0.74975,0.44201,0.469,0.57945,0.52604,0.52933,pd_on_closed
0.054921,0.11336,0.12701,0.38653,0.31818,0.70206,0.72747,0.72179,0.72194,0.77377,0.73178,0.71601,0.73286,0.73498,0.80125,pd_on_closed
0.049293,0.097878,0.13706,0.39119,0.32458,0.55898,0.50074,0.55801,0.4861,0.61785,0.41127,0.38396,0.46095,0.46423,0.55241,pd_on_closed
0.049756,0.098909,0.13555,0.39193,0.32386,0.55295,0.49989,0.55082,0.48441,0.59097,0.39448,0.38425,0.52414,0.50496,0.53009,pd_on_closed
0.048772,0.10074,0.13633,0.39579,0.31837,0.45642,0.44904,0.50079,0.4825,0.5998,0.40991,0.36602,0.4383,0.49597,0.49021,pd_on_closed
0.049952,0.099216,0.13573,0.39358,0.32153,0.55117,0.51608,0.57235,0.50158,0.60215,0.37168,0.43303,0.50452,0.48969,0.46605,pd_on_closed
0.049191,0.098688,0.13639,0.3915,0.32423,0.54003,0.45143,0.50682,0.53104,0.58992,0.43455,0.40618,0.47214,0.45759,0.51699,pd_on_closed
0.054937,0.10471,0.13969,0.38784,0.31283,0.56225,0.56026,0.60124,0.60711,0.66336,0.50348,0.52774,0.45368,0.44916,0.63445,pd_on_closed
0.054194,0.1078,0.13729,0.38975,0.31097,0.58503,0.60456,0.65596,0.73046,0.64502,0.51965,0.47506,0.46234,0.50786,0.67979,pd_on_closed
0.055977,0.10576,0.14126,0.38749,0.30951,0.54226,0.56237,0.55573,0.66036,0.63818,0.43566,0.40938,0.47646,0.48976,0.69868,pd_on_closed
0.055606,0.10686,0.1427,0.3866,0.30824,0.4853,0.4748,0.47743,0.54014,0.5926,0.40181,0.34761,0.3821,0.41807,0.62844,pd_on_closed
0.055419,0.1082,0.14019,0.38832,0.30787,0.53959,0.55981,0.55833,0.62391,0.59878,0.48036,0.43948,0.45559,0.51815,0.67678,pd_on_closed
0.056761,0.1128,0.12798,0.38982,0.31264,0.74205,0.75206,0.73618,0.73864,0.76099,0.69164,0.6633,0.72403,0.74183,0.75962,pd_on_closed
0.054535,0.10589,0.14196,0.38943,0.30818,0.47767,0.55683,0.50387,0.56399,0.5503,0.41273,0.39495,0.47257,0.51463,0.67895,pd_on_closed
0.049726,0.10144,0.13928,0.39182,0.31773,0.50969,0.4238,0.44955,0.49215,0.6019,0.44609,0.38786,0.38556,0.3666,0.40947,pd_on_closed
0.050607,0.10702,0.13744,0.39174,0.31319,0.46948,0.43824,0.47841,0.49326,0.72542,0.41688,0.39607,0.41801,0.38681,0.45877,pd_on_closed
0.050603,0.10648,0.13735,0.39407,0.3115,0.56066,0.49361,0.52586,0.49241,0.64589,0.46693,0.44659,0.46246,0.43195,0.47448,pd_on_closed
0.051828,0.10741,0.1393,0.39055,0.31091,0.50451,0.49515,0.4909,0.49976,0.65223,0.41473,0.44888,0.42453,0.40398,0.45852,pd_on_closed
0.051449,0.10775,0.13839,0.39214,0.31028,0.55842,0.48024,0.46259,0.45461,0.72096,0.45662,0.46437,0.4407,0.41161,0.45266,pd_on_closed
0.050446,0.10562,0.13807,0.39506,0.3108,0.52886,0.50189,0.49919,0.45674,0.57896,0.43969,0.42245,0.44187,0.42879,0.49923,pd_on_closed
0.049082,0.097195,0.131,0.4035,0.31923,0.58084,0.54432,0.59563,0.61845,0.58982,0.61694,0.51916,0.44247,0.51209,0.60535,pd_on_closed
0.049986,0.099816,0.13519,0.40515,0.30986,0.48687,0.50921,0.50302,0.58642,0.6091,0.46362,0.47181,0.4327,0.48341,0.54539,pd_on_closed
0.049443,0.10297,0.13645,0.40664,0.3045,0.52401,0.50187,0.54848,0.53034,0.62828,0.50263,0.45683,0.37678,0.43912,0.53249,pd_on_closed
0.050547,0.1091,0.12925,0.39156,0.31955,0.64345,0.56404,0.63399,0.64193,0.67521,0.63659,0.6086,0.52691,0.49436,0.59822,pd_on_closed
0.051467,0.10231,0.13523,0.40487,0.30611,0.54785,0.56408,0.51677,0.52676,0.592,0.50648,0.49603,0.45221,0.48538,0.54304,pd_on_closed
0.050404,0.10516,0.1397,0.39977,0.30497,0.42308,0.42225,0.46182,0.51672,0.58094,0.42022,0.39707,0.39498,0.43705,0.47909,pd_on_closed
0.049428,0.1018,0.13797,0.40673,0.30407,0.46005,0.46893,0.44899,0.51385,0.61507,0.50231,0.42439,0.45898,0.5336,0.58992,pd_on_closed
0.050294,0.098435,0.12723,0.40144,0.3226,0.66648,0.66065,0.59891,0.62594,0.56566,0.64777,0.59897,0.63973,0.66967,0.7139,pd_on_closed
0.050128,0.098274,0.12453,0.40306,0.32401,0.63059,0.63308,0.54888,0.60335,0.56352,0.68683,0.58024,0.61263,0.66137,0.67507,pd_on_closed
0.048939,0.097629,0.13169,0.40302,0.31872,0.64937,0.64401,0.58603,0.60567,0.57397,0.59029,0.55475,0.58805,0.62211,0.66481,pd_on_closed
0.048984,0.10159,0.12984,0.40279,0.31679,0.63146,0.61862,0.56045,0.63597,0.62343,0.58043,0.56708,0.58014,0.57978,0.65966,pd_on_closed
0.049905,0.099063,0.13017,0.40166,0.3192,0.60179,0.62287,0.56022,0.60341,0.62947,0.61327,0.53195,0.56622,0.59478,0.6623,pd_on_closed
0.048569,0.099728,0.12792,0.40388,0.3199,0.601,0.60496,0.57818,0.60186,0.59195,0.61508,0.5865,0.61977,0.63094,0.61297,pd_on_closed
0.049441,0.10923,0.12658,0.40313,0.31162,0.5902,0.52794,0.50307,0.63686,0.67839,0.46932,0.53216,0.63196,0.57785,0.71644,pd_on_closed
0.051895,0.11349,0.13394,0.39187,0.30881,0.5246,0.56392,0.55383,0.55261,0.57402,0.57803,0.47479,0.50741,0.5291,0.57521,pd_on_closed
0.050949,0.11092,0.12373,0.4006,0.3138,0.59353,0.54618,0.49662,0.66503,0.66678,0.46002,0.5371,0.65543,0.6232,0.75869,pd_on_closed
0.051298,0.10369,0.12449,0.40052,0.32,0.6888,0.63006,0.64193,0.73891,0.73606,0.62656,0.62511,0.66707,0.64805,0.74511,pd_on_closed
0.05145,0.10985,0.12374,0.39972,0.31524,0.66848,0.62797,0.60899,0.73863,0.69899,0.55874,0.6383,0.6989,0.6859,0.74477,pd_on_closed
0.052321,0.10868,0.12454,0.40388,0.31058,0.62537,0.58817,0.55004,0.69937,0.68808,0.50942,0.60437,0.68002,0.63744,0.75227,pd_on_closed
0.053244,0.11417,0.12286,0.3953,0.31442,0.54229,0.48238,0.44035,0.71607,0.66471,0.39434,0.49167,0.62787,0.5801,0.73152,pd_on_closed
0.052005,0.10498,0.13142,0.39442,0.31717,0.64665,0.58148,0.61741,0.56847,0.81665,0.49606,0.53697,0.53397,0.60919,0.56375,pd_on_closed
0.052063,0.10952,0.13216,0.39194,0.31432,0.62772,0.5361,0.57092,0.61541,0.7844,0.55228,0.64129,0.51786,0.58131,0.55888,pd_on_closed
0.051873,0.11055,0.13286,0.39198,0.31273,0.46651,0.5338,0.55911,0.62043,0.68449,0.43697,0.53168,0.51835,0.57824,0.61021,pd_on_closed
0.049288,0.10896,0.13064,0.39257,0.31855,0.58782,0.6123,0.61803,0.64619,0.76628,0.52641,0.6108,0.61851,0.68581,0.66383,pd_on_closed
0.051038,0.10795,0.13132,0.39263,0.31707,0.58585,0.57726,0.60288,0.62163,0.74944,0.51191,0.64092,0.62298,0.66939,0.61694,pd_on_closed
0.051797,0.11366,0.13237,0.39471,0.30747,0.56303,0.59649,0.59042,0.57395,0.58283,0.52609,0.47451,0.51986,0.56759,0.61602,pd_on_closed
0.052354,0.1116,0.1325,0.38946,0.31408,0.53332,0.53961,0.57399,0.58212,0.78839,0.47934,0.53573,0.55453,0.63752,0.55023,pd_on_closed
0.053084,0.11201,0.13251,0.39733,0.30507,0.58937,0.44983,0.45485,0.57755,0.6509,0.52605,0.55719,0.44227,0.47079,0.52483,pd_on_closed
0.054685,0.11507,0.13001,0.39604,0.3042,0.56006,0.43381,0.43925,0.59233,0.67933,0.51892,0.53374,0.44414,0.48733,0.54857,pd_on_closed
0.054556,0.11552,0.13169,0.39672,0.30151,0.67125,0.45068,0.50551,0.63744,0.6778,0.53107,0.54796,0.44787,0.49591,0.54583,pd_on_closed
0.05517,0.11565,0.1301,0.39757,0.3015,0.67978,0.41835,0.45445,0.62535,0.70076,0.56133,0.49887,0.4154,0.44622,0.5754,pd_on_closed
0.053804,0.11271,0.13337,0.39872,0.30139,0.71395,0.47986,0.48631,0.53936,0.65911,0.54027,0.55862,0.45121,0.47253,0.61849,pd_on_closed
0.053252,0.11612,0.13081,0.39721,0.30261,0.68265,0.46704,0.489,0.60603,0.61243,0.50284,0.51736,0.50695,0.54465,0.53494,pd_on_closed
0.054445,0.11232,0.13385,0.40255,0.29683,0.75785,0.64434,0.73696,0.69121,0.71227,0.64689,0.62638,0.56488,0.53475,0.72256,pd_on_closed
0.055235,0.11381,0.13641,0.40271,0.29183,0.73425,0.62864,0.67624,0.6446,0.62351,0.63177,0.61713,0.56191,0.56677,0.69605,pd_on_closed
0.055538,0.11377,0.13729,0.40236,0.29104,0.70836,0.68557,0.71962,0.6519,0.64947,0.69187,0.64188,0.62495,0.63573,0.74499,pd_on_closed
0.052237,0.11588,0.13458,0.39576,0.30155,0.51633,0.4915,0.5133,0.5591,0.56471,0.56931,0.46774,0.43969,0.47014,0.53616,pd_on_closed
0.053958,0.1099,0.13363,0.40748,0.29504,0.68903,0.63134,0.72879,0.689,0.69072,0.69512,0.60067,0.62996,0.63657,0.70866,pd_on_closed
0.054333,0.11072,0.13486,0.40499,0.29509,0.73866,0.71303,0.70495,0.65878,0.64337,0.62477,0.63712,0.67474,0.65535,0.73742,pd_on_closed
0.053935,0.11334,0.13581,0.40428,0.29264,0.72982,0.64132,0.71728,0.60731,0.66127,0.63641,0.61438,0.61888,0.60995,0.72221,pd_on_closed
0.056777,0.11646,0.13334,0.38959,0.30383,0.72638,0.69381,0.72687,0.63579,0.64871,0.59284,0.5235,0.61545,0.71993,0.66038,pd_on_closed
0.05606,0.11473,0.13158,0.38994,0.30768,0.73212,0.66268,0.66692,0.65007,0.65484,0.67018,0.56971,0.61034,0.69325,0.67945,pd_on_closed
0.056657,0.11785,0.13395,0.38773,0.30382,0.71307,0.61847,0.71104,0.65864,0.64214,0.53676,0.50438,0.61227,0.64203,0.64982,pd_on_closed
0.057728,0.1177,0.13236,0.38653,0.30568,0.74296,0.63046,0.66317,0.60172,0.61656,0.65056,0.59472,0.6561,0.69122,0.6008,pd_on_closed
0.059596,0.11959,0.12782,0.38864,0.30435,0.68061,0.65812,0.70568,0.64626,0.63576,0.67996,0.51422,0.53315,0.63048,0.67768,pd_on_closed
0.057491,0.11836,0.13137,0.39073,0.30205,0.71112,0.61373,0.67688,0.5513,0.57585,0.67241,0.55133,0.59197,0.6712,0.6757,pd_on_closed
0.051427,0.1149,0.13317,0.3951,0.3054,0.53903,0.5183,0.55698,0.52214,0.5425,0.4666,0.39315,0.43489,0.46555,0.59006,pd_on_closed
0.051958,0.1178,0.13323,0.3938,0.30322,0.46199,0.46715,0.48492,0.48653,0.5266,0.45615,0.39265,0.41739,0.44501,0.53411,pd_on_closed
0.051738,0.098657,0.13211,0.38829,0.3292,0.79169,0.6415,0.64234,0.69889,0.64951,0.66189,0.62035,0.68036,0.70317,0.69843,pd_on_closed
0.049797,0.10399,0.12754,0.38841,0.33027,0.55928,0.59543,0.57768,0.70498,0.64955,0.44142,0.46338,0.55991,0.59662,0.64164,pd_on_closed
0.051178,0.098034,0.13193,0.38546,0.33339,0.80795,0.6329,0.6152,0.68343,0.64553,0.59661,0.60946,0.67071,0.69404,0.69526,pd_on_closed
0.048954,0.099472,0.13287,0.39164,0.32706,0.67715,0.6089,0.59923,0.64549,0.68678,0.5271,0.48833,0.60274,0.65675,0.63682,pd_on_closed
0.051263,0.10137,0.13203,0.38808,0.32726,0.69192,0.63202,0.61342,0.68611,0.68871,0.55097,0.55724,0.65628,0.69212,0.70775,pd_on_closed
0.050721,0.10022,0.12898,0.39038,0.32969,0.73826,0.69968,0.66583,0.68119,0.70024,0.62761,0.63783,0.70534,0.71064,0.73143,pd_on_closed
0.052309,0.099982,0.12791,0.38865,0.33115,0.83628,0.68348,0.7252,0.7408,0.68302,0.75095,0.75849,0.76038,0.76768,0.72814,pd_on_closed
0.05059,0.099699,0.13429,0.40387,0.31155,0.78975,0.60494,0.68951,0.6124,0.684,0.61982,0.40274,0.6468,0.64702,0.68715,pd_on_closed
0.051146,0.10187,0.13326,0.40189,0.31184,0.77032,0.56343,0.72268,0.65149,0.73269,0.58389,0.45097,0.62097,0.65737,0.63286,pd_on_closed
0.049282,0.10214,0.13222,0.40619,0.31017,0.74025,0.61248,0.64878,0.56923,0.6187,0.56616,0.46069,0.61703,0.61772,0.62924,pd_on_closed
0.050118,0.10069,0.13266,0.40252,0.31401,0.81679,0.60561,0.69737,0.63145,0.65323,0.62129,0.4788,0.62923,0.61401,0.62921,pd_on_closed
0.051299,0.099029,0.13406,0.3987,0.31691,0.7648,0.59631,0.72029,0.64919,0.72632,0.58852,0.47601,0.65903,0.69314,0.63103,pd_on_closed
0.050134,0.10637,0.12786,0.38776,0.32789,0.57138,0.56135,0.5768,0.63323,0.61861,0.44342,0.48656,0.5337,0.58259,0.56532,pd_on_closed
0.04856,0.10051,0.13315,0.40467,0.31311,0.72034,0.5758,0.70597,0.54529,0.58271,0.53828,0.4547,0.64063,0.6017,0.61103,pd_on_closed
0.05539,0.10917,0.1383,0.3872,0.30993,0.76662,0.61954,0.66167,0.61468,0.70342,0.66976,0.51704,0.52051,0.55077,0.72127,pd_on_closed
0.055986,0.1126,0.13845,0.38816,0.3048,0.72456,0.63869,0.63279,0.60729,0.71079,0.59727,0.53196,0.56312,0.55486,0.74866,pd_on_closed
0.05607,0.10996,0.14097,0.38987,0.30313,0.69069,0.68322,0.66366,0.58651,0.67458,0.62024,0.5444,0.58716,0.58701,0.71587,pd_on_closed
0.057446,0.11455,0.13845,0.38742,0.30214,0.75717,0.70862,0.70213,0.60487,0.69996,0.64698,0.62779,0.62963,0.58016,0.74314,pd_on_closed
0.055684,0.11212,0.1387,0.38972,0.30378,0.72615,0.68149,0.65906,0.62026,0.71853,0.66395,0.58025,0.63238,0.62751,0.74925,pd_on_closed
0.058274,0.11011,0.13748,0.38959,0.30454,0.72596,0.67244,0.67827,0.71519,0.73973,0.7054,0.6777,0.69342,0.66498,0.76405,pd_on_closed
0.054028,0.11208,0.1465,0.39039,0.29699,0.52571,0.44428,0.48438,0.50644,0.55247,0.50848,0.40701,0.3917,0.36829,0.53347,pd_on_closed
0.053979,0.11749,0.14458,0.38351,0.30044,0.53614,0.43955,0.44366,0.5125,0.65022,0.54027,0.40639,0.44852,0.41067,0.47702,pd_on_closed
0.055015,0.11254,0.14359,0.38384,0.30501,0.58213,0.49352,0.50016,0.53791,0.59146,0.54889,0.42388,0.46099,0.45464,0.53299,pd_on_closed
0.051299,0.10858,0.13161,0.38978,0.31874,0.47157,0.48721,0.46249,0.60312,0.55691,0.42046,0.45528,0.47319,0.47721,0.60981,pd_on_closed
0.054643,0.10829,0.1429,0.3914,0.30276,0.61886,0.51895,0.55173,0.59101,0.52986,0.62339,0.49568,0.57105,0.54918,0.55421,pd_on_closed
0.05496,0.10685,0.14361,0.39011,0.30447,0.68863,0.7021,0.70432,0.68856,0.51075,0.6095,0.57253,0.6323,0.64075,0.68636,pd_on_closed
0.052804,0.11129,0.14116,0.39263,0.30211,0.54653,0.4933,0.53434,0.60536,0.51262,0.56555,0.41781,0.51494,0.4795,0.57081,pd_on_closed
0.050889,0.10609,0.12697,0.39314,0.32292,0.73097,0.58262,0.63574,0.69457,0.66819,0.58796,0.65444,0.64133,0.65284,0.66092,pd_on_closed
0.051936,0.10915,0.13001,0.39307,0.31584,0.75674,0.61672,0.66758,0.78653,0.71771,0.66514,0.6755,0.65594,0.62948,0.69882,pd_on_closed
0.051865,0.10945,0.12984,0.39052,0.31834,0.71649,0.62114,0.6665,0.76225,0.74584,0.60136,0.69175,0.60536,0.67644,0.66598,pd_on_closed
0.05279,0.10946,0.12838,0.39157,0.3178,0.72392,0.64408,0.67593,0.78553,0.73837,0.66099,0.72189,0.70819,0.68081,0.66295,pd_on_closed
0.051761,0.10872,0.1299,0.39081,0.31881,0.70353,0.57408,0.68083,0.71715,0.71518,0.62865,0.64835,0.68331,0.61736,0.64012,pd_on_closed
0.052242,0.10497,0.13083,0.39109,0.32087,0.70604,0.68661,0.73121,0.73983,0.74153,0.65717,0.60847,0.67991,0.67806,0.72084,pd_on_closed
0.053161,0.10686,0.1401,0.38633,0.31355,0.67507,0.49494,0.53859,0.66203,0.73399,0.63525,0.56058,0.53024,0.54254,0.48942,pd_on_closed
0.051904,0.11231,0.13387,0.38387,0.31805,0.4855,0.49101,0.49251,0.64677,0.61177,0.43776,0.44615,0.53469,0.57097,0.61283,pd_on_closed
0.054274,0.10653,0.13854,0.38617,0.31449,0.70232,0.56935,0.60969,0.69729,0.74489,0.68862,0.64256,0.54682,0.56505,0.66016,pd_on_closed
0.054113,0.10675,0.13822,0.3902,0.31072,0.73089,0.64966,0.68526,0.7015,0.68838,0.63906,0.6617,0.63132,0.65402,0.61345,pd_on_closed
0.054901,0.11269,0.13626,0.38779,0.30836,0.63041,0.56254,0.59346,0.70573,0.74329,0.70566,0.62908,0.59753,0.5992,0.61483,pd_on_closed
0.055835,0.10873,0.14082,0.38433,0.31028,0.65657,0.55708,0.61043,0.6776,0.73403,0.6824,0.60364,0.58527,0.60429,0.608,pd_on_closed
0.05246,0.1068,0.13966,0.39148,0.30961,0.56024,0.47055,0.529,0.67011,0.72513,0.66231,0.51791,0.47895,0.49059,0.57968,pd_on_closed
0.052744,0.10528,0.13574,0.3937,0.31254,0.63038,0.56649,0.59803,0.71788,0.74965,0.66621,0.67141,0.49667,0.50054,0.62298,pd_on_closed
0.052901,0.10625,0.13529,0.39499,0.31058,0.67032,0.57408,0.60984,0.63295,0.67211,0.66402,0.67695,0.59351,0.57643,0.65762,pd_on_closed
0.052928,0.10382,0.13608,0.397,0.31018,0.66782,0.55963,0.63118,0.68497,0.66947,0.65287,0.68696,0.5201,0.52527,0.61231,pd_on_closed
0.053157,0.10621,0.13484,0.39379,0.31201,0.72103,0.65029,0.69365,0.64752,0.64179,0.71581,0.70978,0.7221,0.71033,0.66531,pd_on_closed
0.052188,0.10673,0.13651,0.39476,0.30981,0.69205,0.58953,0.65146,0.71645,0.69598,0.66922,0.69194,0.60621,0.59967,0.66439,pd_on_closed
0.049917,0.11044,0.1338,0.38644,0.3194,0.45927,0.51015,0.49363,0.65853,0.58816,0.38999,0.40369,0.49005,0.53943,0.6445,pd_on_closed
0.053169,0.10695,0.13661,0.39708,0.3062,0.66944,0.61087,0.59819,0.69698,0.73848,0.68734,0.6903,0.58506,0.58368,0.63727,pd_on_closed
0.051419,0.099211,0.13474,0.38591,0.32873,0.78231,0.56316,0.69815,0.63083,0.65797,0.51799,0.5799,0.58074,0.58103,0.66988,pd_on_closed
0.051709,0.10108,0.13445,0.38932,0.32344,0.78404,0.58209,0.69802,0.60521,0.71555,0.50364,0.55974,0.56878,0.5958,0.67986,pd_on_closed
0.050026,0.10109,0.13609,0.38984,0.32295,0.82119,0.51197,0.6141,0.55911,0.64672,0.51317,0.48842,0.48887,0.53678,0.64087,pd_on_closed
0.052988,0.10201,0.13651,0.38757,0.32093,0.76187,0.51893,0.62911,0.57791,0.65615,0.50745,0.52668,0.54509,0.53113,0.63133,pd_on_closed
0.05091,0.10255,0.13663,0.39129,0.31863,0.80326,0.49553,0.57018,0.61248,0.67495,0.51091,0.50162,0.52357,0.56048,0.62523,pd_on_closed
0.051608,0.1015,0.13634,0.39102,0.31952,0.80978,0.52476,0.64291,0.56702,0.68752,0.55865,0.56723,0.5477,0.56055,0.59535,pd_on_closed
0.053517,0.11602,0.13083,0.38493,0.3147,0.65007,0.56406,0.57141,0.69259,0.65818,0.5784,0.62367,0.55502,0.54382,0.63975,pd_on_closed
0.053645,0.11595,0.13172,0.38149,0.3172,0.68541,0.62142,0.6188,0.69741,0.61052,0.5447,0.51689,0.53862,0.55498,0.71819,pd_on_closed
0.055879,0.12119,0.13097,0.38012,0.31184,0.67541,0.53595,0.54537,0.61517,0.66952,0.56747,0.52107,0.54882,0.51672,0.70162,pd_on_closed
0.05544,0.1127,0.12944,0.39191,0.31051,0.68854,0.69212,0.69401,0.67553,0.7471,0.67601,0.67272,0.7116,0.71134,0.74596,pd_on_closed
0.054599,0.11914,0.13208,0.38236,0.31182,0.67187,0.56052,0.54382,0.67273,0.68172,0.56581,0.59284,0.54825,0.53681,0.62667,pd_on_closed
0.055603,0.12103,0.13424,0.38025,0.30888,0.60678,0.52669,0.50348,0.67077,0.6256,0.58387,0.54064,0.4922,0.50855,0.71137,pd_on_closed
0.056027,0.11997,0.13637,0.38203,0.30559,0.61897,0.49102,0.4642,0.68094,0.61466,0.51106,0.55389,0.49896,0.46227,0.70086,pd_on_closed
0.053373,0.10306,0.1413,0.39096,0.3113,0.49599,0.41883,0.47497,0.53423,0.5232,0.46666,0.37306,0.37652,0.43524,0.45763,pd_on_closed
0.05388,0.10547,0.14032,0.39144,0.30888,0.57006,0.47727,0.5358,0.60924,0.65976,0.47963,0.50727,0.49163,0.46996,0.47959,pd_on_closed
0.055199,0.10403,0.1425,0.39263,0.30564,0.55021,0.45829,0.49461,0.66499,0.76198,0.44502,0.43837,0.53594,0.52476,0.51658,pd_on_closed
0.054621,0.10265,0.14201,0.39649,0.30423,0.51508,0.41854,0.49963,0.66382,0.6676,0.40225,0.36221,0.47622,0.53107,0.50294,pd_on_closed
0.055895,0.10226,0.14257,0.39699,0.30228,0.48545,0.37924,0.43506,0.66096,0.68295,0.42227,0.37182,0.43634,0.4605,0.5137,pd_on_closed
0.055872,0.1032,0.14226,0.39648,0.30219,0.42541,0.43015,0.45423,0.64947,0.69582,0.39103,0.40154,0.47544,0.47687,0.53783,pd_on_closed
0.054268,0.11119,0.13041,0.3879,0.31624,0.65763,0.60894,0.69093,0.55488,0.70034,0.59439,0.58998,0.64424,0.62522,0.6908,pd_on_closed
0.054971,0.11217,0.12746,0.39095,0.31444,0.7157,0.72709,0.71257,0.66653,0.71826,0.63315,0.59245,0.65866,0.67734,0.78042,pd_on_closed
0.056172,0.1155,0.13151,0.3856,0.31121,0.66087,0.61405,0.68034,0.60667,0.66681,0.5764,0.58188,0.65632,0.67049,0.69863,pd_on_closed
0.05503,0.12063,0.13316,0.38437,0.30681,0.46939,0.42722,0.45235,0.52966,0.57578,0.44997,0.43002,0.4725,0.46998,0.59007,pd_on_closed
0.054643,0.118,0.13256,0.38838,0.30642,0.55278,0.48415,0.60731,0.52794,0.70536,0.55811,0.5547,0.46974,0.46342,0.64873,pd_on_closed
0.054693,0.11745,0.13222,0.38565,0.30998,0.52032,0.44695,0.55298,0.52223,0.62528,0.47905,0.48355,0.48971,0.50931,0.60226,pd_on_closed
0.055252,0.1171,0.13238,0.38668,0.30858,0.55226,0.47255,0.56179,0.51683,0.6146,0.51448,0.52949,0.50479,0.50686,0.56457,pd_on_closed
0.054206,0.10117,0.12863,0.39729,0.3187,0.78691,0.76764,0.76459,0.75083,0.8182,0.74051,0.73771,0.6706,0.54917,0.76724,pd_on_closed
0.054009,0.098926,0.1349,0.39647,0.31569,0.57662,0.60983,0.62287,0.74223,0.78025,0.5551,0.57651,0.38236,0.35074,0.60063,pd_on_closed
0.054033,0.10132,0.13881,0.39953,0.30631,0.55632,0.59895,0.55425,0.61972,0.69408,0.52258,0.52075,0.45429,0.34042,0.68589,pd_on_closed
0.05516,0.10103,0.13628,0.39835,0.30918,0.70643,0.72015,0.71399,0.69526,0.73634,0.69053,0.71082,0.53081,0.43398,0.7228,pd_on_closed
0.053613,0.098751,0.13621,0.40421,0.30722,0.51516,0.64165,0.63772,0.62658,0.73316,0.53664,0.55881,0.49595,0.42473,0.55737,pd_on_closed
0.05476,0.11234,0.12482,0.38689,0.3212,0.78274,0.77221,0.76912,0.72173,0.69824,0.68404,0.6411,0.70278,0.71312,0.60182,pd_on_closed
0.05358,0.10126,0.13796,0.40445,0.30275,0.511,0.57062,0.54392,0.63985,0.64703,0.54654,0.54492,0.43479,0.32968,0.6997,pd_on_closed
0.053443,0.10511,0.13857,0.39529,0.3076,0.6836,0.48655,0.6461,0.51009,0.61283,0.46746,0.50624,0.44373,0.44828,0.62038,pd_on_closed
0.055559,0.11322,0.13994,0.38759,0.30369,0.51271,0.53243,0.53097,0.54554,0.61791,0.46012,0.49133,0.57411,0.57801,0.63692,pd_on_closed
0.054361,0.11148,0.13735,0.38692,0.30988,0.64153,0.56772,0.67228,0.59828,0.57303,0.58491,0.58673,0.60933,0.61609,0.65503,pd_on_closed
0.056599,0.11117,0.13367,0.3858,0.31276,0.72778,0.69379,0.74079,0.66227,0.66271,0.65924,0.65855,0.68852,0.69437,0.68797,pd_on_closed
0.052505,0.10367,0.13563,0.39912,0.30907,0.58917,0.4975,0.60219,0.62331,0.5434,0.48089,0.50935,0.50239,0.51096,0.61789,pd_on_closed
0.05303,0.10795,0.13897,0.39761,0.30243,0.64632,0.52365,0.6509,0.55308,0.6491,0.49441,0.43642,0.48739,0.4954,0.59832,pd_on_closed
0.048683,0.096295,0.13207,0.40762,0.31533,0.56796,0.58558,0.60481,0.62454,0.69983,0.63747,0.57006,0.6099,0.64726,0.66282,pd_on_closed
0.050436,0.09403,0.13541,0.40924,0.31088,0.58769,0.58806,0.58045,0.53467,0.63785,0.61549,0.52012,0.52813,0.54661,0.63069,pd_on_closed
0.048186,0.097978,0.13475,0.40678,0.31231,0.63075,0.62326,0.63305,0.53386,0.67426,0.67891,0.56723,0.6006,0.63245,0.67897,pd_on_closed
0.054001,0.098703,0.13285,0.39854,0.3159,0.77691,0.59844,0.61338,0.73494,0.76906,0.75389,0.76014,0.58911,0.56219,0.56623,hc_closed
0.051798,0.10593,0.13653,0.40209,0.30365,0.43369,0.42411,0.42984,0.63376,0.74615,0.40492,0.40374,0.33524,0.34113,0.63608,hc_closed
0.052322,0.10243,0.13901,0.40905,0.29719,0.60171,0.62254,0.61922,0.65457,0.63382,0.53484,0.54767,0.35054,0.45407,0.6627,hc_closed
0.051428,0.1043,0.13511,0.40762,0.30154,0.64932,0.59583,0.60772,0.71054,0.62222,0.68525,0.6598,0.49679,0.56705,0.72335,hc_closed
0.052169,0.10035,0.13613,0.40879,0.30257,0.60567,0.61027,0.65106,0.67222,0.52084,0.53271,0.54003,0.31006,0.40105,0.7158,hc_closed
0.052326,0.095868,0.12369,0.39906,0.32905,0.72944,0.79333,0.75685,0.65754,0.72823,0.70986,0.74865,0.74968,0.73291,0.79518,hc_closed
0.052254,0.097671,0.12198,0.40263,0.32547,0.79854,0.76698,0.71214,0.66787,0.78092,0.78607,0.77079,0.75559,0.7388,0.77507,hc_closed
0.053102,0.10173,0.12421,0.40159,0.31936,0.82274,0.79762,0.78675,0.71186,0.77496,0.81995,0.79751,0.79729,0.80223,0.76185,hc_closed
0.054036,0.09857,0.12444,0.40402,0.31894,0.74866,0.77832,0.76164,0.66101,0.79809,0.7734,0.74925,0.76783,0.77683,0.76181,hc_closed
0.054612,0.10083,0.12642,0.40643,0.31171,0.82171,0.801,0.75785,0.6642,0.78283,0.7544,0.78588,0.7858,0.77913,0.78688,hc_closed
0.052742,0.10336,0.12815,0.40288,0.31287,0.76003,0.75967,0.75447,0.68705,0.79074,0.80267,0.76613,0.75952,0.77449,0.7701,hc_closed
0.052552,0.097665,0.13104,0.39742,0.32132,0.72351,0.76664,0.66095,0.6772,0.79383,0.77729,0.67793,0.6152,0.60517,0.76894,hc_closed
0.051442,0.10582,0.1306,0.40225,0.30988,0.59576,0.66158,0.6056,0.6462,0.72953,0.55658,0.58651,0.51701,0.56117,0.62887,hc_closed
0.053239,0.1043,0.1317,0.39243,0.31833,0.73547,0.75393,0.71932,0.72638,0.75418,0.73674,0.75257,0.63182,0.65326,0.70335,hc_closed
0.05417,0.10601,0.13407,0.39513,0.31063,0.71415,0.76151,0.69022,0.73587,0.77171,0.73994,0.71506,0.67264,0.63626,0.7581,hc_closed
0.052834,0.10168,0.13047,0.39641,0.3186,0.74658,0.79593,0.7243,0.70468,0.77031,0.77002,0.68847,0.73557,0.70026,0.758,hc_closed
0.05321,0.10268,0.13363,0.3989,0.31158,0.70637,0.76699,0.63833,0.63912,0.76422,0.76102,0.63736,0.69722,0.6692,0.74399,hc_closed
0.054895,0.10276,0.13683,0.39232,0.31319,0.74473,0.76664,0.64781,0.68012,0.76245,0.73857,0.6857,0.63093,0.61677,0.71899,hc_closed
0.052717,0.10105,0.1323,0.39203,0.32191,0.67611,0.71886,0.73111,0.79103,0.75411,0.53171,0.58416,0.70711,0.74384,0.75746,hc_closed
0.052977,0.10091,0.13594,0.39056,0.31961,0.4305,0.46109,0.49672,0.65833,0.66708,0.31412,0.39156,0.50745,0.48202,0.71562,hc_closed
0.053875,0.10288,0.13664,0.39131,0.3153,0.40502,0.49799,0.49625,0.69011,0.61509,0.30883,0.36997,0.51481,0.51747,0.69698,hc_closed
0.052574,0.10296,0.139,0.39307,0.3124,0.3056,0.35183,0.39006,0.70313,0.59038,0.26048,0.28176,0.44785,0.45894,0.71284,hc_closed
0.053176,0.1033,0.1426,0.39135,0.30958,0.3839,0.39118,0.38983,0.60413,0.66226,0.34458,0.35773,0.4304,0.41435,0.62308,hc_closed
0.052679,0.10589,0.13562,0.40348,0.30233,0.49434,0.52814,0.50853,0.66974,0.71265,0.44359,0.53865,0.38878,0.3593,0.6922,hc_closed
0.053444,0.10296,0.14225,0.39338,0.30797,0.32815,0.33887,0.37556,0.64095,0.53641,0.27412,0.2658,0.35879,0.36476,0.64718,hc_closed
0.049143,0.093716,0.13191,0.41058,0.31465,0.62547,0.55752,0.54804,0.64652,0.60314,0.57082,0.52158,0.47123,0.59122,0.56662,hc_closed
0.049389,0.095251,0.13623,0.40865,0.31048,0.48512,0.43704,0.41616,0.57016,0.50758,0.51271,0.4978,0.44246,0.49108,0.52469,hc_closed
0.049413,0.095482,0.13509,0.41146,0.30855,0.50352,0.44122,0.42432,0.57694,0.49832,0.49376,0.44514,0.49698,0.5161,0.50632,hc_closed
0.049403,0.097221,0.13681,0.4064,0.31016,0.46373,0.41046,0.38606,0.53668,0.4698,0.45772,0.40456,0.39027,0.45131,0.48223,hc_closed
0.049074,0.095531,0.13619,0.4093,0.3099,0.41318,0.36727,0.34262,0.53008,0.48281,0.40429,0.36189,0.37241,0.45859,0.48204,hc_closed
0.0485,0.097632,0.13922,0.40631,0.30834,0.36919,0.36818,0.35004,0.61978,0.41904,0.38165,0.3456,0.37272,0.40765,0.52614,hc_closed
0.052291,0.10301,0.12281,0.3907,0.33119,0.77889,0.78804,0.78972,0.75987,0.79258,0.72488,0.728,0.79736,0.79741,0.76251,hc_closed
0.053999,0.10499,0.12771,0.39069,0.32261,0.80907,0.76638,0.79056,0.77393,0.79273,0.71634,0.73328,0.75381,0.75209,0.70357,hc_closed
0.053205,0.10203,0.12645,0.38856,0.32975,0.77602,0.75746,0.74232,0.7438,0.79209,0.67774,0.68338,0.76136,0.75352,0.72696,hc_closed
0.051567,0.099639,0.12884,0.40996,0.30999,0.77077,0.73219,0.73218,0.62799,0.62778,0.7474,0.66419,0.709,0.73367,0.73821,hc_closed
0.053681,0.10313,0.12863,0.39349,0.32108,0.78611,0.80764,0.7426,0.7441,0.77769,0.72341,0.72498,0.77456,0.77188,0.78931,hc_closed
0.053592,0.10292,0.12718,0.3881,0.32821,0.7785,0.78609,0.76274,0.72881,0.81619,0.68652,0.75933,0.75516,0.74793,0.75295,hc_closed
0.052617,0.10027,0.1256,0.39242,0.32909,0.81115,0.78779,0.78229,0.77147,0.83213,0.71171,0.70547,0.74559,0.72861,0.76525,hc_closed
0.052353,0.11501,0.12687,0.38319,0.32258,0.50955,0.34379,0.37338,0.52114,0.61505,0.36763,0.37704,0.35037,0.35347,0.36936,hc_closed
0.054123,0.11694,0.12718,0.37977,0.32199,0.48062,0.37121,0.38311,0.46024,0.55538,0.35407,0.36639,0.35433,0.35259,0.4401,hc_closed
0.050965,0.11273,0.12789,0.38047,0.32794,0.68287,0.41769,0.463,0.57078,0.62843,0.48394,0.52962,0.42262,0.40413,0.46104,hc_closed
0.051706,0.10901,0.12973,0.38773,0.32183,0.69789,0.50571,0.51723,0.57853,0.68303,0.60282,0.55674,0.45071,0.45014,0.55842,hc_closed
0.051796,0.1166,0.12869,0.38368,0.31923,0.46916,0.38666,0.38234,0.47019,0.53316,0.37609,0.38321,0.36812,0.38023,0.43123,hc_closed
0.051989,0.11415,0.13094,0.38553,0.31739,0.61931,0.46762,0.47547,0.51296,0.56092,0.47971,0.4425,0.39828,0.41583,0.52851,hc_closed
0.051518,0.099432,0.12906,0.40389,0.3161,0.77033,0.62194,0.6499,0.6538,0.69366,0.7174,0.62636,0.64964,0.68192,0.60402,hc_closed
0.051827,0.10088,0.12946,0.41167,0.30616,0.67119,0.65671,0.61747,0.60893,0.63167,0.62596,0.54624,0.60966,0.6483,0.70603,hc_closed
0.049754,0.09644,0.12935,0.40534,0.31912,0.72669,0.57906,0.59344,0.61264,0.65731,0.64813,0.60117,0.58141,0.64674,0.57331,hc_closed
0.049612,0.097136,0.12957,0.40665,0.31703,0.75233,0.62483,0.62802,0.60247,0.68439,0.68129,0.58431,0.61911,0.65797,0.59607,hc_closed
0.049345,0.098962,0.12578,0.39908,0.32683,0.70319,0.60145,0.63537,0.6208,0.65967,0.70462,0.60705,0.60545,0.6597,0.60408,hc_closed
0.051528,0.09944,0.12924,0.40263,0.31716,0.73668,0.58302,0.62852,0.68463,0.74569,0.65431,0.62343,0.61377,0.67241,0.58299,hc_closed
0.049864,0.10067,0.12835,0.4026,0.31851,0.74773,0.59607,0.64736,0.64019,0.61443,0.6055,0.6288,0.62069,0.66293,0.57634,hc_closed
0.052648,0.10652,0.13725,0.39561,0.30798,0.46835,0.40842,0.41431,0.63105,0.58963,0.57664,0.39871,0.38644,0.41989,0.69033,hc_closed
0.05533,0.10557,0.13631,0.3952,0.30759,0.68794,0.49528,0.50714,0.67606,0.62052,0.49517,0.46146,0.47309,0.55937,0.7001,hc_closed
0.053779,0.10462,0.13353,0.3999,0.30818,0.60112,0.53799,0.54287,0.6959,0.63993,0.64269,0.53243,0.52535,0.54493,0.7216,hc_closed
0.054019,0.10725,0.13768,0.39173,0.30932,0.44626,0.44093,0.43382,0.61885,0.60467,0.65672,0.43347,0.45772,0.48085,0.67516,hc_closed
0.055337,0.10813,0.1374,0.393,0.30613,0.39322,0.38496,0.39536,0.63588,0.58708,0.66551,0.38759,0.41649,0.41067,0.6619,hc_closed
0.052542,0.10182,0.13004,0.40743,0.30816,0.68442,0.6978,0.70359,0.64992,0.64394,0.70541,0.58381,0.70005,0.71431,0.7357,hc_closed
0.054638,0.10849,0.13536,0.39557,0.30594,0.50344,0.46124,0.46644,0.65925,0.6307,0.65151,0.47786,0.47051,0.49361,0.70353,hc_closed
0.051661,0.099661,0.1358,0.40046,0.31242,0.65536,0.64742,0.63152,0.66869,0.71808,0.71739,0.63889,0.54878,0.58556,0.6687,hc_closed
0.052245,0.10253,0.13649,0.4009,0.30783,0.68942,0.61631,0.65121,0.60558,0.72032,0.70018,0.49808,0.52422,0.58117,0.69411,hc_closed
0.051575,0.10023,0.13497,0.39732,0.31591,0.62869,0.54233,0.61121,0.65695,0.70985,0.61022,0.57215,0.51164,0.53519,0.62574,hc_closed
0.051908,0.10546,0.14127,0.39931,0.30205,0.4813,0.45526,0.49816,0.54099,0.6434,0.49856,0.40487,0.43754,0.49326,0.65359,hc_closed
0.052626,0.10517,0.14288,0.39866,0.30066,0.34916,0.34845,0.35962,0.61606,0.69543,0.34142,0.33359,0.36687,0.39185,0.64213,hc_closed
0.051916,0.1039,0.13813,0.39269,0.31336,0.44353,0.4646,0.47464,0.62256,0.71429,0.46941,0.45858,0.47538,0.51569,0.70525,hc_closed
0.050726,0.096733,0.12672,0.41651,0.30931,0.63235,0.64616,0.62975,0.67062,0.56483,0.68826,0.64983,0.65556,0.69303,0.74934,hc_closed
0.052177,0.099817,0.13821,0.40379,0.30601,0.52721,0.56287,0.53753,0.65378,0.66586,0.54986,0.42393,0.5511,0.522,0.63584,hc_closed
0.053345,0.10205,0.13959,0.40252,0.3025,0.46162,0.51032,0.41375,0.71201,0.64555,0.44606,0.37891,0.57173,0.56038,0.74564,hc_closed
0.049706,0.10348,0.14133,0.39993,0.30555,0.35676,0.39798,0.32353,0.61895,0.63827,0.36597,0.30797,0.47125,0.46571,0.6512,hc_closed
0.051734,0.10276,0.14317,0.39983,0.30251,0.36813,0.39295,0.33788,0.68058,0.66575,0.39617,0.37332,0.50337,0.47554,0.69772,hc_closed
0.050948,0.10145,0.14179,0.39973,0.30609,0.3915,0.39952,0.35301,0.71794,0.68757,0.41819,0.36767,0.44316,0.43719,0.71111,hc_closed
0.054354,0.10177,0.13867,0.39423,0.31098,0.52747,0.55429,0.45775,0.72715,0.71443,0.53649,0.45797,0.62106,0.59802,0.78977,hc_closed
0.052674,0.099339,0.12887,0.41169,0.30742,0.66806,0.71795,0.6939,0.60536,0.57807,0.72187,0.60955,0.7019,0.71375,0.68496,hc_closed
0.053992,0.098566,0.12997,0.41428,0.30319,0.66715,0.65826,0.68316,0.62426,0.63593,0.66214,0.5508,0.68606,0.75005,0.71224,hc_closed
0.053647,0.10599,0.12901,0.39358,0.31777,0.71862,0.7041,0.7491,0.74158,0.73488,0.79483,0.7616,0.6266,0.58689,0.68474,hc_closed
0.054099,0.098336,0.13224,0.39688,0.31845,0.80609,0.62153,0.61177,0.75461,0.79342,0.79689,0.77493,0.59765,0.54415,0.60636,hc_closed
0.055609,0.11016,0.12781,0.38897,0.31744,0.66698,0.68229,0.72706,0.73304,0.71624,0.74943,0.73138,0.61185,0.54429,0.64467,hc_closed
0.054288,0.11029,0.13385,0.39105,0.31052,0.65826,0.68325,0.75231,0.61612,0.66356,0.7247,0.63651,0.64909,0.61627,0.63215,hc_closed
0.055145,0.1097,0.13048,0.38855,0.31613,0.72995,0.73879,0.71855,0.67564,0.66979,0.71149,0.68816,0.68833,0.61112,0.7221,hc_closed
0.054619,0.10837,0.12762,0.3917,0.31769,0.68794,0.65395,0.78005,0.76442,0.76624,0.75028,0.75099,0.63308,0.57606,0.67154,hc_closed
0.053981,0.10998,0.13036,0.39001,0.31566,0.64265,0.64213,0.76715,0.7437,0.77781,0.76124,0.7661,0.67291,0.6276,0.65529,hc_closed
0.053152,0.10417,0.12762,0.41039,0.30467,0.74568,0.72128,0.69093,0.75304,0.74676,0.70182,0.74202,0.71852,0.68926,0.66361,hc_closed
0.051667,0.10334,0.12857,0.41412,0.30229,0.69041,0.69518,0.64708,0.64003,0.69088,0.6818,0.66773,0.65113,0.67546,0.67018,hc_closed
0.052888,0.10499,0.12847,0.41514,0.29851,0.72272,0.72235,0.68996,0.58404,0.74021,0.74803,0.71208,0.72187,0.70714,0.69105,hc_closed
0.053037,0.10497,0.12937,0.40531,0.30731,0.77282,0.7435,0.71604,0.6827,0.77971,0.73627,0.71688,0.72095,0.71333,0.73302,hc_closed
0.053349,0.1015,0.12386,0.41426,0.30704,0.72136,0.73361,0.69667,0.72697,0.76388,0.71078,0.70449,0.72917,0.7359,0.71918,hc_closed
0.054983,0.097696,0.13365,0.39589,0.31778,0.79064,0.65219,0.65747,0.7224,0.76531,0.78217,0.74148,0.65548,0.61049,0.6244,hc_closed
0.052144,0.1035,0.12732,0.41238,0.30464,0.67739,0.69009,0.66372,0.69623,0.74402,0.72468,0.71672,0.70735,0.72299,0.68812,hc_closed
0.052545,0.098992,0.1333,0.40267,0.31249,0.69868,0.72269,0.7196,0.68957,0.57257,0.72731,0.6992,0.60822,0.6762,0.73389,hc_closed
0.052411,0.10009,0.13418,0.40041,0.31291,0.71621,0.66033,0.66229,0.66131,0.59041,0.71261,0.56865,0.54226,0.61736,0.72929,hc_closed
0.050649,0.098227,0.13896,0.40354,0.30862,0.67398,0.57672,0.52553,0.48493,0.62416,0.65254,0.49605,0.40421,0.45548,0.651,hc_closed
0.052526,0.099605,0.13728,0.39877,0.31182,0.76314,0.67854,0.66033,0.58581,0.76246,0.71184,0.52802,0.46057,0.5535,0.70967,hc_closed
0.051328,0.097655,0.13456,0.40712,0.30933,0.76049,0.62257,0.64945,0.57157,0.69811,0.72415,0.63536,0.57984,0.61917,0.70539,hc_closed
0.050968,0.10028,0.13974,0.39988,0.30913,0.68733,0.5352,0.54863,0.5092,0.60521,0.59843,0.45316,0.42119,0.50034,0.59883,hc_closed
0.049946,0.10469,0.13415,0.40568,0.30553,0.5583,0.55195,0.60946,0.55087,0.60277,0.55394,0.47601,0.55225,0.59488,0.623,hc_closed
0.051621,0.10801,0.13314,0.40861,0.29862,0.62722,0.60739,0.65663,0.58486,0.60264,0.5865,0.53725,0.60954,0.63952,0.63779,hc_closed
0.050367,0.10403,0.13304,0.41002,0.30254,0.62884,0.64101,0.64787,0.5758,0.6259,0.57375,0.53498,0.60773,0.6507,0.60931,hc_closed
0.055398,0.099286,0.13273,0.39347,0.31911,0.79831,0.63768,0.61604,0.6876,0.78823,0.78155,0.73247,0.61974,0.57923,0.60436,hc_closed
0.050196,0.10654,0.13262,0.41174,0.29891,0.55058,0.54642,0.59656,0.57514,0.61005,0.54328,0.48754,0.57228,0.60717,0.67802,hc_closed
0.050171,0.10361,0.13158,0.41147,0.30318,0.61028,0.60395,0.62072,0.52342,0.54973,0.58204,0.51355,0.61404,0.65442,0.60825,hc_closed
0.051434,0.10489,0.13215,0.40921,0.30233,0.63228,0.64586,0.62132,0.60218,0.6053,0.59116,0.5757,0.60727,0.61641,0.60375,hc_closed
0.053275,0.101,0.14076,0.39255,0.31242,0.7563,0.42886,0.7638,0.66024,0.78965,0.35955,0.37918,0.43929,0.47495,0.50319,hc_closed
0.053019,0.098097,0.14095,0.39335,0.31459,0.66675,0.49572,0.72336,0.68281,0.74246,0.44546,0.41522,0.49258,0.5039,0.61096,hc_closed
0.05336,0.099425,0.14091,0.39297,0.31333,0.79538,0.46042,0.76495,0.56186,0.71962,0.54575,0.47201,0.52608,0.48203,0.57643,hc_closed
0.054247,0.10212,0.14225,0.3945,0.30688,0.75458,0.3839,0.71485,0.57987,0.68688,0.30808,0.34784,0.43873,0.40251,0.42353,hc_closed
0.05393,0.10069,0.14714,0.39123,0.30701,0.71819,0.39598,0.71064,0.59416,0.73187,0.31064,0.32599,0.42233,0.40308,0.40184,hc_closed
0.052434,0.1015,0.14567,0.39052,0.30988,0.74166,0.4361,0.71865,0.58104,0.64835,0.33257,0.35873,0.48672,0.45847,0.4455,hc_closed
0.052118,0.10722,0.13259,0.40384,0.30423,0.68341,0.69699,0.66295,0.65715,0.73273,0.60643,0.60171,0.66685,0.61699,0.69509,hc_closed
0.055074,0.10101,0.12852,0.4,0.31539,0.79715,0.68801,0.65368,0.7297,0.79237,0.79641,0.77041,0.72753,0.66823,0.66225,hc_closed
0.052232,0.10611,0.13106,0.40366,0.30694,0.73084,0.63379,0.71206,0.66799,0.74704,0.67816,0.61488,0.63392,0.66838,0.66882,hc_closed
0.052476,0.10441,0.13237,0.41134,0.29941,0.64549,0.62056,0.67301,0.6709,0.65971,0.59943,0.62238,0.61472,0.63928,0.69395,hc_closed
0.053806,0.11331,0.13688,0.40317,0.29283,0.62739,0.62393,0.66883,0.6045,0.64184,0.57968,0.70438,0.58213,0.59698,0.59595,hc_closed
0.051924,0.11182,0.13358,0.40435,0.29833,0.66936,0.55258,0.60632,0.63607,0.58337,0.67567,0.65911,0.5481,0.56955,0.64013,hc_closed
0.053249,0.11081,0.13216,0.40703,0.29675,0.68014,0.64935,0.62137,0.66995,0.69821,0.63739,0.61842,0.63419,0.63392,0.65953,hc_closed
0.053442,0.10096,0.13365,0.39218,0.31977,0.67487,0.6706,0.64134,0.61926,0.80543,0.60539,0.52238,0.61737,0.65638,0.66076,hc_closed
0.053102,0.10963,0.13491,0.39554,0.30682,0.55626,0.58111,0.56752,0.6143,0.6074,0.49607,0.45016,0.56985,0.62244,0.5323,hc_closed
0.053894,0.10978,0.13383,0.39522,0.30728,0.54801,0.60774,0.55161,0.64779,0.68479,0.53588,0.4662,0.53701,0.57404,0.54053,hc_closed
0.054158,0.10722,0.1323,0.39586,0.31046,0.56612,0.60262,0.58871,0.59209,0.74132,0.5601,0.53278,0.62747,0.6511,0.65563,hc_closed
0.054318,0.11289,0.13421,0.39375,0.30483,0.55275,0.64212,0.58936,0.65054,0.74504,0.53391,0.46006,0.57727,0.61819,0.58953,hc_closed
0.054114,0.10059,0.13209,0.39933,0.31388,0.77611,0.67849,0.67458,0.7161,0.7785,0.78362,0.74509,0.68202,0.63328,0.64935,hc_closed
0.052742,0.10523,0.13108,0.39171,0.31923,0.57038,0.63921,0.63786,0.64148,0.79555,0.47986,0.45479,0.57872,0.64031,0.563,hc_closed
0.052549,0.10146,0.12697,0.41678,0.30223,0.65515,0.61551,0.74428,0.67785,0.70707,0.7677,0.60989,0.57386,0.62496,0.75262,hc_closed
0.055309,0.10142,0.12522,0.41705,0.301,0.73543,0.69616,0.78862,0.65512,0.71342,0.74008,0.65766,0.68009,0.71577,0.74257,hc_closed
0.054303,0.1018,0.12512,0.41486,0.30391,0.68754,0.64184,0.76292,0.71888,0.72237,0.75364,0.60376,0.6249,0.63359,0.75061,hc_closed
0.052986,0.10217,0.12921,0.41822,0.29741,0.69358,0.65914,0.76611,0.64276,0.6577,0.6943,0.58163,0.60896,0.66464,0.8107,hc_closed
0.052107,0.10267,0.1293,0.41895,0.29698,0.6249,0.59568,0.76571,0.61361,0.67255,0.67202,0.54995,0.55011,0.58428,0.69537,hc_closed
0.05334,0.10227,0.13062,0.41143,0.30235,0.67157,0.64753,0.78126,0.63393,0.67202,0.74136,0.60033,0.60737,0.64474,0.76844,hc_closed
0.056681,0.10434,0.12457,0.38417,0.33024,0.82973,0.81768,0.82313,0.78217,0.81339,0.8101,0.80891,0.81614,0.77458,0.78465,hc_closed
0.054579,0.10572,0.12322,0.39363,0.32285,0.75558,0.71899,0.7508,0.7929,0.75379,0.72295,0.75878,0.75294,0.76808,0.77281,hc_closed
0.054554,0.10501,0.12461,0.39022,0.32561,0.81324,0.81513,0.81002,0.76855,0.80676,0.8052,0.80683,0.80655,0.78357,0.79879,hc_closed
0.052404,0.099169,0.1303,0.40211,0.31602,0.54925,0.48172,0.50832,0.6312,0.74651,0.51305,0.52696,0.34453,0.34943,0.60692,hc_closed
0.056009,0.10366,0.12329,0.39026,0.32678,0.79128,0.79238,0.79419,0.71566,0.80989,0.75588,0.77536,0.80248,0.7202,0.80714,hc_closed
0.055245,0.10549,0.12319,0.39052,0.32556,0.80276,0.80339,0.78168,0.78522,0.82348,0.79037,0.81098,0.78358,0.79356,0.80933,hc_closed
0.054744,0.10591,0.1255,0.38971,0.32414,0.77203,0.79964,0.78635,0.7944,0.77125,0.75638,0.74117,0.75906,0.7893,0.67708,hc_closed
0.050832,0.099976,0.13504,0.39421,0.31995,0.73443,0.70953,0.66492,0.66635,0.70469,0.52794,0.68717,0.6665,0.67791,0.63773,hc_closed
0.051848,0.10166,0.13331,0.39393,0.31925,0.75107,0.72378,0.70158,0.68223,0.67572,0.49901,0.61503,0.66887,0.70837,0.70961,hc_closed
0.052253,0.10158,0.13635,0.39818,0.31164,0.69814,0.69651,0.62416,0.61003,0.62332,0.52252,0.6339,0.64033,0.69331,0.67722,hc_closed
0.052675,0.10374,0.13576,0.39706,0.31077,0.70512,0.66331,0.61763,0.62905,0.65337,0.53675,0.65624,0.60175,0.66386,0.58087,hc_closed
0.052137,0.10345,0.13456,0.39923,0.31063,0.76048,0.71272,0.70186,0.67715,0.7019,0.61167,0.64449,0.70331,0.7317,0.70553,hc_closed
0.052694,0.10433,0.13794,0.39816,0.30688,0.63702,0.71631,0.60463,0.61947,0.63352,0.43949,0.58915,0.67449,0.70976,0.65719,hc_closed
0.059122,0.10039,0.11443,0.38591,0.34016,0.79792,0.81413,0.81006,0.81841,0.80681,0.81757,0.82415,0.81874,0.81383,0.80209,hc_closed
0.050996,0.10495,0.12908,0.40468,0.3103,0.65429,0.67846,0.66165,0.67115,0.7436,0.60931,0.64865,0.62925,0.65112,0.75297,hc_closed
0.056866,0.10146,0.11951,0.39226,0.3299,0.82562,0.82631,0.81494,0.80688,0.81876,0.81099,0.81574,0.82528,0.826,0.79592,hc_closed
0.058829,0.10173,0.1192,0.39224,0.328,0.76653,0.77097,0.79017,0.7817,0.79724,0.7903,0.79879,0.77572,0.77486,0.7688,hc_closed
0.056154,0.099588,0.1171,0.38954,0.33762,0.81995,0.80733,0.77375,0.69982,0.80218,0.74709,0.72418,0.79669,0.79983,0.70062,hc_closed
0.054002,0.095894,0.11804,0.39767,0.33439,0.79971,0.80189,0.78674,0.6744,0.76019,0.75981,0.70028,0.78302,0.78699,0.71402,hc_closed
0.056804,0.099188,0.11933,0.39456,0.33012,0.77977,0.78932,0.80756,0.75585,0.78542,0.78624,0.78555,0.78557,0.7836,0.75817,hc_closed
0.05477,0.10654,0.12938,0.40095,0.30836,0.73677,0.74541,0.72685,0.73804,0.77195,0.73669,0.68222,0.62489,0.68992,0.77271,hc_closed
0.055334,0.10655,0.13334,0.40192,0.30285,0.7365,0.76039,0.75055,0.72375,0.73821,0.66792,0.70961,0.65831,0.71883,0.74291,hc_closed
0.054573,0.10671,0.13421,0.40156,0.30294,0.70905,0.69374,0.70479,0.71129,0.69414,0.67067,0.64551,0.6466,0.67667,0.75403,hc_closed
0.055879,0.1099,0.13764,0.40152,0.29507,0.61561,0.55234,0.57624,0.64461,0.67209,0.59327,0.55009,0.5451,0.53971,0.67065,hc_closed
0.054613,0.10668,0.14061,0.40077,0.29733,0.59764,0.63331,0.6335,0.639,0.7151,0.63168,0.58555,0.4168,0.46184,0.68406,hc_closed
0.050362,0.10568,0.1314,0.40603,0.30654,0.60025,0.72,0.66996,0.60568,0.78224,0.60125,0.59097,0.61251,0.67454,0.73469,hc_closed
0.055422,0.10797,0.13815,0.40241,0.29605,0.57475,0.58568,0.59791,0.61374,0.64274,0.59421,0.52501,0.48307,0.49821,0.63955,hc_closed
0.052153,0.095675,0.12323,0.39022,0.33872,0.7126,0.74802,0.75998,0.68207,0.7242,0.69767,0.57295,0.63707,0.6347,0.68666,hc_closed
0.052011,0.096747,0.12894,0.39071,0.33159,0.6957,0.64792,0.75923,0.68389,0.79301,0.70555,0.63224,0.62084,0.61384,0.6987,hc_closed
0.053029,0.093796,0.12217,0.39158,0.33942,0.71688,0.7422,0.82528,0.54493,0.7505,0.66472,0.58533,0.69011,0.6935,0.73833,hc_closed
0.052692,0.10064,0.13276,0.38951,0.3244,0.64464,0.74375,0.75204,0.71805,0.77133,0.68941,0.62237,0.6672,0.66663,0.69031,hc_closed
0.05287,0.098755,0.13504,0.38802,0.32532,0.53251,0.56516,0.68369,0.70449,0.79257,0.5814,0.66696,0.61486,0.60716,0.60982,hc_closed
0.053444,0.10095,0.13761,0.38725,0.32075,0.64759,0.72586,0.74068,0.72771,0.83708,0.63144,0.62659,0.60631,0.5992,0.56423,hc_closed
0.051001,0.099383,0.13299,0.40663,0.31,0.59017,0.58439,0.60524,0.68651,0.60597,0.58541,0.59129,0.37298,0.45865,0.65335,hc_closed
0.051671,0.10003,0.13752,0.40775,0.30302,0.63294,0.60173,0.58146,0.66224,0.57628,0.49806,0.56682,0.32488,0.43186,0.63255,hc_closed
0.051967,0.10259,0.13622,0.40751,0.30172,0.60192,0.56998,0.58342,0.65182,0.60876,0.58735,0.62051,0.28337,0.38395,0.61746,hc_closed
