0.052861,0.098256,0.12804,0.38945,0.3314,0.78056,0.7766,0.78196,0.76556,0.72805,0.76962,0.75899,0.74688,0.76486,0.74523,pd_on_open
0.051675,0.11077,0.12462,0.38743,0.32551,0.6867,0.64287,0.64278,0.74214,0.81608,0.62344,0.56853,0.58795,0.65168,0.69525,pd_on_open
0.051317,0.097262,0.13176,0.41569,0.30397,0.60248,0.64626,0.61033,0.54892,0.53076,0.57399,0.64514,0.66386,0.63426,0.63294,pd_on_open
0.050853,0.097056,0.13098,0.41635,0.30475,0.61412,0.61655,0.6203,0.60318,0.63567,0.63911,0.60969,0.62191,0.61318,0.65426,pd_on_open
0.051375,0.10021,0.1314,0.41175,0.30527,0.66725,0.65625,0.67992,0.71741,0.7202,0.66351,0.613,0.61906,0.63837,0.70774,pd_on_open
0.046667,0.10127,0.1266,0.39453,0.33093,0.65632,0.63199,0.63278,0.60661,0.62546,0.61277,0.64,0.73432,0.68423,0.61389,pd_on_open
0.049647,0.10567,0.12815,0.39099,0.32553,0.56349,0.63604,0.61999,0.60932,0.64548,0.49821,0.6103,0.66316,0.65041,0.60797,pd_on_open
0.051321,0.11186,0.12803,0.38914,0.31964,0.67117,0.54446,0.56903,0.58047,0.67603,0.57877,0.58849,0.6236,0.64834,0.59572,pd_on_open
0.049591,0.106,0.12847,0.39363,0.3223,0.61377,0.5547,0.58451,0.5099,0.67008,0.52802,0.55851,0.64177,0.64606,0.54805,pd_on_open
0.05012,0.109,0.12931,0.38994,0.32163,0.59046,0.56728,0.58856,0.51529,0.67655,0.46934,0.5304,0.6372,0.64633,0.56376,pd_on_open
0.051588,0.10518,0.13695,0.3898,0.31648,0.49828,0.58048,0.53985,0.5168,0.65955,0.40551,0.5128,0.57615,0.57523,0.53878,pd_on_open
0.050615,0.10012,0.13206,0.39808,0.31912,0.63864,0.65207,0.67684,0.60449,0.69306,0.61215,0.62691,0.66987,0.61444,0.55975,pd_on_open
0.053593,0.11321,0.12304,0.38341,0.32675,0.63235,0.72383,0.63661,0.73907,0.65098,0.59771,0.61358,0.65164,0.71705,0.70728,pd_on_open
0.048094,0.10178,0.1379,0.39833,0.3139,0.50913,0.56718,0.55306,0.5669,0.57668,0.51772,0.53697,0.58159,0.55163,0.54052,pd_on_open
0.046966,0.099773,0.1333,0.4005,0.31946,0.61088,0.61268,0.62008,0.56134,0.61522,0.56706,0.58685,0.64647,0.58822,0.60162,pd_on_open
0.049727,0.10093,0.13617,0.3999,0.31328,0.5595,0.60866,0.60995,0.53801,0.65821,0.54802,0.57407,0.65084,0.56812,0.60127,pd_on_open
0.049038,0.10177,0.13637,0.39898,0.31384,0.56245,0.546,0.57626,0.54902,0.59998,0.56591,0.50919,0.5631,0.53354,0.55762,pd_on_open
0.049155,0.099962,0.13936,0.39914,0.31238,0.47177,0.48187,0.52323,0.49697,0.48304,0.43195,0.46176,0.54697,0.46619,0.53964,pd_on_open
0.055863,0.10548,0.13329,0.38886,0.31652,0.67747,0.68217,0.71355,0.7093,0.68913,0.67003,0.63255,0.63374,0.65725,0.75417,pd_on_open
0.054227,0.10537,0.12872,0.38849,0.32319,0.70742,0.67971,0.72265,0.73893,0.70866,0.71269,0.59622,0.61163,0.67455,0.76707,pd_on_open
0.054683,0.103,0.13808,0.38971,0.31453,0.63102,0.61182,0.61253,0.54081,0.70223,0.62272,0.56667,0.55975,0.55764,0.65987,pd_on_open
0.054002,0.10383,0.13979,0.39082,0.31156,0.46345,0.56679,0.63102,0.54176,0.58044,0.42118,0.38897,0.55151,0.56556,0.715,pd_on_open
0.055716,0.10589,0.13171,0.38686,0.31982,0.72134,0.70936,0.75726,0.71113,0.73596,0.6663,0.63289,0.63784,0.67549,0.7202,pd_on_open
0.051324,0.1112,0.12877,0.38469,0.32402,0.5862,0.62588,0.6159,0.68501,0.75927,0.62348,0.62028,0.63693,0.67213,0.65634,pd_on_open
0.055134,0.10437,0.13917,0.38594,0.31538,0.51086,0.61689,0.60241,0.55217,0.67291,0.46824,0.43765,0.5273,0.4954,0.70329,pd_on_open
0.050589,0.10589,0.14143,0.39629,0.30581,0.44893,0.48709,0.45845,0.52414,0.5505,0.40255,0.40787,0.43052,0.42695,0.49708,pd_on_open
0.05024,0.10136,0.13767,0.39705,0.31367,0.4581,0.53615,0.45968,0.58385,0.62834,0.40926,0.39674,0.42355,0.47028,0.54913,pd_on_open
0.050314,0.10398,0.13855,0.39569,0.31147,0.45222,0.56632,0.4405,0.5082,0.58823,0.42901,0.48714,0.40757,0.40763,0.50725,pd_on_open
0.048818,0.10244,0.13714,0.39599,0.31561,0.51026,0.69778,0.45024,0.51415,0.62138,0.45177,0.39606,0.39444,0.41455,0.53159,pd_on_open
0.050957,0.1085,0.13821,0.3965,0.30583,0.41778,0.62802,0.43112,0.49112,0.51723,0.40456,0.4647,0.41613,0.3803,0.48238,pd_on_open
0.049635,0.10189,0.1398,0.39667,0.312,0.45598,0.53591,0.43933,0.52712,0.6,0.41119,0.43316,0.38191,0.38115,0.49175,pd_on_open
0.052774,0.10037,0.1254,0.40048,0.32097,0.59772,0.68772,0.6844,0.64441,0.71406,0.652,0.57119,0.6875,0.7143,0.66979,pd_on_open
0.052198,0.10403,0.126,0.39846,0.31932,0.66242,0.73548,0.72743,0.64304,0.73373,0.58355,0.65027,0.70607,0.73112,0.69493,pd_on_open
0.051149,0.10203,0.12519,0.4048,0.31682,0.53327,0.62328,0.65604,0.60666,0.72764,0.50783,0.49388,0.65707,0.68139,0.65273,pd_on_open
0.052336,0.10562,0.13021,0.38931,0.32253,0.75546,0.74462,0.74355,0.72693,0.71131,0.72464,0.72775,0.75623,0.76062,0.70688,pd_on_open
0.052389,0.10069,0.12713,0.39802,0.32177,0.65819,0.69615,0.72526,0.66517,0.73075,0.60036,0.61185,0.71382,0.7325,0.72178,pd_on_open
0.051622,0.10161,0.12784,0.39973,0.3192,0.60982,0.64393,0.68679,0.6424,0.6787,0.55876,0.5368,0.68815,0.69951,0.70227,pd_on_open
0.054139,0.10121,0.12406,0.39759,0.323,0.63094,0.71851,0.70384,0.6593,0.7545,0.6222,0.59098,0.64509,0.67711,0.6949,pd_on_open
0.050183,0.10236,0.12538,0.41109,0.31099,0.61818,0.61722,0.66966,0.67592,0.67661,0.66938,0.66736,0.67031,0.67017,0.64729,pd_on_open
0.049971,0.097737,0.12611,0.40887,0.31731,0.56659,0.56718,0.67569,0.64678,0.64798,0.63614,0.63302,0.67693,0.67667,0.63226,pd_on_open
0.050776,0.10517,0.12479,0.41071,0.30856,0.6229,0.62424,0.71817,0.6674,0.66804,0.66182,0.6602,0.71899,0.71882,0.68452,pd_on_open
0.050605,0.10279,0.13415,0.40748,0.30498,0.55411,0.55933,0.65682,0.57708,0.57793,0.57013,0.56831,0.65753,0.65738,0.62683,pd_on_open
0.051115,0.10014,0.12781,0.40996,0.31098,0.60319,0.60055,0.65215,0.66699,0.66758,0.66132,0.6595,0.65293,0.65276,0.62687,pd_on_open
0.050222,0.10072,0.12671,0.40901,0.31333,0.59704,0.59528,0.65288,0.65576,0.65609,0.65208,0.65074,0.65352,0.65338,0.62905,pd_on_open
0.050622,0.10092,0.12287,0.39689,0.32869,0.74854,0.71476,0.71633,0.71958,0.73087,0.71179,0.64259,0.71948,0.75895,0.65631,pd_on_open
0.052124,0.10342,0.1294,0.39709,0.31797,0.73257,0.68658,0.7033,0.64492,0.6228,0.69022,0.60065,0.68906,0.68596,0.69983,pd_on_open
0.051242,0.10194,0.12458,0.40262,0.31962,0.62065,0.63636,0.60037,0.66528,0.66539,0.59074,0.58874,0.63067,0.64737,0.62376,pd_on_open
0.050905,0.11134,0.12695,0.40003,0.31078,0.54115,0.57231,0.51306,0.63852,0.67837,0.49944,0.5104,0.56298,0.57654,0.62214,pd_on_open
0.050213,0.11079,0.13273,0.39565,0.31062,0.57056,0.63981,0.5839,0.63692,0.65862,0.54797,0.57445,0.61766,0.61063,0.63916,pd_on_open
0.050268,0.10702,0.12551,0.40495,0.31225,0.7029,0.64652,0.62941,0.61755,0.75071,0.63246,0.61659,0.65897,0.65415,0.68361,pd_on_open
0.050851,0.11108,0.12397,0.4039,0.31021,0.50208,0.58035,0.51129,0.60343,0.66029,0.48492,0.50938,0.57769,0.5831,0.59165,pd_on_open
0.053124,0.10455,0.12438,0.39027,0.32767,0.76031,0.78546,0.81894,0.75361,0.80139,0.74629,0.76264,0.75697,0.78872,0.76246,pd_on_open
0.055091,0.10354,0.1264,0.38996,0.32501,0.77435,0.84019,0.80411,0.81304,0.76943,0.70175,0.64534,0.75968,0.73879,0.68191,pd_on_open
0.054038,0.10586,0.13123,0.3911,0.31778,0.78006,0.66755,0.82665,0.79158,0.58931,0.64128,0.68097,0.78125,0.7763,0.68872,pd_on_open
0.054087,0.10558,0.12863,0.39238,0.31932,0.80058,0.72114,0.78785,0.79609,0.59142,0.70798,0.70425,0.78713,0.76333,0.75586,pd_on_open
0.054539,0.10422,0.13168,0.39569,0.31387,0.72582,0.64972,0.78121,0.74788,0.77525,0.5984,0.64478,0.74811,0.71963,0.63639,pd_on_open
0.04999,0.1002,0.13065,0.40537,0.31378,0.7435,0.623,0.6712,0.60731,0.6402,0.64692,0.5924,0.67078,0.70648,0.71917,pd_on_open
0.052729,0.10343,0.12975,0.39614,0.31795,0.76308,0.70414,0.73796,0.75356,0.80687,0.6449,0.6573,0.76319,0.74679,0.67949,pd_on_open
0.05309,0.10387,0.13316,0.39907,0.31081,0.68821,0.65094,0.68789,0.58276,0.76222,0.62122,0.49887,0.56033,0.60539,0.67702,pd_on_open
0.051207,0.10898,0.1319,0.40081,0.3071,0.67164,0.58183,0.63925,0.62565,0.7065,0.68206,0.55791,0.55943,0.62561,0.6484,pd_on_open
0.051757,0.10683,0.13007,0.39944,0.3119,0.70316,0.58932,0.64528,0.63548,0.6936,0.70191,0.6088,0.61317,0.61807,0.63436,pd_on_open
0.052499,0.11596,0.13209,0.39531,0.30413,0.60824,0.46553,0.49451,0.55601,0.59281,0.58373,0.51264,0.39646,0.42568,0.46895,pd_on_open
0.051422,0.10725,0.1334,0.40037,0.30756,0.63323,0.62029,0.63839,0.5846,0.65777,0.63546,0.56157,0.50347,0.4901,0.64645,pd_on_open
0.051201,0.10836,0.13226,0.39873,0.30945,0.66597,0.59996,0.6389,0.59584,0.70703,0.63727,0.60584,0.54758,0.52626,0.63196,pd_on_open
0.053934,0.10792,0.1341,0.4043,0.29975,0.7747,0.63858,0.65531,0.57697,0.5859,0.71909,0.62753,0.62733,0.6669,0.7665,pd_on_open
0.054307,0.10683,0.133,0.40266,0.3032,0.76485,0.67031,0.67571,0.62882,0.62997,0.70026,0.65106,0.65662,0.706,0.7074,pd_on_open
0.053373,0.10856,0.13726,0.40027,0.30054,0.76438,0.66347,0.65189,0.55669,0.63828,0.65665,0.61654,0.61305,0.6624,0.67482,pd_on_open
0.050187,0.10182,0.12698,0.39485,0.32616,0.73946,0.76716,0.7247,0.65786,0.69238,0.65922,0.71877,0.76198,0.75108,0.7021,pd_on_open
0.052442,0.11122,0.1324,0.40669,0.29724,0.75986,0.64686,0.61594,0.60781,0.63468,0.63153,0.57141,0.58684,0.63509,0.67518,pd_on_open
0.055415,0.11196,0.13315,0.39905,0.30042,0.81481,0.66427,0.67539,0.63953,0.6771,0.77714,0.7033,0.62619,0.69568,0.73752,pd_on_open
0.055037,0.10717,0.13157,0.40354,0.30269,0.78686,0.69744,0.70536,0.65079,0.68424,0.74272,0.67479,0.69797,0.75101,0.75806,pd_on_open
0.057143,0.11561,0.13582,0.38946,0.30197,0.68684,0.62039,0.65958,0.63138,0.60272,0.6189,0.56476,0.60379,0.65242,0.63618,pd_on_open
0.055729,0.11582,0.13094,0.3916,0.30591,0.69131,0.63446,0.66853,0.6228,0.63569,0.69155,0.61885,0.68073,0.71111,0.69676,pd_on_open
0.056336,0.11226,0.12708,0.39227,0.31205,0.7463,0.6663,0.68092,0.68702,0.68785,0.72801,0.66871,0.64282,0.70673,0.712,pd_on_open
0.057013,0.11389,0.13073,0.39182,0.30654,0.74683,0.6555,0.71457,0.65893,0.65098,0.70687,0.56559,0.59984,0.70579,0.71181,pd_on_open
0.056375,0.11189,0.12837,0.38964,0.31373,0.73666,0.71386,0.71393,0.70675,0.67811,0.72666,0.66215,0.68229,0.71693,0.739,pd_on_open
0.055158,0.11389,0.13111,0.38915,0.31069,0.71682,0.6648,0.65662,0.63178,0.63482,0.62831,0.57809,0.6255,0.69119,0.68769,pd_on_open
0.049683,0.10569,0.13048,0.39707,0.31708,0.71091,0.65906,0.66481,0.65288,0.60112,0.57535,0.56782,0.67679,0.669,0.68222,pd_on_open
0.048961,0.10439,0.12932,0.39885,0.31848,0.70217,0.59815,0.64669,0.64054,0.5883,0.62861,0.53562,0.60464,0.6307,0.68804,pd_on_open
0.052338,0.096772,0.13072,0.39032,0.32985,0.73938,0.70784,0.71091,0.72126,0.76363,0.71896,0.71945,0.71529,0.72859,0.7613,pd_on_open
0.051155,0.10716,0.13652,0.38815,0.31701,0.57309,0.59394,0.62413,0.69894,0.62759,0.64508,0.62756,0.5685,0.61324,0.69262,pd_on_open
0.051945,0.10236,0.13003,0.38662,0.32905,0.7731,0.73263,0.69808,0.71471,0.71268,0.73654,0.75599,0.70695,0.69482,0.78091,pd_on_open
0.054447,0.10172,0.13007,0.38587,0.32789,0.75894,0.7283,0.73449,0.76611,0.76574,0.72708,0.73883,0.73379,0.74405,0.77668,pd_on_open
0.050874,0.098268,0.12356,0.39137,0.33593,0.78678,0.76436,0.69999,0.75476,0.77199,0.77665,0.78996,0.72392,0.71959,0.79435,pd_on_open
0.054497,0.10064,0.12465,0.38898,0.33124,0.79468,0.78848,0.74628,0.74691,0.75836,0.7878,0.79204,0.77256,0.75814,0.80088,pd_on_open
0.053771,0.1024,0.13593,0.38539,0.32251,0.77497,0.70189,0.72484,0.81588,0.7681,0.67838,0.73845,0.69196,0.70337,0.77895,pd_on_open
0.050089,0.096859,0.1277,0.39953,0.32582,0.68881,0.67337,0.68317,0.65858,0.68883,0.58397,0.64267,0.69316,0.67326,0.58025,pd_on_open
0.049519,0.098022,0.12514,0.40201,0.32531,0.70022,0.6917,0.69311,0.6712,0.64953,0.66595,0.65992,0.7342,0.71992,0.63744,pd_on_open
0.04994,0.099612,0.1301,0.40082,0.31953,0.65773,0.6674,0.63738,0.69258,0.70629,0.59544,0.61933,0.76396,0.7216,0.65594,pd_on_open
0.05106,0.099715,0.12678,0.39917,0.32328,0.70439,0.65711,0.6649,0.70298,0.66619,0.6659,0.70405,0.72429,0.70238,0.65451,pd_on_open
0.051802,0.10128,0.13137,0.40189,0.31366,0.62232,0.65526,0.65785,0.69178,0.65878,0.58546,0.57886,0.66835,0.6665,0.62419,pd_on_open
0.050775,0.10201,0.13184,0.39064,0.32474,0.6554,0.70485,0.68525,0.75026,0.67098,0.66386,0.62487,0.6596,0.69431,0.70735,pd_on_open
0.051877,0.10226,0.13149,0.39991,0.31447,0.65154,0.69639,0.66443,0.7206,0.73715,0.64287,0.60214,0.7117,0.71533,0.65505,pd_on_open
0.053511,0.10183,0.13046,0.3897,0.3245,0.76488,0.74676,0.76344,0.67802,0.71852,0.69019,0.6224,0.76107,0.7487,0.78788,pd_on_open
0.052204,0.10533,0.13335,0.38902,0.3201,0.77113,0.67716,0.70317,0.69051,0.7289,0.79188,0.62828,0.66803,0.66384,0.78164,pd_on_open
0.054946,0.10666,0.13299,0.38442,0.32098,0.76181,0.71949,0.71484,0.63158,0.67508,0.78985,0.63138,0.7431,0.72633,0.76046,pd_on_open
0.055664,0.10667,0.13272,0.38675,0.31819,0.74261,0.7443,0.73628,0.72645,0.68686,0.77739,0.72869,0.75011,0.74382,0.78207,pd_on_open
0.054241,0.10792,0.13276,0.38926,0.31581,0.76663,0.72681,0.71338,0.68104,0.73252,0.80694,0.65992,0.73903,0.72724,0.80211,pd_on_open
0.056199,0.10649,0.13188,0.38416,0.32127,0.76139,0.75042,0.75657,0.72138,0.72225,0.78904,0.68551,0.71265,0.71225,0.79736,pd_on_open
0.05285,0.1053,0.13902,0.39642,0.30642,0.71612,0.64629,0.65885,0.67856,0.63353,0.64583,0.60579,0.62966,0.63708,0.63889,pd_on_open
0.053343,0.10366,0.1355,0.39528,0.31221,0.68432,0.63852,0.66471,0.69145,0.68072,0.67341,0.62967,0.6801,0.64509,0.70319,pd_on_open
0.055205,0.11325,0.13927,0.38544,0.30683,0.73626,0.56635,0.58167,0.72781,0.64311,0.70341,0.57567,0.60037,0.6004,0.66918,pd_on_open
0.052254,0.10856,0.12852,0.38845,0.32221,0.66877,0.66861,0.68008,0.75465,0.67731,0.72135,0.70538,0.60618,0.64974,0.72804,pd_on_open
0.053047,0.10756,0.13712,0.3962,0.30607,0.67493,0.65516,0.65277,0.66919,0.69653,0.69966,0.64307,0.68739,0.65035,0.72307,pd_on_open
0.054157,0.10747,0.14022,0.39044,0.30772,0.71883,0.62913,0.63627,0.66334,0.62414,0.67526,0.60515,0.66145,0.62706,0.70975,pd_on_open
0.055119,0.11425,0.13993,0.38552,0.30518,0.68274,0.55729,0.58974,0.60239,0.60278,0.62158,0.53013,0.54615,0.55874,0.58636,pd_on_open
0.049488,0.10532,0.12871,0.39098,0.32549,0.66931,0.57395,0.68007,0.72647,0.62516,0.63031,0.67631,0.64771,0.57858,0.65272,pd_on_open
0.049944,0.10794,0.13072,0.39139,0.32,0.56707,0.58424,0.62868,0.72033,0.6643,0.48693,0.59424,0.60692,0.54873,0.68766,pd_on_open
0.051546,0.11043,0.13211,0.39198,0.31394,0.62141,0.54034,0.61141,0.68191,0.62668,0.57572,0.56511,0.60974,0.54673,0.6067,pd_on_open
0.051299,0.11208,0.12878,0.39305,0.3148,0.61854,0.50287,0.59854,0.68024,0.67279,0.6014,0.60988,0.603,0.52793,0.62436,pd_on_open
0.050448,0.10969,0.12801,0.39253,0.31933,0.67613,0.5822,0.66618,0.74937,0.77041,0.64966,0.67622,0.71048,0.63999,0.64386,pd_on_open
0.050527,0.10957,0.13214,0.3917,0.31606,0.58174,0.55648,0.57277,0.65427,0.65028,0.53838,0.58995,0.5578,0.52647,0.64498,pd_on_open
0.05492,0.10617,0.12965,0.39005,0.31922,0.7773,0.75405,0.78762,0.77766,0.81918,0.75305,0.73136,0.79204,0.76236,0.79807,pd_on_open
0.051323,0.10908,0.13387,0.38816,0.31757,0.60564,0.59344,0.59425,0.61008,0.63555,0.61306,0.5748,0.55452,0.58547,0.59644,pd_on_open
0.056187,0.10852,0.1324,0.38676,0.31614,0.77759,0.756,0.76663,0.78097,0.82407,0.76478,0.65,0.7709,0.78857,0.78836,pd_on_open
0.054777,0.11079,0.13784,0.38796,0.30863,0.7412,0.7599,0.73485,0.65515,0.7715,0.69946,0.64584,0.7202,0.69921,0.72853,pd_on_open
0.055461,0.10696,0.13651,0.39115,0.30993,0.68922,0.6758,0.68921,0.71638,0.78308,0.73945,0.60006,0.69897,0.67281,0.72053,pd_on_open
0.055164,0.10804,0.13245,0.38857,0.31578,0.77743,0.76231,0.75809,0.77946,0.79838,0.76481,0.72727,0.75909,0.72982,0.76327,pd_on_open
0.055572,0.1082,0.13876,0.38635,0.31112,0.72862,0.72954,0.72534,0.71044,0.77768,0.74695,0.66191,0.6387,0.65698,0.64209,pd_on_open
0.053812,0.10637,0.13441,0.40125,0.30416,0.72832,0.58662,0.74323,0.68392,0.78822,0.71496,0.67294,0.64351,0.66606,0.69623,pd_on_open
0.05203,0.10828,0.13896,0.4002,0.30053,0.67717,0.57339,0.70051,0.6112,0.74114,0.66259,0.59645,0.55427,0.58654,0.5575,pd_on_open
0.053577,0.10689,0.13667,0.3993,0.30356,0.65504,0.56265,0.71057,0.63938,0.73714,0.69143,0.5635,0.55322,0.57127,0.56079,pd_on_open
0.05374,0.10732,0.13545,0.39881,0.30468,0.70039,0.59788,0.75498,0.70147,0.80263,0.59474,0.57446,0.61809,0.6334,0.62696,pd_on_open
0.053645,0.10634,0.13598,0.40146,0.30258,0.73303,0.54604,0.73979,0.67828,0.73866,0.66037,0.65809,0.56736,0.60363,0.62366,pd_on_open
0.051638,0.10497,0.13243,0.38743,0.32354,0.54321,0.55893,0.56722,0.62291,0.52468,0.49798,0.5336,0.56892,0.59231,0.58111,pd_on_open
0.054059,0.10824,0.13878,0.40058,0.29834,0.69428,0.56611,0.731,0.68141,0.78014,0.64521,0.63911,0.54939,0.56193,0.63215,pd_on_open
0.051925,0.10015,0.13529,0.39744,0.3152,0.67774,0.63659,0.65778,0.60276,0.64701,0.5795,0.55707,0.63511,0.65603,0.68732,pd_on_open
0.050374,0.10213,0.13955,0.39746,0.31049,0.56713,0.53768,0.52561,0.48902,0.61676,0.50319,0.44284,0.51866,0.54242,0.67325,pd_on_open
0.049505,0.097206,0.13837,0.40027,0.31465,0.58768,0.495,0.52316,0.49879,0.57042,0.50715,0.46425,0.54944,0.56552,0.62532,pd_on_open
0.05176,0.10139,0.13423,0.39762,0.315,0.662,0.59972,0.60623,0.62541,0.64256,0.56262,0.58414,0.61908,0.63081,0.69513,pd_on_open
0.051828,0.10283,0.13938,0.3973,0.30866,0.55343,0.51795,0.48103,0.52512,0.59426,0.44725,0.43979,0.54834,0.61119,0.67307,pd_on_open
0.049831,0.10307,0.13888,0.39457,0.31365,0.54426,0.5061,0.5248,0.57855,0.61034,0.46269,0.45212,0.47377,0.52204,0.61283,pd_on_open
0.053986,0.11364,0.1284,0.38342,0.32055,0.77883,0.66656,0.6865,0.71499,0.73337,0.73641,0.68887,0.77665,0.73548,0.80178,pd_on_open
0.054009,0.1117,0.12954,0.38222,0.32253,0.78855,0.69751,0.6571,0.7547,0.77633,0.68672,0.74816,0.77281,0.73409,0.79943,pd_on_open
0.054243,0.11254,0.12488,0.38657,0.32176,0.78179,0.62188,0.71529,0.78317,0.77839,0.74189,0.69459,0.7278,0.67159,0.7547,pd_on_open
0.052946,0.11169,0.12621,0.38331,0.32584,0.61981,0.66753,0.65141,0.73704,0.73917,0.58674,0.58026,0.7245,0.76959,0.7104,pd_on_open
0.054782,0.11565,0.12541,0.38346,0.3207,0.7589,0.58684,0.54324,0.62071,0.67272,0.61082,0.6698,0.74494,0.66738,0.78709,pd_on_open
0.052995,0.11316,0.12725,0.38171,0.32489,0.76213,0.6896,0.71217,0.71144,0.72895,0.68971,0.74432,0.75098,0.69877,0.80192,pd_on_open
0.054294,0.11261,0.12694,0.38588,0.32027,0.77484,0.63993,0.65883,0.66514,0.72107,0.646,0.69943,0.7128,0.66317,0.77023,pd_on_open
0.052634,0.10084,0.12895,0.39974,0.31783,0.74535,0.64574,0.61294,0.67892,0.65945,0.70513,0.7256,0.68397,0.66537,0.7062,pd_on_open
0.052961,0.099598,0.13291,0.39808,0.31645,0.69914,0.67732,0.58861,0.62648,0.58735,0.80633,0.71295,0.67895,0.64552,0.68507,pd_on_open
0.052792,0.099773,0.13162,0.39805,0.31776,0.80114,0.71166,0.64768,0.72128,0.70672,0.77932,0.7185,0.69123,0.71344,0.75942,pd_on_open
0.053045,0.098905,0.133,0.39844,0.31661,0.71611,0.63756,0.569,0.65518,0.62863,0.75711,0.6886,0.66931,0.63878,0.74154,pd_on_open
0.052715,0.099646,0.13257,0.39708,0.31799,0.75058,0.65136,0.57913,0.69297,0.60318,0.7204,0.77699,0.68271,0.68499,0.75859,pd_on_open
0.053666,0.097921,0.13277,0.4014,0.31424,0.79031,0.61871,0.62057,0.66085,0.70468,0.75212,0.71993,0.6421,0.58913,0.64604,pd_on_open
0.05433,0.11335,0.13308,0.39259,0.30665,0.61895,0.6967,0.66638,0.5608,0.66353,0.61408,0.5298,0.62845,0.72674,0.72148,pd_on_open
0.053551,0.11296,0.12608,0.38316,0.32425,0.63151,0.65093,0.67911,0.75399,0.75468,0.69138,0.64548,0.61342,0.68476,0.70128,pd_on_open
0.05601,0.1141,0.13331,0.38133,0.31525,0.48763,0.6682,0.61841,0.66682,0.61154,0.45876,0.47356,0.61515,0.7057,0.75553,pd_on_open
0.05502,0.11593,0.13433,0.38224,0.31249,0.45943,0.60124,0.53088,0.68324,0.56525,0.4431,0.47779,0.52743,0.60233,0.71355,pd_on_open
0.055911,0.12061,0.13358,0.38287,0.30702,0.40242,0.51742,0.45515,0.59908,0.48813,0.41477,0.42663,0.45478,0.47886,0.60077,pd_on_open
0.055493,0.12158,0.13495,0.38112,0.30685,0.44043,0.57558,0.49619,0.61776,0.52141,0.45795,0.42872,0.47523,0.52684,0.58484,pd_on_open
0.054831,0.11567,0.13249,0.38596,0.31105,0.45193,0.70606,0.56743,0.71855,0.62658,0.50541,0.42982,0.47842,0.56614,0.66381,pd_on_open
0.055221,0.102,0.1225,0.39531,0.32497,0.79685,0.80167,0.79343,0.76883,0.80439,0.79408,0.78813,0.76957,0.74914,0.77746,pd_on_open
0.054667,0.10292,0.12538,0.3978,0.31923,0.77595,0.77636,0.76263,0.76299,0.74882,0.70076,0.74562,0.64393,0.55198,0.7227,pd_on_open
0.055836,0.10328,0.12649,0.39429,0.3201,0.81573,0.7687,0.78247,0.79188,0.79089,0.79565,0.73165,0.72836,0.70471,0.7705,pd_on_open
0.05552,0.10484,0.12919,0.39516,0.31529,0.78094,0.75999,0.76471,0.79046,0.76888,0.75425,0.70873,0.69068,0.60627,0.76813,pd_on_open
0.05498,0.10367,0.12572,0.39678,0.31885,0.77095,0.78839,0.787,0.77813,0.78219,0.80661,0.7792,0.76257,0.74692,0.77932,pd_on_open
0.053118,0.1128,0.12307,0.38483,0.32618,0.55188,0.55995,0.55133,0.71872,0.78082,0.57671,0.57199,0.57213,0.63211,0.59655,pd_on_open
0.054542,0.10222,0.12675,0.39481,0.32168,0.77181,0.7539,0.73545,0.75808,0.76889,0.75696,0.75694,0.66752,0.62207,0.73995,pd_on_open
0.053707,0.10539,0.12806,0.39437,0.31847,0.78048,0.68926,0.77069,0.66063,0.67673,0.74308,0.7494,0.63824,0.63459,0.71031,pd_on_open
0.053414,0.10972,0.13872,0.39475,0.3034,0.60728,0.55329,0.62019,0.50575,0.63047,0.5566,0.49222,0.48794,0.48578,0.61591,pd_on_open
0.052797,0.10624,0.13946,0.39197,0.30953,0.57249,0.55175,0.57905,0.58134,0.63151,0.44303,0.51955,0.46726,0.464,0.60681,pd_on_open
0.051289,0.10413,0.13664,0.39999,0.30795,0.57619,0.57359,0.56653,0.5441,0.57276,0.53409,0.50281,0.4831,0.47881,0.68996,pd_on_open
0.053802,0.10926,0.13895,0.39597,0.30202,0.68024,0.58508,0.592,0.53264,0.60201,0.50344,0.52642,0.52284,0.51946,0.59371,pd_on_open
0.054664,0.11132,0.13793,0.39325,0.30284,0.55067,0.53539,0.62933,0.52335,0.57167,0.52474,0.49587,0.50469,0.5027,0.58935,pd_on_open
0.049448,0.09752,0.12922,0.41382,0.30998,0.62264,0.63959,0.63247,0.64018,0.65555,0.60503,0.667,0.66771,0.65382,0.6116,pd_on_open
0.051391,0.097796,0.12928,0.4135,0.30803,0.57662,0.57348,0.58367,0.63585,0.63668,0.59445,0.59226,0.58986,0.59438,0.68307,pd_on_open
0.052442,0.097584,0.13128,0.41119,0.3075,0.63243,0.64958,0.63616,0.67105,0.6751,0.63308,0.65717,0.65455,0.65459,0.62419,pd_on_open
0.056538,0.10252,0.12468,0.396,0.32026,0.75001,0.74157,0.76027,0.75515,0.75338,0.77198,0.79023,0.74531,0.79109,0.75821,hc_open
0.053096,0.10922,0.13028,0.40562,0.30178,0.5266,0.76035,0.74378,0.62703,0.70999,0.57986,0.53227,0.69865,0.69444,0.64983,hc_open
0.051232,0.099456,0.12877,0.40654,0.314,0.69322,0.68309,0.64934,0.64124,0.70917,0.71669,0.7067,0.71175,0.67056,0.69394,hc_open
0.050592,0.097714,0.12467,0.4083,0.31872,0.6805,0.65947,0.63363,0.58817,0.67176,0.7021,0.65006,0.68665,0.66365,0.64582,hc_open
0.052958,0.10041,0.12602,0.40239,0.31823,0.72383,0.71877,0.70999,0.68231,0.68205,0.73236,0.7147,0.73683,0.72699,0.69076,hc_open
0.053972,0.10281,0.1247,0.39959,0.31894,0.79487,0.79949,0.78851,0.69373,0.68472,0.79052,0.77792,0.77379,0.773,0.77798,hc_open
0.055458,0.1029,0.12703,0.3925,0.32211,0.7991,0.80712,0.80039,0.75195,0.74037,0.79902,0.80039,0.73676,0.72698,0.7399,hc_open
0.053121,0.10292,0.12196,0.4026,0.3194,0.75615,0.75876,0.75984,0.7466,0.73041,0.74794,0.75138,0.77686,0.77487,0.79062,hc_open
0.053299,0.10167,0.12394,0.40705,0.31403,0.77884,0.77557,0.75384,0.66945,0.65542,0.77116,0.76781,0.76878,0.74409,0.73688,hc_open
0.052723,0.10306,0.12828,0.40531,0.31062,0.75274,0.73705,0.75753,0.67855,0.64918,0.71104,0.75939,0.71622,0.70943,0.71226,hc_open
0.054777,0.10338,0.12613,0.4018,0.31392,0.75491,0.75027,0.76199,0.72838,0.70166,0.76603,0.79012,0.72585,0.72591,0.75857,hc_open
0.052931,0.1037,0.12597,0.39649,0.32091,0.7477,0.76024,0.74098,0.68795,0.70393,0.74601,0.78169,0.74626,0.74457,0.7614,hc_open
0.052059,0.11071,0.13157,0.40531,0.30034,0.55541,0.72493,0.74067,0.64974,0.72689,0.61912,0.55142,0.65276,0.68666,0.63857,hc_open
0.052658,0.10197,0.12506,0.40005,0.32026,0.77921,0.78043,0.75846,0.73674,0.75219,0.7501,0.76077,0.73222,0.75265,0.76048,hc_open
0.053794,0.10409,0.12794,0.39343,0.32075,0.75494,0.74599,0.72376,0.78476,0.77631,0.74288,0.78585,0.7513,0.7444,0.75881,hc_open
0.053527,0.10322,0.12792,0.39584,0.3195,0.78305,0.78891,0.76304,0.73028,0.70908,0.75539,0.79486,0.75915,0.76583,0.74175,hc_open
0.051686,0.10304,0.12879,0.3978,0.31868,0.7238,0.79639,0.71362,0.70105,0.73411,0.68984,0.7337,0.7548,0.74524,0.75134,hc_open
0.056647,0.10404,0.12495,0.38962,0.32475,0.7621,0.80149,0.76431,0.73977,0.72286,0.78653,0.80059,0.78846,0.78386,0.78364,hc_open
0.053672,0.10203,0.12466,0.39012,0.32951,0.82641,0.77637,0.80638,0.78179,0.73053,0.80011,0.75698,0.83174,0.8264,0.7844,hc_open
0.054707,0.10213,0.12417,0.38965,0.32935,0.81266,0.79476,0.77609,0.79504,0.7761,0.72882,0.76735,0.7954,0.8026,0.73908,hc_open
0.053765,0.10082,0.12779,0.39163,0.32599,0.88679,0.75091,0.78324,0.74672,0.7553,0.79349,0.69822,0.85571,0.84986,0.78337,hc_open
0.054069,0.099873,0.13287,0.39181,0.32138,0.84322,0.77054,0.73163,0.75643,0.69145,0.69528,0.67807,0.8057,0.81939,0.77428,hc_open
0.052635,0.099418,0.13129,0.3935,0.32316,0.81321,0.75409,0.76141,0.77111,0.70727,0.59072,0.5711,0.75831,0.78368,0.76133,hc_open
0.052339,0.10875,0.136,0.40854,0.29437,0.5762,0.63924,0.76728,0.61469,0.68206,0.63448,0.55694,0.62545,0.62812,0.63802,hc_open
0.05336,0.099446,0.12624,0.39366,0.32729,0.7602,0.71493,0.70792,0.72983,0.76641,0.71423,0.6308,0.7159,0.72198,0.79627,hc_open
0.049955,0.094831,0.12876,0.40656,0.3199,0.67223,0.65972,0.66221,0.65483,0.58549,0.66423,0.65706,0.70128,0.70267,0.65803,hc_open
0.049106,0.096721,0.12865,0.40833,0.31719,0.68028,0.59732,0.68545,0.62083,0.62312,0.68597,0.59549,0.62985,0.64524,0.62792,hc_open
0.05015,0.094936,0.13154,0.40906,0.31432,0.57629,0.54448,0.63071,0.53082,0.54367,0.60351,0.52325,0.57679,0.59257,0.53824,hc_open
0.049721,0.095573,0.13611,0.41187,0.30672,0.44475,0.47927,0.56633,0.51154,0.47933,0.46736,0.44925,0.55494,0.58216,0.61335,hc_open
0.05078,0.096576,0.12699,0.41009,0.31557,0.71887,0.58123,0.65254,0.62033,0.65799,0.65109,0.62012,0.70573,0.71066,0.73097,hc_open
0.051015,0.09491,0.12627,0.412,0.3158,0.62972,0.59617,0.68289,0.57252,0.53318,0.59631,0.56298,0.65377,0.68204,0.62485,hc_open
0.05385,0.10549,0.13014,0.38734,0.32317,0.71988,0.7215,0.73198,0.71434,0.72386,0.64186,0.72531,0.68296,0.70973,0.65338,hc_open
0.055078,0.11059,0.12687,0.3858,0.32167,0.70238,0.74428,0.69521,0.72738,0.70993,0.65913,0.72057,0.71934,0.71372,0.73119,hc_open
0.054369,0.10065,0.12125,0.39415,0.32958,0.78011,0.76002,0.75421,0.74385,0.74289,0.74727,0.78227,0.75189,0.76576,0.77905,hc_open
0.053622,0.10248,0.12696,0.3974,0.31953,0.71586,0.76111,0.76103,0.675,0.66402,0.70068,0.6185,0.69532,0.69168,0.74489,hc_open
0.053505,0.10213,0.12502,0.38757,0.33177,0.77687,0.78743,0.76432,0.78714,0.73373,0.74538,0.79666,0.80556,0.80132,0.80914,hc_open
0.05535,0.10392,0.12388,0.39396,0.32289,0.78432,0.74688,0.76266,0.74112,0.75745,0.74949,0.79362,0.7359,0.75749,0.79126,hc_open
0.054261,0.10428,0.12698,0.38669,0.32779,0.77287,0.71888,0.73872,0.70443,0.77167,0.76268,0.76137,0.71131,0.72238,0.75931,hc_open
0.049588,0.1014,0.12852,0.38581,0.33468,0.61824,0.69648,0.66128,0.68868,0.65558,0.58278,0.6016,0.6239,0.65505,0.74445,hc_open
0.048296,0.10555,0.13055,0.38642,0.32918,0.62597,0.63462,0.61637,0.68749,0.68615,0.53302,0.63486,0.62134,0.63697,0.67442,hc_open
0.050968,0.11192,0.12751,0.38422,0.32538,0.51173,0.54591,0.53763,0.62516,0.62083,0.4773,0.53973,0.4907,0.50582,0.59897,hc_open
0.049023,0.1088,0.12971,0.38555,0.32692,0.54668,0.61595,0.60416,0.65888,0.67248,0.50531,0.49353,0.50109,0.53125,0.64305,hc_open
0.050543,0.10783,0.12906,0.38566,0.32691,0.54552,0.58245,0.55592,0.62886,0.66206,0.526,0.56253,0.52709,0.51854,0.65609,hc_open
0.049304,0.10893,0.13048,0.38437,0.32692,0.63263,0.64234,0.57345,0.62371,0.63437,0.55804,0.62545,0.61773,0.64329,0.71627,hc_open
0.050721,0.099738,0.12862,0.40003,0.32089,0.7294,0.6652,0.72139,0.67262,0.70328,0.66108,0.61563,0.64507,0.65732,0.61089,hc_open
0.05103,0.10034,0.12552,0.39911,0.32399,0.73762,0.74502,0.75327,0.65755,0.66347,0.73026,0.62933,0.70503,0.71637,0.74795,hc_open
0.05185,0.097177,0.12487,0.40083,0.32528,0.78828,0.71133,0.71204,0.68371,0.74255,0.73016,0.67782,0.71833,0.73157,0.65342,hc_open
0.049903,0.098708,0.12778,0.40054,0.32307,0.76369,0.62342,0.68923,0.67153,0.68786,0.71107,0.6489,0.62048,0.63117,0.60902,hc_open
0.050721,0.10441,0.13121,0.40523,0.30844,0.7453,0.58995,0.7544,0.66173,0.60184,0.6082,0.58773,0.60993,0.63623,0.55555,hc_open
0.051545,0.10285,0.13285,0.402,0.31075,0.74892,0.55994,0.72972,0.66607,0.65578,0.64304,0.58442,0.57941,0.59917,0.6069,hc_open
0.051523,0.10156,0.1336,0.40312,0.31019,0.71597,0.58108,0.67871,0.59627,0.62195,0.62353,0.59249,0.57822,0.64039,0.57684,hc_open
0.050729,0.097196,0.1328,0.40616,0.31312,0.64304,0.61189,0.5914,0.5784,0.62109,0.76254,0.64511,0.60445,0.6305,0.6957,hc_open
0.05049,0.098448,0.13442,0.40571,0.31093,0.6088,0.60862,0.60036,0.59547,0.66951,0.72122,0.60788,0.55165,0.59633,0.71375,hc_open
0.050639,0.10209,0.13416,0.40236,0.31075,0.59292,0.58206,0.56775,0.55779,0.61439,0.68509,0.5777,0.57788,0.60369,0.66227,hc_open
0.05212,0.099951,0.13479,0.40291,0.31023,0.63877,0.68871,0.69244,0.57377,0.67566,0.74087,0.57954,0.66503,0.71191,0.68408,hc_open
0.050156,0.10253,0.13623,0.40206,0.30902,0.6101,0.57402,0.57037,0.52489,0.59058,0.68567,0.57047,0.58014,0.5988,0.68406,hc_open
0.052815,0.099719,0.1295,0.40382,0.31414,0.66634,0.75129,0.73637,0.63776,0.69624,0.62576,0.58767,0.70026,0.71504,0.75141,hc_open
0.050047,0.098662,0.13246,0.40135,0.31748,0.60375,0.61967,0.61282,0.59681,0.6885,0.75799,0.60134,0.62888,0.64846,0.7281,hc_open
0.054414,0.10434,0.1288,0.39834,0.31411,0.74206,0.74589,0.68922,0.80502,0.78625,0.80314,0.79048,0.75496,0.74397,0.82965,hc_open
0.055568,0.10263,0.13162,0.40495,0.30523,0.78088,0.76555,0.74155,0.72015,0.67125,0.75772,0.77186,0.77789,0.75851,0.73448,hc_open
0.054823,0.10532,0.1347,0.40516,0.3,0.82157,0.75299,0.75629,0.65115,0.68107,0.73261,0.75853,0.73747,0.68635,0.70072,hc_open
0.054146,0.10562,0.13255,0.40194,0.30575,0.79368,0.69062,0.71241,0.73459,0.72857,0.68143,0.72042,0.74527,0.67855,0.73826,hc_open
0.05465,0.10087,0.13199,0.3994,0.31309,0.79082,0.76617,0.75025,0.75335,0.76348,0.76724,0.77231,0.77303,0.76131,0.77856,hc_open
0.054194,0.10227,0.1335,0.40634,0.30369,0.85241,0.76789,0.768,0.7158,0.8001,0.74703,0.77657,0.81629,0.7611,0.75889,hc_open
0.053324,0.1019,0.12956,0.40683,0.30839,0.71546,0.76334,0.69813,0.58645,0.67139,0.64057,0.6618,0.65983,0.6851,0.72616,hc_open
0.054208,0.10147,0.13011,0.40642,0.30779,0.6901,0.7084,0.70834,0.61759,0.59985,0.66018,0.63879,0.62863,0.7048,0.66214,hc_open
0.051781,0.098909,0.12879,0.40646,0.31405,0.68895,0.65243,0.65166,0.63075,0.655,0.6781,0.67814,0.6684,0.67833,0.70637,hc_open
0.054869,0.10048,0.12938,0.40355,0.31173,0.73927,0.76917,0.76484,0.62411,0.65486,0.72021,0.62688,0.74611,0.71785,0.77681,hc_open
0.052907,0.10015,0.12796,0.40761,0.31137,0.70133,0.67354,0.66491,0.59783,0.62765,0.65491,0.68152,0.61257,0.62143,0.6885,hc_open
0.052843,0.099703,0.13425,0.40067,0.31253,0.71054,0.6788,0.66142,0.61375,0.57495,0.68248,0.66589,0.66282,0.6013,0.74039,hc_open
0.05018,0.098876,0.13172,0.40898,0.31024,0.71236,0.67497,0.61377,0.55257,0.62217,0.60056,0.62026,0.64785,0.6288,0.68594,hc_open
0.055969,0.10644,0.12779,0.39615,0.31365,0.73107,0.73142,0.72402,0.68831,0.70853,0.7668,0.68124,0.69597,0.72189,0.74428,hc_open
0.054132,0.10206,0.12739,0.40693,0.30948,0.79932,0.70942,0.73666,0.73158,0.74827,0.7933,0.7405,0.72979,0.73096,0.76725,hc_open
0.054247,0.10401,0.12568,0.39738,0.31868,0.78864,0.6795,0.72431,0.68501,0.75868,0.751,0.7066,0.70517,0.71094,0.73961,hc_open
0.053923,0.098133,0.12605,0.40385,0.31804,0.72911,0.67654,0.64199,0.68146,0.70456,0.69513,0.70073,0.73469,0.72184,0.73224,hc_open
0.055289,0.1023,0.12845,0.39838,0.31558,0.79434,0.76659,0.74444,0.70762,0.78319,0.76544,0.73334,0.7501,0.75112,0.73513,hc_open
0.054209,0.10022,0.12528,0.40522,0.31507,0.77451,0.67982,0.69381,0.66928,0.72421,0.75334,0.66457,0.70914,0.7197,0.73806,hc_open
0.053561,0.10157,0.12726,0.39563,0.32198,0.75418,0.77854,0.74935,0.70375,0.66845,0.7519,0.69153,0.72668,0.71277,0.78928,hc_open
0.053416,0.099783,0.1295,0.39882,0.31848,0.7092,0.78684,0.74853,0.6816,0.69488,0.72996,0.61478,0.69349,0.69142,0.75439,hc_open
0.056169,0.10561,0.13102,0.39249,0.31471,0.77681,0.73906,0.7787,0.78794,0.74315,0.78682,0.71076,0.70052,0.75199,0.77178,hc_open
0.055557,0.10572,0.1206,0.39516,0.32297,0.71567,0.76531,0.71639,0.71488,0.71486,0.79077,0.76332,0.77418,0.76746,0.71554,hc_open
0.055358,0.10251,0.13162,0.39416,0.31635,0.75977,0.77078,0.73996,0.67813,0.71677,0.75193,0.65482,0.67538,0.72581,0.74851,hc_open
0.056385,0.1054,0.131,0.39049,0.31672,0.78643,0.73975,0.7775,0.71325,0.73086,0.78407,0.68738,0.72103,0.75993,0.76882,hc_open
0.054064,0.10305,0.13253,0.39265,0.3177,0.78747,0.74328,0.73561,0.74001,0.70667,0.75704,0.69785,0.70364,0.72283,0.78904,hc_open
0.055372,0.10474,0.13028,0.39707,0.31253,0.75046,0.74092,0.72604,0.69966,0.72932,0.73411,0.69863,0.71703,0.72655,0.80359,hc_open
0.056441,0.10573,0.12896,0.39296,0.3159,0.72672,0.71969,0.72621,0.65424,0.68115,0.70772,0.70635,0.75428,0.76298,0.80835,hc_open
0.053185,0.10366,0.12355,0.39719,0.32242,0.75496,0.73097,0.77071,0.68683,0.74928,0.78363,0.7269,0.77663,0.78041,0.7392,hc_open
0.052024,0.10293,0.12747,0.40314,0.31444,0.76838,0.68826,0.77681,0.75609,0.68307,0.75125,0.73386,0.70595,0.68962,0.70068,hc_open
0.052253,0.10204,0.12144,0.40202,0.32225,0.7632,0.70828,0.75617,0.77998,0.70747,0.796,0.73123,0.73723,0.73457,0.77254,hc_open
0.053243,0.10264,0.12118,0.40278,0.32016,0.79135,0.78203,0.79019,0.77074,0.75576,0.80163,0.80822,0.76648,0.76103,0.79788,hc_open
0.05323,0.10087,0.12152,0.40496,0.31942,0.76901,0.75789,0.76881,0.73535,0.71627,0.78149,0.76194,0.77279,0.77203,0.75257,hc_open
0.055909,0.10286,0.11831,0.39683,0.32609,0.75663,0.7768,0.75124,0.7534,0.75439,0.77561,0.76672,0.77785,0.76784,0.75199,hc_open
0.052364,0.10017,0.1205,0.40668,0.32029,0.75657,0.72594,0.76351,0.73015,0.74054,0.78105,0.77117,0.74169,0.72815,0.73996,hc_open
0.053362,0.10176,0.13223,0.39837,0.31427,0.80957,0.68518,0.66913,0.6617,0.65842,0.66428,0.59016,0.60991,0.69013,0.74673,hc_open
0.05177,0.097996,0.13395,0.40593,0.31036,0.81526,0.65908,0.56357,0.69215,0.61168,0.61407,0.53172,0.49868,0.61476,0.62726,hc_open
0.05107,0.099031,0.1335,0.40623,0.31017,0.76915,0.62707,0.62722,0.65592,0.55893,0.67965,0.58834,0.60644,0.71943,0.60146,hc_open
0.053055,0.098829,0.13196,0.40244,0.31372,0.83055,0.72158,0.64448,0.72081,0.64195,0.65584,0.62016,0.64993,0.71733,0.69277,hc_open
0.052114,0.10038,0.13492,0.40257,0.31002,0.7884,0.67355,0.62625,0.69447,0.5849,0.72771,0.65262,0.57201,0.67434,0.64637,hc_open
0.053669,0.10008,0.13279,0.40301,0.31046,0.85054,0.72483,0.68375,0.73505,0.61942,0.71966,0.64,0.6777,0.71896,0.73478,hc_open
0.050793,0.10276,0.13137,0.40452,0.31055,0.6057,0.69935,0.63248,0.60475,0.59751,0.57579,0.59292,0.6353,0.68995,0.64576,hc_open
0.050002,0.10768,0.1286,0.40622,0.30751,0.59954,0.69677,0.65726,0.61329,0.61888,0.61075,0.55851,0.61107,0.65472,0.6422,hc_open
0.050475,0.10602,0.13051,0.40694,0.30606,0.52911,0.60779,0.58883,0.57388,0.64236,0.53719,0.50946,0.60302,0.63838,0.64925,hc_open
0.053662,0.10205,0.12013,0.40177,0.32238,0.72448,0.70008,0.7429,0.73394,0.73074,0.74305,0.78578,0.70479,0.78471,0.73934,hc_open
0.050965,0.10621,0.1304,0.4065,0.30593,0.65199,0.67658,0.65448,0.56511,0.5859,0.58643,0.56175,0.60065,0.61792,0.65713,hc_open
0.049735,0.10626,0.13094,0.41014,0.30293,0.53718,0.61617,0.57498,0.56526,0.56867,0.54502,0.54839,0.60212,0.66341,0.6604,hc_open
0.049407,0.10755,0.12991,0.4117,0.30144,0.50392,0.64868,0.58439,0.57148,0.60038,0.56835,0.5371,0.5827,0.5894,0.62445,hc_open
0.052071,0.09704,0.13579,0.39273,0.32237,0.76543,0.83004,0.72296,0.51466,0.63077,0.53188,0.69912,0.62965,0.54854,0.59642,hc_open
0.053317,0.098152,0.13548,0.3985,0.31455,0.75856,0.74315,0.71704,0.56411,0.65016,0.71755,0.6703,0.71751,0.71567,0.64369,hc_open
0.05309,0.10079,0.13622,0.39404,0.31585,0.80342,0.74351,0.6843,0.53312,0.63553,0.64272,0.74991,0.71208,0.68551,0.67044,hc_open
0.052736,0.10066,0.137,0.39655,0.31306,0.785,0.64028,0.62614,0.54981,0.61924,0.68094,0.73094,0.63387,0.6242,0.62683,hc_open
0.052434,0.10033,0.13992,0.39226,0.31506,0.64218,0.62496,0.56985,0.46026,0.63188,0.63636,0.54519,0.51472,0.4955,0.60574,hc_open
0.054369,0.098793,0.13585,0.39609,0.3149,0.6797,0.65549,0.59654,0.45687,0.58767,0.69657,0.60797,0.60636,0.53239,0.61836,hc_open
0.052779,0.10246,0.12785,0.40011,0.3168,0.70592,0.6944,0.70985,0.74521,0.72711,0.75248,0.68428,0.68473,0.76668,0.77124,hc_open
0.055851,0.10171,0.12289,0.398,0.32155,0.70222,0.72213,0.71096,0.70581,0.70438,0.76141,0.78246,0.72956,0.78505,0.70871,hc_open
0.0513,0.10321,0.12732,0.40622,0.31195,0.70547,0.67684,0.68645,0.6386,0.74589,0.77585,0.66271,0.73249,0.76412,0.72335,hc_open
0.051891,0.10517,0.13249,0.40831,0.30214,0.61863,0.59421,0.56103,0.63905,0.68653,0.68322,0.62679,0.59721,0.66154,0.66087,hc_open
0.052598,0.10886,0.13299,0.40321,0.30234,0.63758,0.65377,0.60737,0.62047,0.70873,0.61005,0.6419,0.63313,0.66788,0.61715,hc_open
0.051399,0.10509,0.12976,0.40626,0.3075,0.65776,0.65027,0.65089,0.70421,0.74943,0.72041,0.65357,0.64395,0.70996,0.67348,hc_open
0.053182,0.10813,0.13514,0.40353,0.30001,0.5878,0.57044,0.5712,0.6072,0.69955,0.5876,0.66517,0.62468,0.65455,0.63551,hc_open
0.05234,0.099239,0.12865,0.39595,0.32382,0.77687,0.73302,0.69482,0.62376,0.71658,0.63025,0.66102,0.74455,0.73294,0.66826,hc_open
0.052027,0.10403,0.12979,0.39442,0.31972,0.75451,0.76675,0.72229,0.58304,0.6155,0.48875,0.6217,0.70269,0.65476,0.62401,hc_open
0.051456,0.10295,0.12892,0.39509,0.32158,0.71382,0.80507,0.72046,0.58299,0.74801,0.59866,0.57638,0.74952,0.73389,0.6017,hc_open
0.05005,0.09862,0.13003,0.40002,0.32128,0.80725,0.77803,0.68596,0.62203,0.73168,0.55291,0.65297,0.74511,0.70937,0.64708,hc_open
0.050949,0.10107,0.12883,0.39476,0.3244,0.81433,0.77962,0.72483,0.68313,0.66703,0.52683,0.68303,0.76891,0.71016,0.65704,hc_open
0.05673,0.10111,0.12188,0.40024,0.32003,0.72535,0.77228,0.72756,0.72501,0.72477,0.79051,0.78404,0.77913,0.78536,0.72622,hc_open
0.051774,0.10127,0.13134,0.39335,0.32226,0.825,0.75437,0.72294,0.60746,0.64556,0.53394,0.68865,0.73077,0.67498,0.56354,hc_open
0.05394,0.099888,0.11978,0.39873,0.32766,0.74103,0.74439,0.72773,0.76162,0.77921,0.79814,0.75214,0.73689,0.74112,0.83183,hc_open
0.053903,0.10096,0.12188,0.40455,0.31871,0.67794,0.74296,0.7108,0.68709,0.75514,0.78833,0.707,0.69129,0.70229,0.74158,hc_open
0.054007,0.10343,0.12425,0.40448,0.31383,0.75836,0.762,0.71208,0.71573,0.77095,0.72254,0.65753,0.6961,0.73362,0.76897,hc_open
0.053391,0.099587,0.12202,0.40595,0.31905,0.71687,0.7719,0.69522,0.68062,0.75994,0.78388,0.6661,0.67722,0.7182,0.75504,hc_open
0.053749,0.10408,0.12285,0.40899,0.31033,0.71834,0.73456,0.67851,0.63093,0.76519,0.73713,0.59716,0.63864,0.67808,0.73031,hc_open
0.05294,0.10125,0.12387,0.40932,0.31262,0.69569,0.76568,0.74842,0.67456,0.73242,0.73931,0.67378,0.65844,0.67144,0.72402,hc_open
0.05854,0.10972,0.13029,0.39463,0.30683,0.7773,0.80012,0.75841,0.79392,0.78811,0.797,0.77332,0.79728,0.79713,0.75629,hc_open
0.061849,0.11108,0.13138,0.39311,0.30258,0.80637,0.77049,0.77785,0.79558,0.80546,0.78834,0.79983,0.78756,0.76156,0.77239,hc_open
0.06147,0.11663,0.13499,0.38685,0.30005,0.79028,0.8129,0.80853,0.80659,0.80402,0.80823,0.79122,0.80841,0.81598,0.81185,hc_open
0.053692,0.10343,0.1276,0.40345,0.31182,0.67644,0.75934,0.76308,0.76801,0.7305,0.75923,0.67641,0.7409,0.77719,0.73397,hc_open
0.063165,0.11361,0.12965,0.39492,0.29865,0.75776,0.75244,0.82439,0.71904,0.71277,0.72618,0.82459,0.72705,0.77301,0.82563,hc_open
0.05761,0.11228,0.13472,0.39343,0.30196,0.76834,0.74633,0.74113,0.75516,0.76239,0.75161,0.74349,0.75129,0.74518,0.74214,hc_open
0.058415,0.11276,0.13365,0.39858,0.29659,0.81823,0.79427,0.81342,0.79949,0.80376,0.79737,0.82022,0.79718,0.79401,0.81143,hc_open
0.054399,0.10418,0.13017,0.39067,0.32057,0.77039,0.73892,0.72156,0.70664,0.72321,0.7095,0.62971,0.69829,0.72838,0.73559,hc_open
0.053179,0.10276,0.13272,0.39829,0.31305,0.74178,0.70092,0.66849,0.69267,0.7036,0.6394,0.68203,0.66508,0.75222,0.75013,hc_open
0.052153,0.10152,0.13117,0.39684,0.31832,0.7206,0.73374,0.69376,0.6801,0.69112,0.65758,0.72484,0.64656,0.68814,0.70391,hc_open
0.05467,0.10479,0.13196,0.39442,0.31417,0.75529,0.7473,0.75533,0.71681,0.69165,0.65979,0.68801,0.73784,0.76744,0.72497,hc_open
0.055188,0.10262,0.13037,0.39425,0.31757,0.70862,0.6759,0.66936,0.68518,0.66131,0.66228,0.66546,0.68053,0.72835,0.66349,hc_open
0.054906,0.10231,0.13075,0.39767,0.31436,0.74159,0.69466,0.68326,0.68171,0.68312,0.63285,0.67246,0.64859,0.71876,0.7432,hc_open
0.053148,0.096769,0.11973,0.39476,0.33559,0.70976,0.73482,0.70265,0.6925,0.69981,0.70305,0.71167,0.70194,0.70334,0.68528,hc_open
0.052619,0.10314,0.12623,0.40957,0.30844,0.63933,0.69254,0.77351,0.69037,0.77345,0.66882,0.6224,0.68126,0.68181,0.7193,hc_open
0.055382,0.098374,0.1258,0.39437,0.32607,0.78281,0.84583,0.75514,0.72591,0.74482,0.75668,0.79006,0.7525,0.75777,0.83157,hc_open
0.053797,0.097545,0.12496,0.39578,0.32792,0.69153,0.72428,0.68521,0.6796,0.68316,0.68552,0.69349,0.68467,0.68575,0.70796,hc_open
0.055285,0.10205,0.12681,0.40045,0.31541,0.73877,0.773,0.72855,0.7144,0.72451,0.72913,0.74151,0.72755,0.72954,0.71675,hc_open
0.053045,0.095575,0.13,0.40149,0.31989,0.67753,0.70202,0.67209,0.66679,0.67024,0.67237,0.67916,0.67161,0.67257,0.69031,hc_open
0.054632,0.095784,0.12164,0.40264,0.3253,0.73334,0.74727,0.72954,0.72441,0.72806,0.72975,0.73438,0.72917,0.7299,0.7219,hc_open
0.056169,0.10495,0.13051,0.4016,0.30677,0.71608,0.72662,0.71853,0.76856,0.69804,0.70826,0.72166,0.77545,0.705,0.76067,hc_open
0.055752,0.1045,0.1294,0.39767,0.31268,0.73517,0.75479,0.7133,0.76085,0.73961,0.76041,0.72554,0.74925,0.7002,0.74761,hc_open
0.056847,0.10869,0.13186,0.39442,0.30819,0.72133,0.71164,0.7002,0.73203,0.7191,0.72835,0.71585,0.77177,0.72487,0.72553,hc_open
0.05645,0.10493,0.13173,0.39732,0.30957,0.72043,0.72772,0.70358,0.71267,0.68802,0.73525,0.71461,0.77299,0.75415,0.7522,hc_open
0.055854,0.10505,0.12773,0.39457,0.31679,0.725,0.71661,0.69913,0.74117,0.72351,0.72089,0.7783,0.73742,0.71804,0.72507,hc_open
0.052763,0.10734,0.13167,0.41051,0.29772,0.58077,0.73803,0.77668,0.63079,0.72336,0.58514,0.59058,0.69926,0.68173,0.67448,hc_open
0.055651,0.10347,0.12999,0.3966,0.31429,0.76483,0.77318,0.7537,0.76333,0.72098,0.75082,0.78384,0.80426,0.76052,0.7627,hc_open
0.055467,0.099867,0.11562,0.39656,0.33248,0.77818,0.81675,0.84572,0.85253,0.81373,0.71081,0.79751,0.80986,0.80984,0.83316,hc_open
0.054601,0.10074,0.11669,0.39658,0.33139,0.72645,0.77655,0.80961,0.78799,0.78134,0.7903,0.81425,0.7803,0.77987,0.8052,hc_open
0.055674,0.10059,0.12097,0.39304,0.32972,0.77925,0.79006,0.78894,0.79271,0.79967,0.7582,0.81056,0.8013,0.80117,0.78531,hc_open
0.054949,0.10066,0.12076,0.39999,0.32365,0.8304,0.78826,0.872,0.87478,0.80105,0.84186,0.83584,0.79938,0.79893,0.83079,hc_open
0.055524,0.10129,0.12104,0.39398,0.32816,0.80648,0.78719,0.7843,0.79168,0.78968,0.7367,0.80036,0.79021,0.79012,0.78324,hc_open
0.052306,0.095584,0.12747,0.39868,0.32597,0.80171,0.76673,0.77516,0.77725,0.75595,0.74376,0.74917,0.75475,0.75491,0.78629,hc_open
0.051165,0.09521,0.12783,0.40364,0.32216,0.71337,0.74313,0.68483,0.63689,0.69331,0.74107,0.73308,0.77041,0.71236,0.74048,hc_open
0.052129,0.10032,0.1252,0.40294,0.31941,0.71139,0.71778,0.69628,0.66051,0.73515,0.72538,0.65566,0.70428,0.70496,0.73455,hc_open
0.050071,0.098775,0.12622,0.40869,0.31624,0.66027,0.66801,0.67569,0.68017,0.64411,0.66262,0.67295,0.66214,0.67281,0.67233,hc_open
