0.051319,0.10342,0.13618,0.38931,0.31977,0.50523,0.49865,0.48659,0.5361,0.64978,0.45317,0.48579,0.46074,0.44791,0.53574,pd_off_closed
0.056817,0.11404,0.13174,0.38621,0.31118,0.70917,0.65958,0.68338,0.68337,0.67774,0.6836,0.6443,0.6732,0.60974,0.74391,pd_off_closed
0.049722,0.10174,0.13533,0.40911,0.3041,0.65994,0.621,0.66504,0.67259,0.56288,0.62414,0.47736,0.47807,0.55426,0.70471,pd_off_closed
0.052661,0.097333,0.13362,0.41224,0.30415,0.61081,0.63653,0.65857,0.65893,0.56868,0.67069,0.53348,0.53412,0.57023,0.7635,pd_off_closed
0.051826,0.10285,0.13964,0.41262,0.29306,0.56412,0.58242,0.57643,0.6382,0.61697,0.51895,0.54609,0.50264,0.50841,0.64915,pd_off_closed
0.049376,0.10375,0.13278,0.38827,0.32583,0.49965,0.49183,0.47988,0.57272,0.64525,0.428,0.44609,0.49303,0.48929,0.60402,pd_off_closed
0.050218,0.10582,0.13585,0.38994,0.31817,0.50998,0.43908,0.48316,0.48155,0.67171,0.42188,0.49891,0.46131,0.44455,0.42598,pd_off_closed
0.051501,0.10936,0.13355,0.38869,0.3169,0.50409,0.45958,0.50024,0.56681,0.77627,0.40917,0.49286,0.46297,0.45479,0.45994,pd_off_closed
0.052635,0.10949,0.13514,0.38793,0.31481,0.49277,0.48546,0.55867,0.5743,0.70707,0.37441,0.45584,0.49615,0.49345,0.47481,pd_off_closed
0.052061,0.10866,0.13328,0.38665,0.31934,0.49457,0.46855,0.50143,0.57253,0.7112,0.38283,0.4931,0.47998,0.46886,0.48908,pd_off_closed
0.05118,0.11279,0.13427,0.38823,0.31353,0.5358,0.4804,0.53834,0.50834,0.72932,0.45174,0.53267,0.50664,0.48946,0.4416,pd_off_closed
0.050967,0.098993,0.13786,0.39135,0.32083,0.53183,0.58821,0.6023,0.52156,0.6831,0.51975,0.44133,0.53972,0.57252,0.62169,pd_off_closed
0.054564,0.11365,0.12217,0.38591,0.32371,0.70788,0.68652,0.67908,0.63398,0.64863,0.67708,0.68058,0.60432,0.55788,0.74028,pd_off_closed
0.050564,0.102,0.13473,0.39261,0.3201,0.43797,0.56717,0.54598,0.54168,0.6418,0.43582,0.38903,0.46939,0.54077,0.6265,pd_off_closed
0.049614,0.10347,0.13872,0.3956,0.3126,0.45206,0.58567,0.54061,0.49786,0.5746,0.37707,0.40167,0.49725,0.54958,0.57618,pd_off_closed
0.051174,0.10274,0.13851,0.39349,0.31409,0.40946,0.54835,0.53117,0.51749,0.64173,0.43748,0.40018,0.4387,0.50659,0.56254,pd_off_closed
0.051453,0.10315,0.13893,0.39363,0.31283,0.45389,0.56896,0.54888,0.4986,0.55272,0.4497,0.39072,0.45689,0.50086,0.60766,pd_off_closed
0.05009,0.1043,0.13967,0.394,0.31194,0.43141,0.52206,0.53809,0.52743,0.60603,0.41853,0.39837,0.42069,0.47373,0.52957,pd_off_closed
0.054376,0.10413,0.13789,0.39101,0.3126,0.50019,0.58933,0.57333,0.54923,0.595,0.489,0.48861,0.50833,0.5728,0.62951,pd_off_closed
0.053467,0.10669,0.13952,0.39082,0.3095,0.39532,0.4399,0.45579,0.47078,0.45261,0.37494,0.35827,0.46693,0.50318,0.53605,pd_off_closed
0.054545,0.10766,0.13751,0.39144,0.30885,0.41612,0.44495,0.50475,0.49814,0.57872,0.35951,0.33412,0.46048,0.51402,0.59243,pd_off_closed
0.055506,0.10797,0.13946,0.38791,0.30915,0.41828,0.40946,0.49299,0.53102,0.54114,0.3819,0.34657,0.43686,0.50569,0.49817,pd_off_closed
0.052451,0.10459,0.13865,0.38954,0.31476,0.4506,0.52841,0.57067,0.50765,0.51975,0.40493,0.3777,0.50108,0.55744,0.53899,pd_off_closed
0.053524,0.11304,0.12558,0.38594,0.32192,0.68913,0.65277,0.65405,0.61998,0.70918,0.66165,0.63659,0.59073,0.5566,0.69709,pd_off_closed
0.053713,0.10825,0.1363,0.38837,0.31337,0.43301,0.51101,0.54137,0.57767,0.51031,0.37674,0.35682,0.49405,0.55351,0.57281,pd_off_closed
0.049461,0.09806,0.13347,0.38678,0.33223,0.58652,0.52805,0.58369,0.55861,0.54557,0.46779,0.47758,0.48967,0.5384,0.51274,pd_off_closed
0.050696,0.099083,0.13213,0.38949,0.3286,0.59855,0.52305,0.5914,0.55656,0.66107,0.56615,0.51602,0.54149,0.5392,0.44384,pd_off_closed
0.048279,0.10022,0.1309,0.38954,0.33106,0.6489,0.56912,0.60548,0.51752,0.69252,0.55671,0.53123,0.56117,0.5645,0.45484,pd_off_closed
0.04963,0.10334,0.13329,0.38695,0.32679,0.53024,0.49369,0.55946,0.51883,0.62753,0.45517,0.44528,0.52718,0.53502,0.45377,pd_off_closed
0.049328,0.098161,0.13205,0.38902,0.33144,0.62245,0.55861,0.64142,0.51557,0.63844,0.57484,0.57043,0.57987,0.56347,0.43416,pd_off_closed
0.048531,0.1014,0.13376,0.38875,0.32756,0.53703,0.57124,0.60579,0.57253,0.63142,0.50059,0.52329,0.57401,0.55869,0.4853,pd_off_closed
0.0496,0.098391,0.1319,0.39622,0.32389,0.51282,0.63144,0.70468,0.66234,0.66898,0.60344,0.5507,0.43455,0.6638,0.5867,pd_off_closed
0.051265,0.10092,0.13384,0.39895,0.31503,0.47229,0.58572,0.62093,0.61369,0.71554,0.49538,0.52299,0.52058,0.61981,0.54889,pd_off_closed
0.050206,0.098924,0.13219,0.40235,0.31633,0.51951,0.66122,0.67513,0.63081,0.6992,0.58687,0.56665,0.56639,0.65992,0.60295,pd_off_closed
0.049545,0.10358,0.12765,0.39438,0.32485,0.70052,0.69193,0.67844,0.67661,0.61646,0.6944,0.66322,0.71753,0.70852,0.75883,pd_off_closed
0.049755,0.1046,0.13833,0.4012,0.30612,0.47391,0.53608,0.5824,0.56238,0.62789,0.46981,0.44427,0.53299,0.62401,0.51395,pd_off_closed
0.050138,0.10046,0.13374,0.40393,0.31173,0.51836,0.63456,0.6493,0.62165,0.7314,0.59799,0.53917,0.4957,0.59648,0.60954,pd_off_closed
0.051874,0.099336,0.13138,0.40195,0.31546,0.55657,0.66282,0.66851,0.6996,0.75236,0.59429,0.60671,0.58168,0.67556,0.64785,pd_off_closed
0.051167,0.10253,0.13726,0.39477,0.31428,0.59061,0.61896,0.61068,0.65129,0.63166,0.55307,0.56466,0.54888,0.59231,0.68064,pd_off_closed
0.050995,0.10537,0.1338,0.39611,0.31373,0.51283,0.54888,0.55738,0.71005,0.70624,0.47062,0.48365,0.46236,0.49856,0.69552,pd_off_closed
0.050635,0.10544,0.13518,0.39608,0.31266,0.54319,0.52441,0.52454,0.68179,0.66413,0.5307,0.54413,0.51006,0.54399,0.60501,pd_off_closed
0.052397,0.10267,0.13184,0.39546,0.31763,0.68422,0.66213,0.67764,0.65308,0.66991,0.68016,0.67451,0.66894,0.69337,0.68515,pd_off_closed
0.050537,0.10438,0.13487,0.39511,0.3151,0.48278,0.51695,0.48924,0.6293,0.6647,0.45127,0.47879,0.44207,0.4908,0.65568,pd_off_closed
0.051214,0.10528,0.13528,0.39441,0.31381,0.52252,0.56326,0.55367,0.65121,0.71518,0.50645,0.50489,0.49448,0.54205,0.69101,pd_off_closed
0.049797,0.10548,0.1239,0.4054,0.31543,0.69597,0.62063,0.62467,0.69979,0.67199,0.586,0.59602,0.61089,0.61743,0.68286,pd_off_closed
0.05236,0.10532,0.12727,0.38695,0.32809,0.74311,0.76967,0.68852,0.79364,0.65693,0.66954,0.74263,0.72674,0.712,0.71951,pd_off_closed
0.050425,0.11244,0.12562,0.39917,0.31235,0.56072,0.5042,0.51887,0.69413,0.67943,0.46067,0.47384,0.52715,0.53219,0.66795,pd_off_closed
0.05173,0.11107,0.12388,0.39603,0.31729,0.62348,0.60401,0.61039,0.75906,0.70568,0.52752,0.53781,0.58073,0.60189,0.72396,pd_off_closed
0.051803,0.11229,0.12295,0.39564,0.31731,0.59443,0.58672,0.58546,0.7475,0.68007,0.49269,0.50177,0.54279,0.57342,0.69267,pd_off_closed
0.050232,0.11053,0.12383,0.39998,0.31543,0.6624,0.58921,0.61215,0.71658,0.7439,0.50101,0.50611,0.56109,0.58888,0.66548,pd_off_closed
0.050436,0.11193,0.12544,0.40191,0.31029,0.57641,0.52661,0.54376,0.75592,0.71145,0.47151,0.4791,0.50991,0.53095,0.68702,pd_off_closed
0.049979,0.10215,0.13294,0.39892,0.31601,0.6315,0.61953,0.62965,0.57645,0.66258,0.52398,0.49385,0.51344,0.58439,0.65075,pd_off_closed
0.050522,0.10474,0.12998,0.39347,0.32128,0.66719,0.62725,0.59152,0.58166,0.7502,0.46713,0.5414,0.5105,0.53597,0.5643,pd_off_closed
0.050216,0.10593,0.1336,0.39398,0.31628,0.55682,0.51995,0.53094,0.58347,0.6946,0.47263,0.48548,0.43364,0.49282,0.59828,pd_off_closed
0.050954,0.10508,0.13384,0.39924,0.31089,0.633,0.67863,0.60727,0.62698,0.67953,0.51376,0.52181,0.50682,0.60084,0.71941,pd_off_closed
0.051414,0.10853,0.13,0.40247,0.30759,0.59838,0.65637,0.55078,0.62936,0.63332,0.53944,0.57589,0.47982,0.53622,0.59642,pd_off_closed
0.051052,0.10099,0.12561,0.39566,0.32669,0.76652,0.70005,0.7449,0.71156,0.60353,0.75548,0.68865,0.7808,0.76864,0.78026,pd_off_closed
0.05039,0.11062,0.12947,0.39709,0.31244,0.58656,0.58661,0.55784,0.56142,0.62876,0.48805,0.51031,0.46654,0.52654,0.56445,pd_off_closed
0.053552,0.10863,0.1338,0.3969,0.30712,0.72798,0.55049,0.64389,0.57501,0.6817,0.59017,0.61522,0.5103,0.49893,0.57825,pd_off_closed
0.055404,0.11537,0.13578,0.39776,0.29569,0.64872,0.47456,0.51115,0.52777,0.58706,0.52534,0.51853,0.44098,0.46617,0.51747,pd_off_closed
0.056498,0.11889,0.13461,0.39808,0.29192,0.64193,0.47557,0.51568,0.53706,0.66825,0.52652,0.52771,0.45074,0.48268,0.5417,pd_off_closed
0.055743,0.1183,0.1346,0.40064,0.29071,0.70891,0.49502,0.57688,0.59044,0.58861,0.53989,0.56132,0.47599,0.49916,0.59712,pd_off_closed
0.055417,0.1187,0.13584,0.39904,0.291,0.68692,0.50267,0.54806,0.54678,0.55835,0.46327,0.52717,0.44479,0.46666,0.5648,pd_off_closed
0.055891,0.11659,0.13557,0.40017,0.29178,0.78327,0.54869,0.70718,0.56846,0.5805,0.5686,0.63237,0.512,0.53411,0.53853,pd_off_closed
0.052697,0.10759,0.1362,0.40239,0.30112,0.61607,0.66028,0.61657,0.57008,0.69836,0.63448,0.56097,0.4575,0.44156,0.6718,pd_off_closed
0.053431,0.11016,0.13592,0.39963,0.30085,0.61229,0.67036,0.63719,0.57097,0.70452,0.61506,0.56868,0.48664,0.45454,0.66675,pd_off_closed
0.051808,0.10676,0.13574,0.40782,0.29787,0.60499,0.62468,0.6075,0.5135,0.61557,0.58122,0.57222,0.56906,0.51933,0.61461,pd_off_closed
0.05138,0.099994,0.13463,0.39715,0.31685,0.81827,0.64449,0.75391,0.68516,0.65472,0.66562,0.68098,0.72374,0.709,0.81614,pd_off_closed
0.052687,0.1069,0.13228,0.40559,0.30254,0.65977,0.69855,0.67787,0.6063,0.66572,0.5664,0.59666,0.58497,0.55946,0.68292,pd_off_closed
0.052947,0.1094,0.13531,0.40499,0.29735,0.67814,0.66678,0.67185,0.61522,0.579,0.66111,0.60922,0.59613,0.60071,0.67161,pd_off_closed
0.052937,0.10363,0.13359,0.40415,0.30569,0.70563,0.72532,0.7095,0.63725,0.71867,0.69291,0.66387,0.72113,0.69265,0.71418,pd_off_closed
0.057486,0.11777,0.13419,0.39211,0.29844,0.7405,0.67294,0.68979,0.6348,0.69918,0.68542,0.59398,0.64705,0.68327,0.69439,pd_off_closed
0.056991,0.11645,0.13189,0.39486,0.29981,0.7017,0.67383,0.6473,0.63379,0.64245,0.6043,0.56049,0.64906,0.65999,0.65841,pd_off_closed
0.056631,0.11735,0.13154,0.39833,0.29615,0.71438,0.67997,0.66837,0.70011,0.66562,0.70105,0.70178,0.68369,0.68612,0.70998,pd_off_closed
0.056924,0.11803,0.13382,0.39687,0.29435,0.68777,0.62655,0.64964,0.6246,0.69514,0.69769,0.6441,0.63888,0.68967,0.67449,pd_off_closed
0.055403,0.11661,0.13299,0.39728,0.29772,0.72951,0.66926,0.64884,0.67424,0.62496,0.61493,0.58449,0.60651,0.62576,0.65026,pd_off_closed
0.05664,0.11716,0.13392,0.39518,0.29711,0.68958,0.56593,0.64481,0.57037,0.56731,0.65547,0.53896,0.5969,0.62016,0.66697,pd_off_closed
0.049693,0.099043,0.12786,0.39312,0.33028,0.70224,0.6766,0.67442,0.62624,0.57333,0.66847,0.61338,0.70035,0.68569,0.69182,pd_off_closed
0.051586,0.10456,0.1309,0.39476,0.31819,0.76037,0.6946,0.70796,0.70848,0.67351,0.70601,0.77445,0.79041,0.76852,0.77543,pd_off_closed
0.04943,0.097657,0.13516,0.38805,0.3297,0.48268,0.52008,0.55357,0.67919,0.48754,0.49358,0.54932,0.54493,0.54467,0.63241,pd_off_closed
0.053482,0.10823,0.13605,0.39237,0.30986,0.48934,0.5073,0.4956,0.59932,0.55445,0.41957,0.48451,0.47967,0.46694,0.5794,pd_off_closed
0.050018,0.096226,0.13007,0.38624,0.33745,0.62862,0.64698,0.66793,0.69803,0.57876,0.62147,0.65064,0.64488,0.65002,0.63151,pd_off_closed
0.051395,0.097864,0.13152,0.39034,0.32888,0.65872,0.68702,0.6904,0.6654,0.55772,0.6044,0.67464,0.68691,0.69355,0.69702,pd_off_closed
0.051463,0.098648,0.13012,0.38404,0.33573,0.5845,0.63567,0.68574,0.76641,0.56082,0.59361,0.62606,0.62669,0.66741,0.78014,pd_off_closed
0.052397,0.099395,0.1342,0.38356,0.33045,0.58714,0.58408,0.6285,0.73307,0.59389,0.60797,0.63114,0.58041,0.59548,0.77973,pd_off_closed
0.052586,0.096942,0.12823,0.38636,0.33587,0.66166,0.67228,0.69947,0.75492,0.67432,0.68764,0.64209,0.63264,0.67886,0.78439,pd_off_closed
0.048789,0.099087,0.13076,0.39913,0.32223,0.69471,0.57557,0.63244,0.6099,0.69272,0.61583,0.52734,0.57089,0.66669,0.71704,pd_off_closed
0.049241,0.097408,0.12999,0.40076,0.3226,0.66272,0.71818,0.65063,0.58469,0.73237,0.63899,0.47263,0.62658,0.62964,0.67887,pd_off_closed
0.04908,0.097844,0.13058,0.40291,0.31959,0.73355,0.70259,0.62403,0.55997,0.68811,0.62844,0.49352,0.60694,0.68059,0.63185,pd_off_closed
0.049292,0.097388,0.13209,0.4026,0.31863,0.722,0.66629,0.61603,0.619,0.72377,0.54174,0.44825,0.60986,0.63702,0.62576,pd_off_closed
0.049739,0.098721,0.13234,0.39752,0.32168,0.72982,0.65231,0.6131,0.58634,0.66185,0.64572,0.52786,0.6088,0.6477,0.69154,pd_off_closed
0.053153,0.11045,0.13507,0.39193,0.30941,0.46338,0.51239,0.46932,0.59825,0.56277,0.40672,0.45356,0.46809,0.46671,0.59943,pd_off_closed
0.049647,0.098826,0.13094,0.39947,0.32112,0.68443,0.64341,0.56249,0.57329,0.66171,0.61559,0.55708,0.64724,0.65708,0.67069,pd_off_closed
0.053242,0.10808,0.13704,0.38336,0.31828,0.66977,0.666,0.73538,0.68789,0.73685,0.67285,0.53118,0.6253,0.64571,0.68268,pd_off_closed
0.052793,0.10766,0.13872,0.38775,0.31308,0.61437,0.59485,0.66464,0.73919,0.71463,0.69314,0.54545,0.59471,0.66645,0.67335,pd_off_closed
0.052674,0.10776,0.1385,0.38686,0.31421,0.64194,0.59422,0.73047,0.70383,0.68979,0.66643,0.53846,0.59465,0.63151,0.6808,pd_off_closed
0.056697,0.11165,0.13855,0.38326,0.30986,0.64697,0.66135,0.70624,0.67087,0.7441,0.64764,0.52627,0.58699,0.59959,0.6805,pd_off_closed
0.055037,0.10748,0.13761,0.38447,0.3154,0.69588,0.65592,0.73241,0.74162,0.71999,0.67435,0.53273,0.62901,0.65315,0.6824,pd_off_closed
0.055782,0.11322,0.1412,0.38126,0.30854,0.59297,0.55663,0.67207,0.65956,0.67464,0.57886,0.54308,0.58369,0.61544,0.59415,pd_off_closed
0.053502,0.10853,0.14746,0.3835,0.30701,0.51866,0.44058,0.40122,0.49825,0.45697,0.43711,0.41483,0.40771,0.38392,0.51332,pd_off_closed
0.055676,0.11003,0.14025,0.38696,0.30708,0.73,0.62452,0.60764,0.69936,0.5671,0.62041,0.6156,0.59074,0.60881,0.68295,pd_off_closed
0.055383,0.11221,0.14024,0.38261,0.30956,0.73407,0.6289,0.58438,0.67259,0.59243,0.59575,0.62394,0.55476,0.59232,0.63726,pd_off_closed
0.054408,0.11195,0.13598,0.38985,0.3078,0.44481,0.48076,0.46432,0.5216,0.49442,0.36346,0.39912,0.46281,0.45805,0.54103,pd_off_closed
0.053801,0.10983,0.14,0.39314,0.30323,0.73982,0.63887,0.59037,0.66425,0.60212,0.58973,0.58796,0.63883,0.62119,0.71082,pd_off_closed
0.056439,0.11352,0.14413,0.38502,0.30089,0.72065,0.58737,0.58547,0.62739,0.53898,0.62289,0.59108,0.6131,0.59819,0.63241,pd_off_closed
0.055236,0.11065,0.14401,0.38317,0.30693,0.74564,0.57527,0.54843,0.61516,0.47276,0.61036,0.50326,0.52115,0.59657,0.64763,pd_off_closed
0.049861,0.10464,0.13097,0.39687,0.31766,0.65558,0.60433,0.61153,0.63237,0.70214,0.73311,0.60939,0.5171,0.55739,0.58262,pd_off_closed
0.052596,0.1092,0.13164,0.39071,0.31586,0.63632,0.52178,0.57547,0.64117,0.68327,0.71842,0.63769,0.56597,0.56225,0.56956,pd_off_closed
0.051202,0.10803,0.12828,0.39256,0.31993,0.67067,0.56321,0.63279,0.69489,0.74906,0.76639,0.65109,0.60717,0.62214,0.57325,pd_off_closed
0.052831,0.11036,0.12814,0.39347,0.3152,0.64367,0.60504,0.62897,0.65661,0.67243,0.69398,0.70031,0.63362,0.62757,0.60371,pd_off_closed
0.052608,0.11008,0.12907,0.38748,0.32075,0.70638,0.57707,0.63437,0.6391,0.7545,0.74584,0.65429,0.55029,0.57243,0.57266,pd_off_closed
0.051265,0.10747,0.12906,0.38851,0.32369,0.60505,0.61161,0.6064,0.69733,0.66029,0.67751,0.682,0.62636,0.61811,0.62203,pd_off_closed
0.054047,0.10801,0.13868,0.38683,0.31243,0.53041,0.45056,0.5095,0.60833,0.70379,0.6452,0.53868,0.47652,0.51237,0.54233,pd_off_closed
0.053152,0.11212,0.13513,0.38872,0.31087,0.44484,0.46456,0.43378,0.50332,0.46265,0.36361,0.41304,0.45948,0.45143,0.59071,pd_off_closed
0.055289,0.10956,0.13902,0.3875,0.30863,0.64967,0.62679,0.60883,0.58394,0.63269,0.60264,0.66186,0.65456,0.62979,0.65493,pd_off_closed
0.052723,0.10962,0.13719,0.38962,0.31085,0.56842,0.50212,0.5283,0.60758,0.68041,0.65025,0.54354,0.50813,0.54469,0.52369,pd_off_closed
0.054852,0.10943,0.13673,0.39059,0.3084,0.61402,0.52213,0.55607,0.64805,0.66017,0.6545,0.59323,0.57159,0.62657,0.56204,pd_off_closed
0.054535,0.11008,0.13682,0.38682,0.31174,0.68167,0.68003,0.68857,0.72647,0.67183,0.68197,0.67021,0.68108,0.7043,0.69957,pd_off_closed
0.053298,0.10742,0.13534,0.38949,0.31445,0.67424,0.57392,0.63253,0.67748,0.6588,0.71411,0.63843,0.5994,0.69078,0.59431,pd_off_closed
0.053319,0.10714,0.13556,0.39487,0.30911,0.71018,0.63518,0.71776,0.7631,0.74848,0.71062,0.69573,0.65479,0.64081,0.60849,pd_off_closed
0.052754,0.10601,0.13543,0.39235,0.31346,0.70488,0.70375,0.7048,0.73657,0.70892,0.71063,0.68944,0.66819,0.63339,0.658,pd_off_closed
0.053032,0.10608,0.13503,0.39687,0.30898,0.70109,0.59446,0.69001,0.71531,0.75918,0.68107,0.66033,0.58152,0.54402,0.61782,pd_off_closed
0.054771,0.10632,0.13468,0.395,0.30923,0.71427,0.63642,0.71571,0.71152,0.72733,0.70107,0.6109,0.60235,0.63613,0.62887,pd_off_closed
0.053649,0.10849,0.1331,0.39484,0.30992,0.75629,0.71816,0.74628,0.75842,0.74341,0.75992,0.70196,0.64762,0.65814,0.60129,pd_off_closed
0.052705,0.11468,0.13533,0.39109,0.3062,0.41447,0.44217,0.41725,0.48705,0.4392,0.35705,0.40438,0.4315,0.42254,0.57062,pd_off_closed
0.054991,0.1067,0.1349,0.39141,0.31199,0.70084,0.70922,0.72902,0.71261,0.73047,0.69429,0.68848,0.70691,0.71168,0.65991,pd_off_closed
0.049421,0.099991,0.13496,0.39047,0.32516,0.64367,0.56543,0.61712,0.64547,0.59682,0.59601,0.62553,0.51408,0.51439,0.59485,pd_off_closed
0.049622,0.10105,0.13534,0.39372,0.32027,0.60008,0.53072,0.52856,0.56987,0.64082,0.48648,0.57125,0.55496,0.53827,0.64645,pd_off_closed
0.049582,0.10522,0.13707,0.39028,0.31785,0.57509,0.5632,0.56247,0.52862,0.63215,0.50292,0.49472,0.5452,0.53409,0.6158,pd_off_closed
0.049814,0.10211,0.13698,0.3925,0.31859,0.5776,0.50812,0.572,0.49166,0.63939,0.49517,0.44243,0.5124,0.53177,0.57063,pd_off_closed
0.050581,0.1004,0.13527,0.39396,0.31979,0.60038,0.58076,0.59568,0.50913,0.6254,0.50406,0.5037,0.57513,0.56878,0.56896,pd_off_closed
0.052731,0.098437,0.13461,0.39116,0.32307,0.6988,0.57229,0.63636,0.60414,0.68561,0.57388,0.61622,0.5402,0.54679,0.59899,pd_off_closed
0.052012,0.11453,0.13104,0.3872,0.31522,0.63202,0.57121,0.55461,0.67528,0.64104,0.56991,0.50987,0.50438,0.50828,0.61931,pd_off_closed
0.054273,0.1197,0.13432,0.37864,0.31307,0.59812,0.50857,0.50182,0.68382,0.60677,0.49024,0.474,0.49869,0.50153,0.56577,pd_off_closed
0.054231,0.11623,0.1336,0.38297,0.31297,0.67426,0.59939,0.57939,0.68474,0.69464,0.51077,0.5365,0.57275,0.56447,0.56713,pd_off_closed
0.053752,0.11354,0.12934,0.38574,0.31763,0.74332,0.61875,0.6211,0.60977,0.66367,0.68903,0.6009,0.57732,0.48887,0.71539,pd_off_closed
0.054774,0.11809,0.13209,0.38403,0.31102,0.69116,0.58449,0.57908,0.63495,0.72305,0.5633,0.5064,0.5356,0.53522,0.51329,pd_off_closed
0.055858,0.11871,0.13509,0.38239,0.30796,0.52833,0.55038,0.52092,0.58354,0.60158,0.50227,0.48789,0.53021,0.52679,0.61782,pd_off_closed
0.055839,0.12106,0.13444,0.37864,0.31002,0.56077,0.48164,0.49192,0.58199,0.66239,0.56062,0.52425,0.50257,0.50506,0.59632,pd_off_closed
0.052988,0.10309,0.14405,0.39964,0.30023,0.44283,0.39686,0.38036,0.45643,0.63034,0.38184,0.43676,0.3864,0.3933,0.50431,pd_off_closed
0.052293,0.1029,0.1459,0.39876,0.30015,0.43203,0.36548,0.3545,0.55994,0.65005,0.3875,0.40924,0.38989,0.40028,0.42946,pd_off_closed
0.053056,0.1053,0.14347,0.39405,0.30411,0.461,0.40422,0.40585,0.55506,0.69157,0.42375,0.32681,0.47449,0.49513,0.61621,pd_off_closed
0.05348,0.10449,0.14032,0.39238,0.30933,0.49001,0.49141,0.4452,0.65211,0.709,0.4584,0.47353,0.53754,0.54951,0.59364,pd_off_closed
0.053074,0.10681,0.13997,0.3976,0.30255,0.53592,0.49611,0.51197,0.5747,0.69262,0.48473,0.40221,0.54232,0.55575,0.64156,pd_off_closed
0.051561,0.10274,0.14116,0.40061,0.30394,0.47584,0.50809,0.4741,0.62041,0.62722,0.57398,0.39129,0.52353,0.53519,0.66859,pd_off_closed
0.05196,0.10644,0.12681,0.39032,0.32447,0.65405,0.72612,0.63912,0.63438,0.73868,0.63986,0.62174,0.63932,0.65878,0.61421,pd_off_closed
0.057197,0.11611,0.12329,0.38084,0.32256,0.64646,0.65848,0.65236,0.6161,0.61765,0.62343,0.56736,0.65731,0.60288,0.73008,pd_off_closed
0.053088,0.11248,0.13107,0.38372,0.31964,0.58879,0.73054,0.56637,0.62055,0.7871,0.63591,0.59607,0.59094,0.60669,0.5871,pd_off_closed
0.056238,0.11642,0.13088,0.38667,0.3098,0.59151,0.69229,0.60858,0.6311,0.81264,0.70068,0.6849,0.61105,0.58399,0.59894,pd_off_closed
0.054124,0.11666,0.13277,0.38506,0.31138,0.52905,0.70344,0.54511,0.62345,0.77721,0.62304,0.58387,0.51821,0.4845,0.53686,pd_off_closed
0.055978,0.11784,0.13261,0.38414,0.30943,0.56157,0.64896,0.5746,0.6428,0.74685,0.65486,0.59535,0.57406,0.59715,0.63015,pd_off_closed
0.053418,0.11789,0.13173,0.38787,0.30909,0.52299,0.70916,0.52582,0.53426,0.77202,0.58405,0.61432,0.54077,0.55557,0.54446,pd_off_closed
0.054096,0.1022,0.12975,0.39261,0.32134,0.72243,0.72969,0.75844,0.78943,0.76977,0.55742,0.74157,0.7136,0.72304,0.75247,pd_off_closed
0.053818,0.1028,0.13206,0.39855,0.31278,0.56322,0.69038,0.72638,0.68679,0.6548,0.46555,0.60997,0.51497,0.54548,0.711,pd_off_closed
0.055097,0.10262,0.13488,0.39552,0.31188,0.65797,0.73578,0.76768,0.7479,0.72458,0.46106,0.58636,0.54514,0.57897,0.67874,pd_off_closed
0.054187,0.10468,0.13341,0.39863,0.3091,0.59001,0.71015,0.72588,0.73836,0.70304,0.389,0.59828,0.52803,0.57608,0.68234,pd_off_closed
0.054784,0.10357,0.13315,0.40041,0.30809,0.61501,0.69082,0.73343,0.71887,0.65692,0.4251,0.58281,0.49211,0.56487,0.66955,pd_off_closed
0.055497,0.11725,0.12621,0.38347,0.31757,0.61906,0.64915,0.65592,0.68959,0.68637,0.59926,0.59224,0.66572,0.65906,0.76221,pd_off_closed
0.05685,0.10489,0.13508,0.39138,0.31181,0.5745,0.64162,0.71017,0.73572,0.77044,0.44227,0.5139,0.48426,0.54658,0.65287,pd_off_closed
0.051212,0.10103,0.13648,0.39322,0.31806,0.61881,0.50384,0.5579,0.58922,0.56841,0.44995,0.44677,0.49738,0.49125,0.60374,pd_off_closed
0.053311,0.10581,0.14059,0.39175,0.30855,0.59037,0.43888,0.53532,0.56651,0.51544,0.48449,0.43608,0.42686,0.42332,0.52042,pd_off_closed
0.051915,0.1039,0.1386,0.39105,0.31453,0.56674,0.42344,0.50572,0.58137,0.54191,0.44825,0.41858,0.44916,0.44555,0.49698,pd_off_closed
0.053059,0.10562,0.14273,0.39453,0.30406,0.47077,0.39099,0.4419,0.55489,0.50951,0.46208,0.41791,0.36226,0.3603,0.52021,pd_off_closed
0.054128,0.10413,0.14202,0.39147,0.30825,0.48753,0.39712,0.43828,0.52702,0.58139,0.40081,0.4234,0.39901,0.39643,0.5563,pd_off_closed
0.052865,0.10668,0.14175,0.39387,0.30484,0.61221,0.40951,0.51951,0.58708,0.5363,0.48659,0.43112,0.42483,0.42485,0.53225,pd_off_closed
0.049441,0.095971,0.13357,0.41148,0.30954,0.60653,0.65345,0.65957,0.68302,0.58466,0.59365,0.57053,0.59701,0.62111,0.65874,pd_off_closed
0.05058,0.097362,0.13489,0.409,0.30817,0.64822,0.63772,0.62398,0.61367,0.63699,0.61863,0.51191,0.57407,0.61875,0.74553,pd_off_closed
0.049841,0.098316,0.13625,0.41122,0.30437,0.63168,0.59385,0.64626,0.67098,0.61631,0.60906,0.51909,0.52171,0.57809,0.67714,pd_off_closed
0.054001,0.098703,0.13285,0.39854,0.3159,0.77691,0.59844,0.61338,0.73494,0.76906,0.75389,0.76014,0.58911,0.56219,0.56623,hc_closed
0.051798,0.10593,0.13653,0.40209,0.30365,0.43369,0.42411,0.42984,0.63376,0.74615,0.40492,0.40374,0.33524,0.34113,0.63608,hc_closed
0.052322,0.10243,0.13901,0.40905,0.29719,0.60171,0.62254,0.61922,0.65457,0.63382,0.53484,0.54767,0.35054,0.45407,0.6627,hc_closed
0.051428,0.1043,0.13511,0.40762,0.30154,0.64932,0.59583,0.60772,0.71054,0.62222,0.68525,0.6598,0.49679,0.56705,0.72335,hc_closed
0.052169,0.10035,0.13613,0.40879,0.30257,0.60567,0.61027,0.65106,0.67222,0.52084,0.53271,0.54003,0.31006,0.40105,0.7158,hc_closed
0.052326,0.095868,0.12369,0.39906,0.32905,0.72944,0.79333,0.75685,0.65754,0.72823,0.70986,0.74865,0.74968,0.73291,0.79518,hc_closed
0.052254,0.097671,0.12198,0.40263,0.32547,0.79854,0.76698,0.71214,0.66787,0.78092,0.78607,0.77079,0.75559,0.7388,0.77507,hc_closed
0.053102,0.10173,0.12421,0.40159,0.31936,0.82274,0.79762,0.78675,0.71186,0.77496,0.81995,0.79751,0.79729,0.80223,0.76185,hc_closed
0.054036,0.09857,0.12444,0.40402,0.31894,0.74866,0.77832,0.76164,0.66101,0.79809,0.7734,0.74925,0.76783,0.77683,0.76181,hc_closed
0.054612,0.10083,0.12642,0.40643,0.31171,0.82171,0.801,0.75785,0.6642,0.78283,0.7544,0.78588,0.7858,0.77913,0.78688,hc_closed
0.052742,0.10336,0.12815,0.40288,0.31287,0.76003,0.75967,0.75447,0.68705,0.79074,0.80267,0.76613,0.75952,0.77449,0.7701,hc_closed
0.052552,0.097665,0.13104,0.39742,0.32132,0.72351,0.76664,0.66095,0.6772,0.79383,0.77729,0.67793,0.6152,0.60517,0.76894,hc_closed
0.051442,0.10582,0.1306,0.40225,0.30988,0.59576,0.66158,0.6056,0.6462,0.72953,0.55658,0.58651,0.51701,0.56117,0.62887,hc_closed
0.053239,0.1043,0.1317,0.39243,0.31833,0.73547,0.75393,0.71932,0.72638,0.75418,0.73674,0.75257,0.63182,0.65326,0.70335,hc_closed
0.05417,0.10601,0.13407,0.39513,0.31063,0.71415,0.76151,0.69022,0.73587,0.77171,0.73994,0.71506,0.67264,0.63626,0.7581,hc_closed
0.052834,0.10168,0.13047,0.39641,0.3186,0.74658,0.79593,0.7243,0.70468,0.77031,0.77002,0.68847,0.73557,0.70026,0.758,hc_closed
0.05321,0.10268,0.13363,0.3989,0.31158,0.70637,0.76699,0.63833,0.63912,0.76422,0.76102,0.63736,0.69722,0.6692,0.74399,hc_closed
0.054895,0.10276,0.13683,0.39232,0.31319,0.74473,0.76664,0.64781,0.68012,0.76245,0.73857,0.6857,0.63093,0.61677,0.71899,hc_closed
0.052717,0.10105,0.1323,0.39203,0.32191,0.67611,0.71886,0.73111,0.79103,0.75411,0.53171,0.58416,0.70711,0.74384,0.75746,hc_closed
0.052977,0.10091,0.13594,0.39056,0.31961,0.4305,0.46109,0.49672,0.65833,0.66708,0.31412,0.39156,0.50745,0.48202,0.71562,hc_closed
0.053875,0.10288,0.13664,0.39131,0.3153,0.40502,0.49799,0.49625,0.69011,0.61509,0.30883,0.36997,0.51481,0.51747,0.69698,hc_closed
0.052574,0.10296,0.139,0.39307,0.3124,0.3056,0.35183,0.39006,0.70313,0.59038,0.26048,0.28176,0.44785,0.45894,0.71284,hc_closed
0.053176,0.1033,0.1426,0.39135,0.30958,0.3839,0.39118,0.38983,0.60413,0.66226,0.34458,0.35773,0.4304,0.41435,0.62308,hc_closed
0.052679,0.10589,0.13562,0.40348,0.30233,0.49434,0.52814,0.50853,0.66974,0.71265,0.44359,0.53865,0.38878,0.3593,0.6922,hc_closed
0.053444,0.10296,0.14225,0.39338,0.30797,0.32815,0.33887,0.37556,0.64095,0.53641,0.27412,0.2658,0.35879,0.36476,0.64718,hc_closed
0.049143,0.093716,0.13191,0.41058,0.31465,0.62547,0.55752,0.54804,0.64652,0.60314,0.57082,0.52158,0.47123,0.59122,0.56662,hc_closed
0.049389,0.095251,0.13623,0.40865,0.31048,0.48512,0.43704,0.41616,0.57016,0.50758,0.51271,0.4978,0.44246,0.49108,0.52469,hc_closed
0.049413,0.095482,0.13509,0.41146,0.30855,0.50352,0.44122,0.42432,0.57694,0.49832,0.49376,0.44514,0.49698,0.5161,0.50632,hc_closed
0.049403,0.097221,0.13681,0.4064,0.31016,0.46373,0.41046,0.38606,0.53668,0.4698,0.45772,0.40456,0.39027,0.45131,0.48223,hc_closed
0.049074,0.095531,0.13619,0.4093,0.3099,0.41318,0.36727,0.34262,0.53008,0.48281,0.40429,0.36189,0.37241,0.45859,0.48204,hc_closed
0.0485,0.097632,0.13922,0.40631,0.30834,0.36919,0.36818,0.35004,0.61978,0.41904,0.38165,0.3456,0.37272,0.40765,0.52614,hc_closed
0.052291,0.10301,0.12281,0.3907,0.33119,0.77889,0.78804,0.78972,0.75987,0.79258,0.72488,0.728,0.79736,0.79741,0.76251,hc_closed
0.053999,0.10499,0.12771,0.39069,0.32261,0.80907,0.76638,0.79056,0.77393,0.79273,0.71634,0.73328,0.75381,0.75209,0.70357,hc_closed
0.053205,0.10203,0.12645,0.38856,0.32975,0.77602,0.75746,0.74232,0.7438,0.79209,0.67774,0.68338,0.76136,0.75352,0.72696,hc_closed
0.051567,0.099639,0.12884,0.40996,0.30999,0.77077,0.73219,0.73218,0.62799,0.62778,0.7474,0.66419,0.709,0.73367,0.73821,hc_closed
0.053681,0.10313,0.12863,0.39349,0.32108,0.78611,0.80764,0.7426,0.7441,0.77769,0.72341,0.72498,0.77456,0.77188,0.78931,hc_closed
0.053592,0.10292,0.12718,0.3881,0.32821,0.7785,0.78609,0.76274,0.72881,0.81619,0.68652,0.75933,0.75516,0.74793,0.75295,hc_closed
0.052617,0.10027,0.1256,0.39242,0.32909,0.81115,0.78779,0.78229,0.77147,0.83213,0.71171,0.70547,0.74559,0.72861,0.76525,hc_closed
0.052353,0.11501,0.12687,0.38319,0.32258,0.50955,0.34379,0.37338,0.52114,0.61505,0.36763,0.37704,0.35037,0.35347,0.36936,hc_closed
0.054123,0.11694,0.12718,0.37977,0.32199,0.48062,0.37121,0.38311,0.46024,0.55538,0.35407,0.36639,0.35433,0.35259,0.4401,hc_closed
0.050965,0.11273,0.12789,0.38047,0.32794,0.68287,0.41769,0.463,0.57078,0.62843,0.48394,0.52962,0.42262,0.40413,0.46104,hc_closed
0.051706,0.10901,0.12973,0.38773,0.32183,0.69789,0.50571,0.51723,0.57853,0.68303,0.60282,0.55674,0.45071,0.45014,0.55842,hc_closed
0.051796,0.1166,0.12869,0.38368,0.31923,0.46916,0.38666,0.38234,0.47019,0.53316,0.37609,0.38321,0.36812,0.38023,0.43123,hc_closed
0.051989,0.11415,0.13094,0.38553,0.31739,0.61931,0.46762,0.47547,0.51296,0.56092,0.47971,0.4425,0.39828,0.41583,0.52851,hc_closed
0.051518,0.099432,0.12906,0.40389,0.3161,0.77033,0.62194,0.6499,0.6538,0.69366,0.7174,0.62636,0.64964,0.68192,0.60402,hc_closed
0.051827,0.10088,0.12946,0.41167,0.30616,0.67119,0.65671,0.61747,0.60893,0.63167,0.62596,0.54624,0.60966,0.6483,0.70603,hc_closed
0.049754,0.09644,0.12935,0.40534,0.31912,0.72669,0.57906,0.59344,0.61264,0.65731,0.64813,0.60117,0.58141,0.64674,0.57331,hc_closed
0.049612,0.097136,0.12957,0.40665,0.31703,0.75233,0.62483,0.62802,0.60247,0.68439,0.68129,0.58431,0.61911,0.65797,0.59607,hc_closed
0.049345,0.098962,0.12578,0.39908,0.32683,0.70319,0.60145,0.63537,0.6208,0.65967,0.70462,0.60705,0.60545,0.6597,0.60408,hc_closed
0.051528,0.09944,0.12924,0.40263,0.31716,0.73668,0.58302,0.62852,0.68463,0.74569,0.65431,0.62343,0.61377,0.67241,0.58299,hc_closed
0.049864,0.10067,0.12835,0.4026,0.31851,0.74773,0.59607,0.64736,0.64019,0.61443,0.6055,0.6288,0.62069,0.66293,0.57634,hc_closed
0.052648,0.10652,0.13725,0.39561,0.30798,0.46835,0.40842,0.41431,0.63105,0.58963,0.57664,0.39871,0.38644,0.41989,0.69033,hc_closed
0.05533,0.10557,0.13631,0.3952,0.30759,0.68794,0.49528,0.50714,0.67606,0.62052,0.49517,0.46146,0.47309,0.55937,0.7001,hc_closed
0.053779,0.10462,0.13353,0.3999,0.30818,0.60112,0.53799,0.54287,0.6959,0.63993,0.64269,0.53243,0.52535,0.54493,0.7216,hc_closed
0.054019,0.10725,0.13768,0.39173,0.30932,0.44626,0.44093,0.43382,0.61885,0.60467,0.65672,0.43347,0.45772,0.48085,0.67516,hc_closed
0.055337,0.10813,0.1374,0.393,0.30613,0.39322,0.38496,0.39536,0.63588,0.58708,0.66551,0.38759,0.41649,0.41067,0.6619,hc_closed
0.052542,0.10182,0.13004,0.40743,0.30816,0.68442,0.6978,0.70359,0.64992,0.64394,0.70541,0.58381,0.70005,0.71431,0.7357,hc_closed
0.054638,0.10849,0.13536,0.39557,0.30594,0.50344,0.46124,0.46644,0.65925,0.6307,0.65151,0.47786,0.47051,0.49361,0.70353,hc_closed
0.051661,0.099661,0.1358,0.40046,0.31242,0.65536,0.64742,0.63152,0.66869,0.71808,0.71739,0.63889,0.54878,0.58556,0.6687,hc_closed
0.052245,0.10253,0.13649,0.4009,0.30783,0.68942,0.61631,0.65121,0.60558,0.72032,0.70018,0.49808,0.52422,0.58117,0.69411,hc_closed
0.051575,0.10023,0.13497,0.39732,0.31591,0.62869,0.54233,0.61121,0.65695,0.70985,0.61022,0.57215,0.51164,0.53519,0.62574,hc_closed
0.051908,0.10546,0.14127,0.39931,0.30205,0.4813,0.45526,0.49816,0.54099,0.6434,0.49856,0.40487,0.43754,0.49326,0.65359,hc_closed
0.052626,0.10517,0.14288,0.39866,0.30066,0.34916,0.34845,0.35962,0.61606,0.69543,0.34142,0.33359,0.36687,0.39185,0.64213,hc_closed
0.051916,0.1039,0.13813,0.39269,0.31336,0.44353,0.4646,0.47464,0.62256,0.71429,0.46941,0.45858,0.47538,0.51569,0.70525,hc_closed
0.050726,0.096733,0.12672,0.41651,0.30931,0.63235,0.64616,0.62975,0.67062,0.56483,0.68826,0.64983,0.65556,0.69303,0.74934,hc_closed
0.052177,0.099817,0.13821,0.40379,0.30601,0.52721,0.56287,0.53753,0.65378,0.66586,0.54986,0.42393,0.5511,0.522,0.63584,hc_closed
0.053345,0.10205,0.13959,0.40252,0.3025,0.46162,0.51032,0.41375,0.71201,0.64555,0.44606,0.37891,0.57173,0.56038,0.74564,hc_closed
0.049706,0.10348,0.14133,0.39993,0.30555,0.35676,0.39798,0.32353,0.61895,0.63827,0.36597,0.30797,0.47125,0.46571,0.6512,hc_closed
0.051734,0.10276,0.14317,0.39983,0.30251,0.36813,0.39295,0.33788,0.68058,0.66575,0.39617,0.37332,0.50337,0.47554,0.69772,hc_closed
0.050948,0.10145,0.14179,0.39973,0.30609,0.3915,0.39952,0.35301,0.71794,0.68757,0.41819,0.36767,0.44316,0.43719,0.71111,hc_closed
0.054354,0.10177,0.13867,0.39423,0.31098,0.52747,0.55429,0.45775,0.72715,0.71443,0.53649,0.45797,0.62106,0.59802,0.78977,hc_closed
0.052674,0.099339,0.12887,0.41169,0.30742,0.66806,0.71795,0.6939,0.60536,0.57807,0.72187,0.60955,0.7019,0.71375,0.68496,hc_closed
0.053992,0.098566,0.12997,0.41428,0.30319,0.66715,0.65826,0.68316,0.62426,0.63593,0.66214,0.5508,0.68606,0.75005,0.71224,hc_closed
0.053647,0.10599,0.12901,0.39358,0.31777,0.71862,0.7041,0.7491,0.74158,0.73488,0.79483,0.7616,0.6266,0.58689,0.68474,hc_closed
0.054099,0.098336,0.13224,0.39688,0.31845,0.80609,0.62153,0.61177,0.75461,0.79342,0.79689,0.77493,0.59765,0.54415,0.60636,hc_closed
0.055609,0.11016,0.12781,0.38897,0.31744,0.66698,0.68229,0.72706,0.73304,0.71624,0.74943,0.73138,0.61185,0.54429,0.64467,hc_closed
0.054288,0.11029,0.13385,0.39105,0.31052,0.65826,0.68325,0.75231,0.61612,0.66356,0.7247,0.63651,0.64909,0.61627,0.63215,hc_closed
0.055145,0.1097,0.13048,0.38855,0.31613,0.72995,0.73879,0.71855,0.67564,0.66979,0.71149,0.68816,0.68833,0.61112,0.7221,hc_closed
0.054619,0.10837,0.12762,0.3917,0.31769,0.68794,0.65395,0.78005,0.76442,0.76624,0.75028,0.75099,0.63308,0.57606,0.67154,hc_closed
0.053981,0.10998,0.13036,0.39001,0.31566,0.64265,0.64213,0.76715,0.7437,0.77781,0.76124,0.7661,0.67291,0.6276,0.65529,hc_closed
0.053152,0.10417,0.12762,0.41039,0.30467,0.74568,0.72128,0.69093,0.75304,0.74676,0.70182,0.74202,0.71852,0.68926,0.66361,hc_closed
0.051667,0.10334,0.12857,0.41412,0.30229,0.69041,0.69518,0.64708,0.64003,0.69088,0.6818,0.66773,0.65113,0.67546,0.67018,hc_closed
0.052888,0.10499,0.12847,0.41514,0.29851,0.72272,0.72235,0.68996,0.58404,0.74021,0.74803,0.71208,0.72187,0.70714,0.69105,hc_closed
0.053037,0.10497,0.12937,0.40531,0.30731,0.77282,0.7435,0.71604,0.6827,0.77971,0.73627,0.71688,0.72095,0.71333,0.73302,hc_closed
0.053349,0.1015,0.12386,0.41426,0.30704,0.72136,0.73361,0.69667,0.72697,0.76388,0.71078,0.70449,0.72917,0.7359,0.71918,hc_closed
0.054983,0.097696,0.13365,0.39589,0.31778,0.79064,0.65219,0.65747,0.7224,0.76531,0.78217,0.74148,0.65548,0.61049,0.6244,hc_closed
0.052144,0.1035,0.12732,0.41238,0.30464,0.67739,0.69009,0.66372,0.69623,0.74402,0.72468,0.71672,0.70735,0.72299,0.68812,hc_closed
0.052545,0.098992,0.1333,0.40267,0.31249,0.69868,0.72269,0.7196,0.68957,0.57257,0.72731,0.6992,0.60822,0.6762,0.73389,hc_closed
0.052411,0.10009,0.13418,0.40041,0.31291,0.71621,0.66033,0.66229,0.66131,0.59041,0.71261,0.56865,0.54226,0.61736,0.72929,hc_closed
0.050649,0.098227,0.13896,0.40354,0.30862,0.67398,0.57672,0.52553,0.48493,0.62416,0.65254,0.49605,0.40421,0.45548,0.651,hc_closed
0.052526,0.099605,0.13728,0.39877,0.31182,0.76314,0.67854,0.66033,0.58581,0.76246,0.71184,0.52802,0.46057,0.5535,0.70967,hc_closed
0.051328,0.097655,0.13456,0.40712,0.30933,0.76049,0.62257,0.64945,0.57157,0.69811,0.72415,0.63536,0.57984,0.61917,0.70539,hc_closed
0.050968,0.10028,0.13974,0.39988,0.30913,0.68733,0.5352,0.54863,0.5092,0.60521,0.59843,0.45316,0.42119,0.50034,0.59883,hc_closed
0.049946,0.10469,0.13415,0.40568,0.30553,0.5583,0.55195,0.60946,0.55087,0.60277,0.55394,0.47601,0.55225,0.59488,0.623,hc_closed
0.051621,0.10801,0.13314,0.40861,0.29862,0.62722,0.60739,0.65663,0.58486,0.60264,0.5865,0.53725,0.60954,0.63952,0.63779,hc_closed
0.050367,0.10403,0.13304,0.41002,0.30254,0.62884,0.64101,0.64787,0.5758,0.6259,0.57375,0.53498,0.60773,0.6507,0.60931,hc_closed
0.055398,0.099286,0.13273,0.39347,0.31911,0.79831,0.63768,0.61604,0.6876,0.78823,0.78155,0.73247,0.61974,0.57923,0.60436,hc_closed
0.050196,0.10654,0.13262,0.41174,0.29891,0.55058,0.54642,0.59656,0.57514,0.61005,0.54328,0.48754,0.57228,0.60717,0.67802,hc_closed
0.050171,0.10361,0.13158,0.41147,0.30318,0.61028,0.60395,0.62072,0.52342,0.54973,0.58204,0.51355,0.61404,0.65442,0.60825,hc_closed
0.051434,0.10489,0.13215,0.40921,0.30233,0.63228,0.64586,0.62132,0.60218,0.6053,0.59116,0.5757,0.60727,0.61641,0.60375,hc_closed
0.053275,0.101,0.14076,0.39255,0.31242,0.7563,0.42886,0.7638,0.66024,0.78965,0.35955,0.37918,0.43929,0.47495,0.50319,hc_closed
0.053019,0.098097,0.14095,0.39335,0.31459,0.66675,0.49572,0.72336,0.68281,0.74246,0.44546,0.41522,0.49258,0.5039,0.61096,hc_closed
0.05336,0.099425,0.14091,0.39297,0.31333,0.79538,0.46042,0.76495,0.56186,0.71962,0.54575,0.47201,0.52608,0.48203,0.57643,hc_closed
0.054247,0.10212,0.14225,0.3945,0.30688,0.75458,0.3839,0.71485,0.57987,0.68688,0.30808,0.34784,0.43873,0.40251,0.42353,hc_closed
0.05393,0.10069,0.14714,0.39123,0.30701,0.71819,0.39598,0.71064,0.59416,0.73187,0.31064,0.32599,0.42233,0.40308,0.40184,hc_closed
0.052434,0.1015,0.14567,0.39052,0.30988,0.74166,0.4361,0.71865,0.58104,0.64835,0.33257,0.35873,0.48672,0.45847,0.4455,hc_closed
0.052118,0.10722,0.13259,0.40384,0.30423,0.68341,0.69699,0.66295,0.65715,0.73273,0.60643,0.60171,0.66685,0.61699,0.69509,hc_closed
0.055074,0.10101,0.12852,0.4,0.31539,0.79715,0.68801,0.65368,0.7297,0.79237,0.79641,0.77041,0.72753,0.66823,0.66225,hc_closed
0.052232,0.10611,0.13106,0.40366,0.30694,0.73084,0.63379,0.71206,0.66799,0.74704,0.67816,0.61488,0.63392,0.66838,0.66882,hc_closed
0.052476,0.10441,0.13237,0.41134,0.29941,0.64549,0.62056,0.67301,0.6709,0.65971,0.59943,0.62238,0.61472,0.63928,0.69395,hc_closed
0.053806,0.11331,0.13688,0.40317,0.29283,0.62739,0.62393,0.66883,0.6045,0.64184,0.57968,0.70438,0.58213,0.59698,0.59595,hc_closed
0.051924,0.11182,0.13358,0.40435,0.29833,0.66936,0.55258,0.60632,0.63607,0.58337,0.67567,0.65911,0.5481,0.56955,0.64013,hc_closed
0.053249,0.11081,0.13216,0.40703,0.29675,0.68014,0.64935,0.62137,0.66995,0.69821,0.63739,0.61842,0.63419,0.63392,0.65953,hc_closed
0.053442,0.10096,0.13365,0.39218,0.31977,0.67487,0.6706,0.64134,0.61926,0.80543,0.60539,0.52238,0.61737,0.65638,0.66076,hc_closed
0.053102,0.10963,0.13491,0.39554,0.30682,0.55626,0.58111,0.56752,0.6143,0.6074,0.49607,0.45016,0.56985,0.62244,0.5323,hc_closed
0.053894,0.10978,0.13383,0.39522,0.30728,0.54801,0.60774,0.55161,0.64779,0.68479,0.53588,0.4662,0.53701,0.57404,0.54053,hc_closed
0.054158,0.10722,0.1323,0.39586,0.31046,0.56612,0.60262,0.58871,0.59209,0.74132,0.5601,0.53278,0.62747,0.6511,0.65563,hc_closed
0.054318,0.11289,0.13421,0.39375,0.30483,0.55275,0.64212,0.58936,0.65054,0.74504,0.53391,0.46006,0.57727,0.61819,0.58953,hc_closed
0.054114,0.10059,0.13209,0.39933,0.31388,0.77611,0.67849,0.67458,0.7161,0.7785,0.78362,0.74509,0.68202,0.63328,0.64935,hc_closed
0.052742,0.10523,0.13108,0.39171,0.31923,0.57038,0.63921,0.63786,0.64148,0.79555,0.47986,0.45479,0.57872,0.64031,0.563,hc_closed
0.052549,0.10146,0.12697,0.41678,0.30223,0.65515,0.61551,0.74428,0.67785,0.70707,0.7677,0.60989,0.57386,0.62496,0.75262,hc_closed
0.055309,0.10142,0.12522,0.41705,0.301,0.73543,0.69616,0.78862,0.65512,0.71342,0.74008,0.65766,0.68009,0.71577,0.74257,hc_closed
0.054303,0.1018,0.12512,0.41486,0.30391,0.68754,0.64184,0.76292,0.71888,0.72237,0.75364,0.60376,0.6249,0.63359,0.75061,hc_closed
0.052986,0.10217,0.12921,0.41822,0.29741,0.69358,0.65914,0.76611,0.64276,0.6577,0.6943,0.58163,0.60896,0.66464,0.8107,hc_closed
0.052107,0.10267,0.1293,0.41895,0.29698,0.6249,0.59568,0.76571,0.61361,0.67255,0.67202,0.54995,0.55011,0.58428,0.69537,hc_closed
0.05334,0.10227,0.13062,0.41143,0.30235,0.67157,0.64753,0.78126,0.63393,0.67202,0.74136,0.60033,0.60737,0.64474,0.76844,hc_closed
0.056681,0.10434,0.12457,0.38417,0.33024,0.82973,0.81768,0.82313,0.78217,0.81339,0.8101,0.80891,0.81614,0.77458,0.78465,hc_closed
0.054579,0.10572,0.12322,0.39363,0.32285,0.75558,0.71899,0.7508,0.7929,0.75379,0.72295,0.75878,0.75294,0.76808,0.77281,hc_closed
0.054554,0.10501,0.12461,0.39022,0.32561,0.81324,0.81513,0.81002,0.76855,0.80676,0.8052,0.80683,0.80655,0.78357,0.79879,hc_closed
0.052404,0.099169,0.1303,0.40211,0.31602,0.54925,0.48172,0.50832,0.6312,0.74651,0.51305,0.52696,0.34453,0.34943,0.60692,hc_closed
0.056009,0.10366,0.12329,0.39026,0.32678,0.79128,0.79238,0.79419,0.71566,0.80989,0.75588,0.77536,0.80248,0.7202,0.80714,hc_closed
0.055245,0.10549,0.12319,0.39052,0.32556,0.80276,0.80339,0.78168,0.78522,0.82348,0.79037,0.81098,0.78358,0.79356,0.80933,hc_closed
0.054744,0.10591,0.1255,0.38971,0.32414,0.77203,0.79964,0.78635,0.7944,0.77125,0.75638,0.74117,0.75906,0.7893,0.67708,hc_closed
0.050832,0.099976,0.13504,0.39421,0.31995,0.73443,0.70953,0.66492,0.66635,0.70469,0.52794,0.68717,0.6665,0.67791,0.63773,hc_closed
0.051848,0.10166,0.13331,0.39393,0.31925,0.75107,0.72378,0.70158,0.68223,0.67572,0.49901,0.61503,0.66887,0.70837,0.70961,hc_closed
0.052253,0.10158,0.13635,0.39818,0.31164,0.69814,0.69651,0.62416,0.61003,0.62332,0.52252,0.6339,0.64033,0.69331,0.67722,hc_closed
0.052675,0.10374,0.13576,0.39706,0.31077,0.70512,0.66331,0.61763,0.62905,0.65337,0.53675,0.65624,0.60175,0.66386,0.58087,hc_closed
0.052137,0.10345,0.13456,0.39923,0.31063,0.76048,0.71272,0.70186,0.67715,0.7019,0.61167,0.64449,0.70331,0.7317,0.70553,hc_closed
0.052694,0.10433,0.13794,0.39816,0.30688,0.63702,0.71631,0.60463,0.61947,0.63352,0.43949,0.58915,0.67449,0.70976,0.65719,hc_closed
0.059122,0.10039,0.11443,0.38591,0.34016,0.79792,0.81413,0.81006,0.81841,0.80681,0.81757,0.82415,0.81874,0.81383,0.80209,hc_closed
0.050996,0.10495,0.12908,0.40468,0.3103,0.65429,0.67846,0.66165,0.67115,0.7436,0.60931,0.64865,0.62925,0.65112,0.75297,hc_closed
0.056866,0.10146,0.11951,0.39226,0.3299,0.82562,0.82631,0.81494,0.80688,0.81876,0.81099,0.81574,0.82528,0.826,0.79592,hc_closed
0.058829,0.10173,0.1192,0.39224,0.328,0.76653,0.77097,0.79017,0.7817,0.79724,0.7903,0.79879,0.77572,0.77486,0.7688,hc_closed
0.056154,0.099588,0.1171,0.38954,0.33762,0.81995,0.80733,0.77375,0.69982,0.80218,0.74709,0.72418,0.79669,0.79983,0.70062,hc_closed
0.054002,0.095894,0.11804,0.39767,0.33439,0.79971,0.80189,0.78674,0.6744,0.76019,0.75981,0.70028,0.78302,0.78699,0.71402,hc_closed
0.056804,0.099188,0.11933,0.39456,0.33012,0.77977,0.78932,0.80756,0.75585,0.78542,0.78624,0.78555,0.78557,0.7836,0.75817,hc_closed
0.05477,0.10654,0.12938,0.40095,0.30836,0.73677,0.74541,0.72685,0.73804,0.77195,0.73669,0.68222,0.62489,0.68992,0.77271,hc_closed
0.055334,0.10655,0.13334,0.40192,0.30285,0.7365,0.76039,0.75055,0.72375,0.73821,0.66792,0.70961,0.65831,0.71883,0.74291,hc_closed
0.054573,0.10671,0.13421,0.40156,0.30294,0.70905,0.69374,0.70479,0.71129,0.69414,0.67067,0.64551,0.6466,0.67667,0.75403,hc_closed
0.055879,0.1099,0.13764,0.40152,0.29507,0.61561,0.55234,0.57624,0.64461,0.67209,0.59327,0.55009,0.5451,0.53971,0.67065,hc_closed
0.054613,0.10668,0.14061,0.40077,0.29733,0.59764,0.63331,0.6335,0.639,0.7151,0.63168,0.58555,0.4168,0.46184,0.68406,hc_closed
0.050362,0.10568,0.1314,0.40603,0.30654,0.60025,0.72,0.66996,0.60568,0.78224,0.60125,0.59097,0.61251,0.67454,0.73469,hc_closed
0.055422,0.10797,0.13815,0.40241,0.29605,0.57475,0.58568,0.59791,0.61374,0.64274,0.59421,0.52501,0.48307,0.49821,0.63955,hc_closed
0.052153,0.095675,0.12323,0.39022,0.33872,0.7126,0.74802,0.75998,0.68207,0.7242,0.69767,0.57295,0.63707,0.6347,0.68666,hc_closed
0.052011,0.096747,0.12894,0.39071,0.33159,0.6957,0.64792,0.75923,0.68389,0.79301,0.70555,0.63224,0.62084,0.61384,0.6987,hc_closed
0.053029,0.093796,0.12217,0.39158,0.33942,0.71688,0.7422,0.82528,0.54493,0.7505,0.66472,0.58533,0.69011,0.6935,0.73833,hc_closed
0.052692,0.10064,0.13276,0.38951,0.3244,0.64464,0.74375,0.75204,0.71805,0.77133,0.68941,0.62237,0.6672,0.66663,0.69031,hc_closed
0.05287,0.098755,0.13504,0.38802,0.32532,0.53251,0.56516,0.68369,0.70449,0.79257,0.5814,0.66696,0.61486,0.60716,0.60982,hc_closed
0.053444,0.10095,0.13761,0.38725,0.32075,0.64759,0.72586,0.74068,0.72771,0.83708,0.63144,0.62659,0.60631,0.5992,0.56423,hc_closed
0.051001,0.099383,0.13299,0.40663,0.31,0.59017,0.58439,0.60524,0.68651,0.60597,0.58541,0.59129,0.37298,0.45865,0.65335,hc_closed
0.051671,0.10003,0.13752,0.40775,0.30302,0.63294,0.60173,0.58146,0.66224,0.57628,0.49806,0.56682,0.32488,0.43186,0.63255,hc_closed
0.051967,0.10259,0.13622,0.40751,0.30172,0.60192,0.56998,0.58342,0.65182,0.60876,0.58735,0.62051,0.28337,0.38395,0.61746,hc_closed
