0.052798,0.10162,0.12593,0.39332,0.32632,0.74009,0.79574,0.7517,0.73143,0.76852,0.76866,0.76021,0.74444,0.75598,0.74969,pd_off_open
0.053787,0.11287,0.12289,0.3827,0.32775,0.55318,0.68956,0.58661,0.67019,0.6518,0.64704,0.56259,0.52698,0.52033,0.73495,pd_off_open
0.051946,0.096446,0.13091,0.40601,0.31468,0.74117,0.66409,0.73357,0.72064,0.75976,0.6363,0.703,0.70975,0.6776,0.70484,pd_off_open
0.049231,0.095504,0.12574,0.40895,0.32057,0.72768,0.69286,0.7249,0.68942,0.65492,0.65806,0.64272,0.66445,0.65915,0.70311,pd_off_open
0.052413,0.098186,0.13132,0.40981,0.30827,0.71118,0.665,0.67247,0.64193,0.65843,0.66045,0.63522,0.64692,0.64272,0.72357,pd_off_open
0.047789,0.10136,0.12933,0.40177,0.31976,0.6456,0.68452,0.67668,0.56622,0.64569,0.55075,0.61289,0.77917,0.78556,0.55694,pd_off_open
0.050837,0.10029,0.1316,0.40312,0.31415,0.60092,0.66127,0.63371,0.58053,0.62968,0.55798,0.59244,0.72179,0.71409,0.58318,pd_off_open
0.049119,0.10775,0.13247,0.40275,0.30791,0.59455,0.64073,0.61621,0.52698,0.56944,0.56224,0.57486,0.66383,0.64406,0.56995,pd_off_open
0.049572,0.10516,0.13364,0.39701,0.31462,0.57717,0.64336,0.62685,0.57264,0.61305,0.5448,0.56867,0.6801,0.68323,0.60559,pd_off_open
0.048665,0.10659,0.14255,0.40305,0.29915,0.36652,0.54997,0.47094,0.42971,0.4449,0.34341,0.40473,0.6655,0.63412,0.43043,pd_off_open
0.049394,0.10816,0.13687,0.40291,0.30267,0.45891,0.58227,0.53855,0.41015,0.49403,0.39262,0.46747,0.62269,0.56207,0.44706,pd_off_open
0.052158,0.10325,0.13174,0.40383,0.30902,0.67514,0.676,0.66546,0.5914,0.66114,0.67482,0.64631,0.66184,0.68445,0.57685,pd_off_open
0.053633,0.11232,0.12934,0.38694,0.31778,0.68935,0.73565,0.69697,0.70894,0.77384,0.74641,0.6274,0.62609,0.65842,0.75534,pd_off_open
0.053267,0.1055,0.13773,0.40463,0.29888,0.69481,0.69017,0.66348,0.48104,0.59308,0.66919,0.53863,0.61813,0.64037,0.61419,pd_off_open
0.052257,0.10304,0.13966,0.40359,0.30146,0.59815,0.64079,0.62851,0.50289,0.57152,0.47643,0.527,0.57701,0.54716,0.59498,pd_off_open
0.05131,0.10724,0.14378,0.39906,0.29861,0.52228,0.55324,0.54107,0.47171,0.54834,0.37633,0.44026,0.54596,0.47871,0.5437,pd_off_open
0.052353,0.10751,0.13917,0.40224,0.29874,0.65902,0.67182,0.64362,0.54302,0.63204,0.58632,0.58107,0.64645,0.63378,0.58786,pd_off_open
0.052351,0.10673,0.13603,0.40001,0.30488,0.66759,0.62313,0.60932,0.56164,0.60338,0.60439,0.62794,0.63736,0.59521,0.57477,pd_off_open
0.054076,0.10395,0.13868,0.39092,0.31238,0.65935,0.6567,0.61025,0.50147,0.67272,0.60354,0.47033,0.59236,0.62693,0.65472,pd_off_open
0.053187,0.10305,0.13607,0.38975,0.31794,0.67998,0.71568,0.75138,0.7335,0.7239,0.6504,0.48582,0.64372,0.69711,0.71325,pd_off_open
0.053911,0.1024,0.13996,0.38971,0.31402,0.47986,0.5312,0.55805,0.53699,0.66681,0.4743,0.32096,0.49985,0.57148,0.61157,pd_off_open
0.053593,0.10433,0.14031,0.3896,0.31217,0.53254,0.56674,0.62313,0.50228,0.70814,0.48302,0.31492,0.43605,0.57242,0.6564,pd_off_open
0.054115,0.10403,0.13161,0.3886,0.32165,0.75996,0.74644,0.76376,0.73068,0.69435,0.71897,0.56579,0.72755,0.75449,0.77341,pd_off_open
0.053427,0.11408,0.1303,0.38884,0.31335,0.70867,0.74731,0.68885,0.6918,0.67058,0.70475,0.53715,0.66067,0.68354,0.72633,pd_off_open
0.052751,0.1045,0.13282,0.38663,0.3233,0.74521,0.69551,0.68911,0.57114,0.721,0.68436,0.53603,0.66569,0.69854,0.6984,pd_off_open
0.049857,0.096183,0.13457,0.3911,0.3283,0.62249,0.59058,0.59944,0.52075,0.61286,0.5476,0.46212,0.46003,0.48659,0.49013,pd_off_open
0.048877,0.098273,0.13581,0.39129,0.32575,0.61305,0.52342,0.60215,0.5122,0.62525,0.42447,0.42505,0.45242,0.49533,0.47415,pd_off_open
0.048458,0.095583,0.13429,0.39295,0.32873,0.63851,0.55991,0.63702,0.54326,0.62959,0.6071,0.51738,0.48849,0.51613,0.49725,pd_off_open
0.048658,0.098382,0.13132,0.39163,0.33001,0.65376,0.61859,0.64436,0.55348,0.59505,0.57297,0.50638,0.51538,0.57551,0.48698,pd_off_open
0.048833,0.098205,0.13502,0.393,0.32494,0.49003,0.54412,0.5797,0.49828,0.56334,0.47918,0.39419,0.38398,0.43486,0.44681,pd_off_open
0.048543,0.098597,0.13638,0.39339,0.32309,0.54754,0.50241,0.58402,0.5125,0.5925,0.54715,0.50646,0.42715,0.46251,0.43803,pd_off_open
0.051059,0.097542,0.12205,0.40857,0.32077,0.62804,0.63378,0.56779,0.61444,0.66181,0.7187,0.64695,0.72867,0.73052,0.75289,pd_off_open
0.05249,0.1001,0.12328,0.40519,0.31895,0.70397,0.70247,0.59272,0.64596,0.67636,0.75668,0.67988,0.72719,0.75202,0.77488,pd_off_open
0.051646,0.10133,0.12502,0.40284,0.31917,0.65522,0.67108,0.59451,0.60293,0.66842,0.73314,0.65899,0.73553,0.76599,0.7643,pd_off_open
0.052011,0.10707,0.12671,0.3899,0.32431,0.74688,0.74871,0.8249,0.80769,0.75636,0.72353,0.71409,0.74499,0.73862,0.77083,pd_off_open
0.050632,0.099197,0.12526,0.40764,0.31727,0.64446,0.67461,0.57767,0.63069,0.66406,0.71652,0.68709,0.69416,0.73469,0.72284,pd_off_open
0.050683,0.10056,0.12541,0.40453,0.31881,0.69922,0.72017,0.55072,0.66716,0.71351,0.73993,0.70372,0.69916,0.72345,0.7606,pd_off_open
0.050394,0.10247,0.12942,0.40724,0.31048,0.63408,0.65647,0.61566,0.63094,0.63278,0.69731,0.67011,0.73153,0.74559,0.73326,pd_off_open
0.051477,0.097504,0.12724,0.39859,0.32519,0.66479,0.66513,0.6809,0.70969,0.63665,0.70406,0.69935,0.71315,0.69894,0.69574,pd_off_open
0.052346,0.10002,0.12844,0.39597,0.32322,0.65483,0.67866,0.69056,0.72817,0.64395,0.66104,0.672,0.68988,0.66897,0.72542,pd_off_open
0.047544,0.10055,0.1302,0.39266,0.32905,0.68592,0.69382,0.73262,0.73697,0.63322,0.65509,0.66557,0.69274,0.67193,0.66155,pd_off_open
0.050322,0.10024,0.13043,0.39702,0.32199,0.67029,0.68462,0.70551,0.67555,0.60143,0.61119,0.6125,0.63004,0.63217,0.67147,pd_off_open
0.04989,0.099052,0.13446,0.40024,0.31635,0.66627,0.69844,0.69367,0.65228,0.63684,0.58349,0.59943,0.63635,0.6458,0.65991,pd_off_open
0.050379,0.098866,0.12882,0.39911,0.32283,0.63159,0.62002,0.6497,0.65032,0.64071,0.59163,0.56791,0.58828,0.59203,0.67095,pd_off_open
0.052271,0.096817,0.12564,0.41004,0.31523,0.65512,0.62726,0.68685,0.60782,0.63975,0.66974,0.62506,0.59989,0.6254,0.63197,pd_off_open
0.054715,0.10678,0.12597,0.38455,0.32798,0.74677,0.75397,0.79786,0.83643,0.80183,0.7014,0.78161,0.75276,0.73855,0.77158,pd_off_open
0.050676,0.10361,0.1272,0.40589,0.31263,0.63965,0.68471,0.65507,0.67866,0.67089,0.62807,0.66055,0.66648,0.66501,0.69612,pd_off_open
0.051034,0.10736,0.12599,0.40325,0.31236,0.62076,0.66349,0.6664,0.66205,0.63657,0.59626,0.61009,0.63072,0.66244,0.62396,pd_off_open
0.050142,0.10537,0.12472,0.4032,0.31657,0.67553,0.6646,0.68578,0.64051,0.68021,0.66921,0.65274,0.64135,0.6678,0.61084,pd_off_open
0.048745,0.10337,0.12476,0.40452,0.3186,0.61444,0.58942,0.59026,0.60474,0.63795,0.61671,0.60867,0.60417,0.59266,0.63618,pd_off_open
0.051252,0.10963,0.12992,0.39921,0.30999,0.489,0.55891,0.54236,0.63565,0.57183,0.48141,0.51481,0.55602,0.54203,0.64243,pd_off_open
0.05257,0.10472,0.1296,0.3983,0.31481,0.76568,0.71322,0.73052,0.67689,0.73239,0.65265,0.72382,0.7645,0.74882,0.75235,pd_off_open
0.051145,0.10253,0.12812,0.39912,0.31907,0.71124,0.75099,0.72339,0.75851,0.68831,0.62668,0.65322,0.74631,0.73295,0.72834,pd_off_open
0.05229,0.10701,0.13229,0.39908,0.30933,0.61271,0.60167,0.58375,0.62371,0.59623,0.54297,0.63927,0.60661,0.58972,0.60721,pd_off_open
0.052111,0.10407,0.1321,0.40153,0.31019,0.57086,0.53774,0.52357,0.56337,0.60068,0.51075,0.63644,0.59661,0.59055,0.69389,pd_off_open
0.052505,0.10558,0.13189,0.39798,0.31205,0.63104,0.52538,0.53658,0.51715,0.66224,0.62385,0.68064,0.60751,0.59845,0.68285,pd_off_open
0.053404,0.10295,0.12391,0.39139,0.32834,0.75258,0.69548,0.80627,0.81854,0.74515,0.77672,0.72999,0.78011,0.76538,0.7908,pd_off_open
0.052744,0.10326,0.13284,0.39754,0.31362,0.71696,0.65362,0.68481,0.6647,0.71846,0.63934,0.69148,0.71172,0.71718,0.72064,pd_off_open
0.052758,0.10632,0.13706,0.39574,0.30812,0.67033,0.66515,0.66803,0.59094,0.67515,0.64549,0.60108,0.58795,0.605,0.72416,pd_off_open
0.053654,0.10747,0.13478,0.3973,0.3068,0.68423,0.67282,0.68233,0.57533,0.6825,0.63235,0.62496,0.57372,0.50779,0.74807,pd_off_open
0.053062,0.10839,0.13479,0.39779,0.30597,0.66154,0.60858,0.61914,0.52783,0.53869,0.65655,0.5714,0.49674,0.45653,0.67915,pd_off_open
0.05346,0.10936,0.13604,0.40068,0.30046,0.54776,0.5183,0.58469,0.51289,0.55047,0.57107,0.50117,0.43905,0.42597,0.61498,pd_off_open
0.053261,0.11148,0.13537,0.39602,0.30388,0.60479,0.56947,0.61846,0.52964,0.63774,0.61827,0.58873,0.47099,0.46215,0.61974,pd_off_open
0.054231,0.11024,0.13615,0.39571,0.30368,0.67365,0.59937,0.67147,0.53751,0.58885,0.62244,0.58095,0.47466,0.49378,0.63258,pd_off_open
0.05368,0.10423,0.13315,0.40547,0.30348,0.68884,0.65009,0.59287,0.61037,0.66748,0.64818,0.56514,0.64627,0.65152,0.75103,pd_off_open
0.052951,0.10885,0.13384,0.40244,0.30192,0.74753,0.68184,0.6878,0.60341,0.71981,0.66007,0.61523,0.64277,0.65556,0.73458,pd_off_open
0.052856,0.10558,0.13276,0.40624,0.30257,0.63576,0.58947,0.57708,0.57201,0.5581,0.58811,0.54416,0.58391,0.59241,0.64945,pd_off_open
0.05271,0.10189,0.13279,0.39509,0.31752,0.83413,0.67754,0.82183,0.77462,0.74932,0.68334,0.70983,0.74168,0.73439,0.81164,pd_off_open
0.053357,0.10699,0.13184,0.41018,0.29764,0.68995,0.64718,0.63302,0.56663,0.69157,0.66751,0.61451,0.67215,0.65376,0.68174,pd_off_open
0.05109,0.10559,0.13404,0.40713,0.30215,0.66453,0.64797,0.6133,0.56581,0.59649,0.58532,0.56831,0.63223,0.63472,0.63623,pd_off_open
0.05252,0.10507,0.13324,0.40732,0.30185,0.64999,0.62954,0.59349,0.55175,0.63882,0.57047,0.54022,0.5934,0.58823,0.6461,pd_off_open
0.057078,0.11666,0.13484,0.39347,0.29796,0.69184,0.65343,0.5945,0.57962,0.68556,0.65838,0.58273,0.62781,0.64463,0.70714,pd_off_open
0.05722,0.11968,0.13462,0.39325,0.29523,0.63789,0.63108,0.59499,0.61957,0.68306,0.53773,0.54897,0.6199,0.63877,0.66507,pd_off_open
0.056471,0.12006,0.1353,0.39384,0.29432,0.64271,0.66947,0.49687,0.50128,0.6429,0.58542,0.50627,0.58922,0.58251,0.62403,pd_off_open
0.057494,0.11876,0.13414,0.39277,0.29684,0.70715,0.6229,0.60825,0.53288,0.71647,0.50301,0.44097,0.5473,0.58619,0.6683,pd_off_open
0.056235,0.11838,0.13464,0.39279,0.29796,0.65933,0.65346,0.57008,0.60408,0.70305,0.57694,0.56247,0.64122,0.66682,0.70473,pd_off_open
0.057259,0.11821,0.13514,0.39488,0.29451,0.63444,0.59158,0.60873,0.59928,0.70671,0.51581,0.54075,0.62989,0.64901,0.62519,pd_off_open
0.051196,0.099238,0.12502,0.39105,0.3335,0.72172,0.6876,0.73419,0.67727,0.64781,0.67487,0.62819,0.7023,0.68692,0.70315,pd_off_open
0.051899,0.10491,0.12922,0.39343,0.32054,0.77039,0.75052,0.82216,0.81375,0.81144,0.73108,0.8207,0.81849,0.79196,0.78796,pd_off_open
0.053802,0.10036,0.12132,0.39296,0.33156,0.79557,0.79473,0.80166,0.79531,0.79471,0.7992,0.79484,0.79517,0.79479,0.80079,pd_off_open
0.054082,0.10174,0.13028,0.38885,0.32505,0.76059,0.78338,0.79405,0.75816,0.78594,0.7654,0.76294,0.71728,0.69311,0.74391,pd_off_open
0.052612,0.10083,0.12765,0.3902,0.3287,0.7712,0.75908,0.78989,0.76959,0.75954,0.73322,0.75662,0.75296,0.7644,0.78879,pd_off_open
0.059988,0.099791,0.12169,0.39075,0.32778,0.81931,0.82,0.81987,0.81945,0.82,0.80004,0.81991,0.8195,0.81985,0.81802,pd_off_open
0.055935,0.097027,0.1228,0.39298,0.33125,0.86931,0.87196,0.84636,0.8697,0.87188,0.85111,0.87233,0.87265,0.8709,0.83115,pd_off_open
0.056417,0.10271,0.12911,0.38779,0.32397,0.86098,0.84968,0.85088,0.85985,0.85022,0.78957,0.84659,0.84145,0.85542,0.84156,pd_off_open
0.054134,0.10077,0.12707,0.38594,0.33208,0.76093,0.75961,0.78148,0.75931,0.75929,0.76866,0.76163,0.76528,0.75738,0.76885,pd_off_open
0.049474,0.097136,0.12393,0.40969,0.31977,0.674,0.76821,0.67594,0.62257,0.73467,0.63209,0.64836,0.65835,0.79338,0.63363,pd_off_open
0.049522,0.099342,0.12818,0.40738,0.31558,0.64371,0.70673,0.64554,0.61545,0.72649,0.60053,0.60615,0.62739,0.75244,0.61832,pd_off_open
0.049601,0.098121,0.12607,0.40407,0.32214,0.66982,0.69485,0.70193,0.67693,0.67545,0.70083,0.68358,0.68357,0.77332,0.66246,pd_off_open
0.050596,0.099373,0.12746,0.40504,0.31753,0.6505,0.67013,0.65444,0.62707,0.74798,0.62625,0.63191,0.67408,0.76442,0.65158,pd_off_open
0.049874,0.098529,0.12636,0.40475,0.32049,0.64972,0.74574,0.639,0.67321,0.73036,0.62265,0.64756,0.69109,0.7886,0.62039,pd_off_open
0.054654,0.10124,0.12973,0.38748,0.32689,0.74723,0.78827,0.77356,0.68367,0.73626,0.78661,0.75276,0.75202,0.73975,0.72061,pd_off_open
0.049535,0.10014,0.12796,0.41019,0.31217,0.53425,0.6091,0.56344,0.57401,0.72691,0.53327,0.5361,0.57732,0.76229,0.56531,pd_off_open
0.056527,0.10555,0.13906,0.38774,0.31112,0.78282,0.74564,0.75878,0.72296,0.75473,0.75751,0.61946,0.73639,0.77316,0.76764,pd_off_open
0.056006,0.10645,0.14165,0.38706,0.30883,0.74826,0.69906,0.73145,0.68987,0.70018,0.76035,0.52802,0.65094,0.69284,0.76368,pd_off_open
0.057059,0.10849,0.14113,0.38549,0.30783,0.6713,0.64976,0.70006,0.66088,0.75168,0.75809,0.52206,0.65504,0.69529,0.73452,pd_off_open
0.056861,0.1102,0.14161,0.38808,0.30324,0.68449,0.66083,0.68042,0.69538,0.74036,0.73905,0.57702,0.63491,0.71239,0.71507,pd_off_open
0.05561,0.10758,0.14113,0.38875,0.30693,0.69737,0.66354,0.66086,0.69395,0.71665,0.76617,0.4979,0.59579,0.66999,0.7743,pd_off_open
0.055169,0.10711,0.14033,0.39182,0.30557,0.7144,0.73663,0.70618,0.67709,0.63856,0.73702,0.55754,0.71577,0.7468,0.75603,pd_off_open
0.053759,0.10865,0.13678,0.38701,0.3138,0.73406,0.68436,0.68391,0.65968,0.61964,0.71754,0.6838,0.66427,0.66314,0.69582,pd_off_open
0.053824,0.10733,0.1357,0.39019,0.31296,0.74372,0.68353,0.68038,0.63406,0.65192,0.77202,0.68347,0.64986,0.67087,0.71252,pd_off_open
0.056001,0.1063,0.13571,0.38619,0.3158,0.73271,0.72553,0.71936,0.7431,0.68352,0.71975,0.71936,0.70671,0.70144,0.73027,pd_off_open
0.052207,0.10078,0.13083,0.38585,0.33033,0.77009,0.79228,0.78802,0.7223,0.74273,0.78085,0.79853,0.77668,0.77259,0.725,pd_off_open
0.054858,0.11037,0.13962,0.38878,0.30638,0.70432,0.61983,0.62729,0.69359,0.64712,0.73507,0.60595,0.65113,0.69356,0.65097,pd_off_open
0.052906,0.10708,0.13971,0.38916,0.31115,0.69228,0.68631,0.68262,0.62102,0.61357,0.70417,0.68875,0.704,0.66478,0.66202,pd_off_open
0.053753,0.10447,0.1403,0.38668,0.3148,0.74245,0.61629,0.61102,0.66288,0.66613,0.74903,0.61361,0.63744,0.64565,0.63661,pd_off_open
0.051223,0.1027,0.12919,0.39241,0.32449,0.68055,0.7236,0.70743,0.67751,0.70398,0.74321,0.69161,0.65531,0.66482,0.66801,pd_off_open
0.051277,0.10644,0.12673,0.39084,0.32471,0.76693,0.63634,0.75019,0.71434,0.76045,0.76494,0.72774,0.58672,0.61116,0.64667,pd_off_open
0.050113,0.10334,0.13121,0.39141,0.32392,0.64563,0.74078,0.69266,0.71651,0.77115,0.69214,0.65273,0.57659,0.58363,0.70895,pd_off_open
0.051113,0.10653,0.13063,0.39525,0.31647,0.65236,0.6618,0.69723,0.68812,0.76222,0.7126,0.65988,0.50767,0.54846,0.61826,pd_off_open
0.051813,0.10475,0.12857,0.39158,0.32329,0.70286,0.59923,0.67843,0.6909,0.71154,0.72073,0.70743,0.57735,0.57207,0.6376,pd_off_open
0.052251,0.10751,0.13087,0.3926,0.31676,0.64197,0.59375,0.66938,0.69436,0.67404,0.71913,0.59931,0.4503,0.4833,0.5638,pd_off_open
0.054484,0.10505,0.13302,0.39242,0.31503,0.78935,0.76617,0.77464,0.74128,0.7803,0.7645,0.74563,0.76841,0.76815,0.74397,pd_off_open
0.053444,0.10045,0.13319,0.39136,0.32156,0.72476,0.72121,0.78434,0.63606,0.78832,0.74223,0.69845,0.66985,0.66246,0.6567,pd_off_open
0.055878,0.10771,0.1333,0.38843,0.31469,0.67842,0.70664,0.67357,0.81894,0.81623,0.67016,0.74702,0.71422,0.70977,0.75302,pd_off_open
0.054171,0.10576,0.13361,0.39208,0.31438,0.74218,0.6667,0.68419,0.70674,0.73205,0.71761,0.68627,0.70879,0.70986,0.72158,pd_off_open
0.055069,0.10764,0.13225,0.38704,0.318,0.73582,0.61583,0.63628,0.71444,0.74311,0.6648,0.61311,0.65189,0.61106,0.72356,pd_off_open
0.054047,0.10928,0.13417,0.38751,0.315,0.70725,0.65309,0.64509,0.68388,0.69643,0.74697,0.71218,0.72667,0.67432,0.71104,pd_off_open
0.055461,0.10862,0.13299,0.38875,0.31418,0.70915,0.68541,0.68752,0.71172,0.72003,0.71182,0.64297,0.6712,0.65104,0.6901,pd_off_open
0.05615,0.10677,0.13027,0.3934,0.31341,0.77047,0.67073,0.78629,0.74692,0.7811,0.75582,0.71471,0.71091,0.73285,0.72448,pd_off_open
0.055753,0.10632,0.13465,0.39386,0.30941,0.68957,0.63807,0.67948,0.69561,0.77139,0.65657,0.58698,0.55655,0.60385,0.65609,pd_off_open
0.052724,0.10608,0.13566,0.39874,0.30679,0.67553,0.54338,0.5912,0.66539,0.8115,0.61953,0.60582,0.51548,0.50755,0.61016,pd_off_open
0.05353,0.10681,0.13734,0.39642,0.3059,0.72521,0.56657,0.62655,0.63773,0.77603,0.68852,0.66339,0.54833,0.56055,0.57685,pd_off_open
0.05468,0.10863,0.13651,0.39658,0.3036,0.74584,0.56732,0.69618,0.69692,0.76162,0.69503,0.62156,0.51953,0.54908,0.67335,pd_off_open
0.052394,0.10465,0.13175,0.38831,0.3229,0.75944,0.74149,0.77471,0.58268,0.70141,0.7712,0.75521,0.67001,0.65823,0.65302,pd_off_open
0.053176,0.10752,0.13672,0.39663,0.30596,0.67948,0.60479,0.62459,0.66657,0.71468,0.64273,0.63184,0.58575,0.60095,0.59768,pd_off_open
0.050746,0.099828,0.13241,0.39626,0.32076,0.68834,0.60039,0.60491,0.62514,0.71395,0.72756,0.74683,0.668,0.67773,0.64472,pd_off_open
0.051643,0.098245,0.1343,0.3957,0.32011,0.61041,0.59587,0.60799,0.58224,0.68235,0.60823,0.61717,0.6119,0.63853,0.59599,pd_off_open
0.051261,0.099083,0.13274,0.39574,0.32117,0.65348,0.63693,0.64137,0.62797,0.73321,0.67444,0.70561,0.72641,0.69908,0.64942,pd_off_open
0.05074,0.097435,0.13406,0.39853,0.31924,0.63931,0.60944,0.62694,0.59791,0.68688,0.62841,0.59326,0.65022,0.65379,0.61114,pd_off_open
0.050389,0.099243,0.13338,0.39626,0.32072,0.63884,0.6223,0.63416,0.64017,0.65663,0.64971,0.6346,0.60621,0.64152,0.66877,pd_off_open
0.051474,0.10172,0.13187,0.39667,0.31827,0.63002,0.6401,0.67592,0.67828,0.68738,0.65,0.7014,0.64152,0.64836,0.68209,pd_off_open
0.050399,0.10444,0.12054,0.38677,0.33786,0.71765,0.75024,0.69252,0.71764,0.71372,0.7181,0.6962,0.71453,0.71486,0.74149,pd_off_open
0.050934,0.10907,0.12047,0.38712,0.3324,0.72079,0.70097,0.68873,0.72652,0.71066,0.71959,0.71067,0.69107,0.69229,0.73132,pd_off_open
0.050328,0.10746,0.12464,0.38588,0.3317,0.68604,0.7585,0.71563,0.69111,0.66062,0.70319,0.66816,0.64365,0.64531,0.68927,pd_off_open
0.052748,0.10917,0.12667,0.38832,0.3231,0.65395,0.73807,0.66559,0.65909,0.6944,0.69211,0.61169,0.67435,0.64437,0.70579,pd_off_open
0.051075,0.10825,0.12558,0.38657,0.32853,0.72811,0.74679,0.67515,0.68423,0.66321,0.72371,0.69375,0.69332,0.69209,0.73887,pd_off_open
0.050317,0.10962,0.12548,0.38319,0.33139,0.72762,0.70071,0.67617,0.69542,0.63601,0.732,0.63062,0.68846,0.68958,0.71084,pd_off_open
0.050114,0.10871,0.12845,0.38879,0.32394,0.71226,0.78303,0.66735,0.6144,0.60804,0.71092,0.61075,0.64775,0.65011,0.69185,pd_off_open
0.05364,0.10137,0.12718,0.40009,0.31772,0.7345,0.68949,0.71451,0.66553,0.72418,0.69257,0.66762,0.75284,0.75733,0.78811,pd_off_open
0.052572,0.10252,0.12874,0.40367,0.31251,0.68784,0.74675,0.70091,0.64384,0.65515,0.75175,0.66112,0.68591,0.70506,0.70553,pd_off_open
0.051965,0.10267,0.129,0.40063,0.31574,0.6513,0.71139,0.65656,0.65906,0.67308,0.66816,0.61571,0.65815,0.67546,0.73891,pd_off_open
0.051816,0.1017,0.13065,0.40734,0.30849,0.59724,0.77313,0.59705,0.60553,0.62544,0.55904,0.58589,0.62308,0.62972,0.66319,pd_off_open
0.053173,0.1033,0.13627,0.39564,0.31161,0.59472,0.65833,0.58984,0.58261,0.64361,0.63708,0.6117,0.59354,0.62036,0.71307,pd_off_open
0.052694,0.10129,0.13412,0.40294,0.30896,0.5571,0.69802,0.5608,0.5548,0.56971,0.55597,0.5316,0.55661,0.57743,0.69709,pd_off_open
0.050484,0.10433,0.12358,0.38645,0.33515,0.68847,0.77277,0.70948,0.71917,0.75757,0.61268,0.58351,0.74423,0.71128,0.75122,pd_off_open
0.053611,0.11167,0.12867,0.38601,0.32004,0.68784,0.7526,0.7059,0.68864,0.74248,0.70234,0.6027,0.68014,0.67459,0.73915,pd_off_open
0.054327,0.11266,0.13069,0.38483,0.31749,0.57875,0.61868,0.56629,0.62865,0.6776,0.53628,0.58413,0.62069,0.60414,0.67445,pd_off_open
0.053548,0.11183,0.13249,0.38558,0.31655,0.53372,0.61458,0.52902,0.58896,0.63046,0.51365,0.53078,0.55346,0.55332,0.59745,pd_off_open
0.052206,0.11441,0.12972,0.38458,0.31908,0.59099,0.72096,0.54723,0.6078,0.7225,0.55168,0.55795,0.58929,0.58014,0.611,pd_off_open
0.052641,0.11541,0.13043,0.38282,0.31869,0.54086,0.68775,0.52144,0.60633,0.70292,0.50998,0.6175,0.56359,0.52197,0.60205,pd_off_open
0.053801,0.11512,0.13096,0.38577,0.31436,0.61465,0.65602,0.5142,0.55558,0.70415,0.55834,0.53104,0.58368,0.53292,0.6239,pd_off_open
0.058197,0.10545,0.12366,0.39265,0.32004,0.79746,0.78274,0.78467,0.77668,0.79215,0.78964,0.80548,0.78874,0.78007,0.72908,pd_off_open
0.057839,0.10734,0.12558,0.39402,0.31522,0.77942,0.72964,0.75901,0.76986,0.77824,0.76904,0.77257,0.73659,0.73588,0.76068,pd_off_open
0.057923,0.10489,0.12732,0.39306,0.3168,0.7833,0.77626,0.81376,0.79349,0.8104,0.75041,0.76483,0.75315,0.74214,0.72008,pd_off_open
0.055827,0.10602,0.12988,0.39646,0.31181,0.75664,0.76851,0.77736,0.73199,0.76168,0.76861,0.75194,0.70308,0.70247,0.6809,pd_off_open
0.056317,0.10722,0.13001,0.39089,0.31556,0.78529,0.72108,0.743,0.74296,0.78116,0.74979,0.75258,0.73488,0.72822,0.71464,pd_off_open
0.052474,0.11088,0.1266,0.38978,0.32026,0.62563,0.71615,0.66445,0.64339,0.68739,0.70115,0.60704,0.6685,0.65,0.74311,pd_off_open
0.057477,0.10613,0.12792,0.39472,0.31376,0.76511,0.74499,0.76816,0.72892,0.76058,0.7575,0.75851,0.71706,0.70628,0.71365,pd_off_open
0.053191,0.10197,0.13477,0.39528,0.31479,0.73281,0.6538,0.6951,0.53634,0.7213,0.66107,0.54987,0.53172,0.53201,0.62867,pd_off_open
0.052277,0.1039,0.139,0.39521,0.30961,0.65518,0.54915,0.63071,0.56101,0.55113,0.54654,0.49035,0.60882,0.61324,0.65343,pd_off_open
0.052001,0.1029,0.14078,0.39683,0.30748,0.55966,0.4601,0.54738,0.54992,0.63063,0.34987,0.40022,0.47144,0.4759,0.61235,pd_off_open
0.051709,0.10256,0.13397,0.39579,0.31597,0.60383,0.54645,0.61533,0.55547,0.67662,0.47652,0.52629,0.47683,0.48033,0.63227,pd_off_open
0.050672,0.10389,0.13583,0.39345,0.31616,0.55214,0.55814,0.54791,0.50836,0.67663,0.46522,0.51212,0.51268,0.51511,0.50426,pd_off_open
0.052589,0.10769,0.14062,0.39125,0.30785,0.46304,0.49364,0.44846,0.49365,0.6706,0.42945,0.48195,0.48032,0.48395,0.49393,pd_off_open
0.050474,0.095524,0.12574,0.40512,0.32315,0.65352,0.63418,0.70797,0.78238,0.66694,0.64794,0.73284,0.74327,0.72468,0.68769,pd_off_open
0.052201,0.098603,0.13066,0.40742,0.31111,0.69381,0.66043,0.75644,0.82329,0.76569,0.6779,0.68799,0.73205,0.73086,0.67775,pd_off_open
0.051797,0.095289,0.1276,0.40972,0.31559,0.73618,0.72096,0.67893,0.65206,0.65938,0.70509,0.71354,0.7,0.72807,0.68688,pd_off_open
0.052861,0.098256,0.12804,0.38945,0.3314,0.78056,0.7766,0.78196,0.76556,0.72805,0.76962,0.75899,0.74688,0.76486,0.74523,pd_on_open
0.051675,0.11077,0.12462,0.38743,0.32551,0.6867,0.64287,0.64278,0.74214,0.81608,0.62344,0.56853,0.58795,0.65168,0.69525,pd_on_open
0.051317,0.097262,0.13176,0.41569,0.30397,0.60248,0.64626,0.61033,0.54892,0.53076,0.57399,0.64514,0.66386,0.63426,0.63294,pd_on_open
0.050853,0.097056,0.13098,0.41635,0.30475,0.61412,0.61655,0.6203,0.60318,0.63567,0.63911,0.60969,0.62191,0.61318,0.65426,pd_on_open
0.051375,0.10021,0.1314,0.41175,0.30527,0.66725,0.65625,0.67992,0.71741,0.7202,0.66351,0.613,0.61906,0.63837,0.70774,pd_on_open
0.046667,0.10127,0.1266,0.39453,0.33093,0.65632,0.63199,0.63278,0.60661,0.62546,0.61277,0.64,0.73432,0.68423,0.61389,pd_on_open
0.049647,0.10567,0.12815,0.39099,0.32553,0.56349,0.63604,0.61999,0.60932,0.64548,0.49821,0.6103,0.66316,0.65041,0.60797,pd_on_open
0.051321,0.11186,0.12803,0.38914,0.31964,0.67117,0.54446,0.56903,0.58047,0.67603,0.57877,0.58849,0.6236,0.64834,0.59572,pd_on_open
0.049591,0.106,0.12847,0.39363,0.3223,0.61377,0.5547,0.58451,0.5099,0.67008,0.52802,0.55851,0.64177,0.64606,0.54805,pd_on_open
0.05012,0.109,0.12931,0.38994,0.32163,0.59046,0.56728,0.58856,0.51529,0.67655,0.46934,0.5304,0.6372,0.64633,0.56376,pd_on_open
0.051588,0.10518,0.13695,0.3898,0.31648,0.49828,0.58048,0.53985,0.5168,0.65955,0.40551,0.5128,0.57615,0.57523,0.53878,pd_on_open
0.050615,0.10012,0.13206,0.39808,0.31912,0.63864,0.65207,0.67684,0.60449,0.69306,0.61215,0.62691,0.66987,0.61444,0.55975,pd_on_open
0.053593,0.11321,0.12304,0.38341,0.32675,0.63235,0.72383,0.63661,0.73907,0.65098,0.59771,0.61358,0.65164,0.71705,0.70728,pd_on_open
0.048094,0.10178,0.1379,0.39833,0.3139,0.50913,0.56718,0.55306,0.5669,0.57668,0.51772,0.53697,0.58159,0.55163,0.54052,pd_on_open
0.046966,0.099773,0.1333,0.4005,0.31946,0.61088,0.61268,0.62008,0.56134,0.61522,0.56706,0.58685,0.64647,0.58822,0.60162,pd_on_open
0.049727,0.10093,0.13617,0.3999,0.31328,0.5595,0.60866,0.60995,0.53801,0.65821,0.54802,0.57407,0.65084,0.56812,0.60127,pd_on_open
0.049038,0.10177,0.13637,0.39898,0.31384,0.56245,0.546,0.57626,0.54902,0.59998,0.56591,0.50919,0.5631,0.53354,0.55762,pd_on_open
0.049155,0.099962,0.13936,0.39914,0.31238,0.47177,0.48187,0.52323,0.49697,0.48304,0.43195,0.46176,0.54697,0.46619,0.53964,pd_on_open
0.055863,0.10548,0.13329,0.38886,0.31652,0.67747,0.68217,0.71355,0.7093,0.68913,0.67003,0.63255,0.63374,0.65725,0.75417,pd_on_open
0.054227,0.10537,0.12872,0.38849,0.32319,0.70742,0.67971,0.72265,0.73893,0.70866,0.71269,0.59622,0.61163,0.67455,0.76707,pd_on_open
0.054683,0.103,0.13808,0.38971,0.31453,0.63102,0.61182,0.61253,0.54081,0.70223,0.62272,0.56667,0.55975,0.55764,0.65987,pd_on_open
0.054002,0.10383,0.13979,0.39082,0.31156,0.46345,0.56679,0.63102,0.54176,0.58044,0.42118,0.38897,0.55151,0.56556,0.715,pd_on_open
0.055716,0.10589,0.13171,0.38686,0.31982,0.72134,0.70936,0.75726,0.71113,0.73596,0.6663,0.63289,0.63784,0.67549,0.7202,pd_on_open
0.051324,0.1112,0.12877,0.38469,0.32402,0.5862,0.62588,0.6159,0.68501,0.75927,0.62348,0.62028,0.63693,0.67213,0.65634,pd_on_open
0.055134,0.10437,0.13917,0.38594,0.31538,0.51086,0.61689,0.60241,0.55217,0.67291,0.46824,0.43765,0.5273,0.4954,0.70329,pd_on_open
0.050589,0.10589,0.14143,0.39629,0.30581,0.44893,0.48709,0.45845,0.52414,0.5505,0.40255,0.40787,0.43052,0.42695,0.49708,pd_on_open
0.05024,0.10136,0.13767,0.39705,0.31367,0.4581,0.53615,0.45968,0.58385,0.62834,0.40926,0.39674,0.42355,0.47028,0.54913,pd_on_open
0.050314,0.10398,0.13855,0.39569,0.31147,0.45222,0.56632,0.4405,0.5082,0.58823,0.42901,0.48714,0.40757,0.40763,0.50725,pd_on_open
0.048818,0.10244,0.13714,0.39599,0.31561,0.51026,0.69778,0.45024,0.51415,0.62138,0.45177,0.39606,0.39444,0.41455,0.53159,pd_on_open
0.050957,0.1085,0.13821,0.3965,0.30583,0.41778,0.62802,0.43112,0.49112,0.51723,0.40456,0.4647,0.41613,0.3803,0.48238,pd_on_open
0.049635,0.10189,0.1398,0.39667,0.312,0.45598,0.53591,0.43933,0.52712,0.6,0.41119,0.43316,0.38191,0.38115,0.49175,pd_on_open
0.052774,0.10037,0.1254,0.40048,0.32097,0.59772,0.68772,0.6844,0.64441,0.71406,0.652,0.57119,0.6875,0.7143,0.66979,pd_on_open
0.052198,0.10403,0.126,0.39846,0.31932,0.66242,0.73548,0.72743,0.64304,0.73373,0.58355,0.65027,0.70607,0.73112,0.69493,pd_on_open
0.051149,0.10203,0.12519,0.4048,0.31682,0.53327,0.62328,0.65604,0.60666,0.72764,0.50783,0.49388,0.65707,0.68139,0.65273,pd_on_open
0.052336,0.10562,0.13021,0.38931,0.32253,0.75546,0.74462,0.74355,0.72693,0.71131,0.72464,0.72775,0.75623,0.76062,0.70688,pd_on_open
0.052389,0.10069,0.12713,0.39802,0.32177,0.65819,0.69615,0.72526,0.66517,0.73075,0.60036,0.61185,0.71382,0.7325,0.72178,pd_on_open
0.051622,0.10161,0.12784,0.39973,0.3192,0.60982,0.64393,0.68679,0.6424,0.6787,0.55876,0.5368,0.68815,0.69951,0.70227,pd_on_open
0.054139,0.10121,0.12406,0.39759,0.323,0.63094,0.71851,0.70384,0.6593,0.7545,0.6222,0.59098,0.64509,0.67711,0.6949,pd_on_open
0.050183,0.10236,0.12538,0.41109,0.31099,0.61818,0.61722,0.66966,0.67592,0.67661,0.66938,0.66736,0.67031,0.67017,0.64729,pd_on_open
0.049971,0.097737,0.12611,0.40887,0.31731,0.56659,0.56718,0.67569,0.64678,0.64798,0.63614,0.63302,0.67693,0.67667,0.63226,pd_on_open
0.050776,0.10517,0.12479,0.41071,0.30856,0.6229,0.62424,0.71817,0.6674,0.66804,0.66182,0.6602,0.71899,0.71882,0.68452,pd_on_open
0.050605,0.10279,0.13415,0.40748,0.30498,0.55411,0.55933,0.65682,0.57708,0.57793,0.57013,0.56831,0.65753,0.65738,0.62683,pd_on_open
0.051115,0.10014,0.12781,0.40996,0.31098,0.60319,0.60055,0.65215,0.66699,0.66758,0.66132,0.6595,0.65293,0.65276,0.62687,pd_on_open
0.050222,0.10072,0.12671,0.40901,0.31333,0.59704,0.59528,0.65288,0.65576,0.65609,0.65208,0.65074,0.65352,0.65338,0.62905,pd_on_open
0.050622,0.10092,0.12287,0.39689,0.32869,0.74854,0.71476,0.71633,0.71958,0.73087,0.71179,0.64259,0.71948,0.75895,0.65631,pd_on_open
0.052124,0.10342,0.1294,0.39709,0.31797,0.73257,0.68658,0.7033,0.64492,0.6228,0.69022,0.60065,0.68906,0.68596,0.69983,pd_on_open
0.051242,0.10194,0.12458,0.40262,0.31962,0.62065,0.63636,0.60037,0.66528,0.66539,0.59074,0.58874,0.63067,0.64737,0.62376,pd_on_open
0.050905,0.11134,0.12695,0.40003,0.31078,0.54115,0.57231,0.51306,0.63852,0.67837,0.49944,0.5104,0.56298,0.57654,0.62214,pd_on_open
0.050213,0.11079,0.13273,0.39565,0.31062,0.57056,0.63981,0.5839,0.63692,0.65862,0.54797,0.57445,0.61766,0.61063,0.63916,pd_on_open
0.050268,0.10702,0.12551,0.40495,0.31225,0.7029,0.64652,0.62941,0.61755,0.75071,0.63246,0.61659,0.65897,0.65415,0.68361,pd_on_open
0.050851,0.11108,0.12397,0.4039,0.31021,0.50208,0.58035,0.51129,0.60343,0.66029,0.48492,0.50938,0.57769,0.5831,0.59165,pd_on_open
0.053124,0.10455,0.12438,0.39027,0.32767,0.76031,0.78546,0.81894,0.75361,0.80139,0.74629,0.76264,0.75697,0.78872,0.76246,pd_on_open
0.055091,0.10354,0.1264,0.38996,0.32501,0.77435,0.84019,0.80411,0.81304,0.76943,0.70175,0.64534,0.75968,0.73879,0.68191,pd_on_open
0.054038,0.10586,0.13123,0.3911,0.31778,0.78006,0.66755,0.82665,0.79158,0.58931,0.64128,0.68097,0.78125,0.7763,0.68872,pd_on_open
0.054087,0.10558,0.12863,0.39238,0.31932,0.80058,0.72114,0.78785,0.79609,0.59142,0.70798,0.70425,0.78713,0.76333,0.75586,pd_on_open
0.054539,0.10422,0.13168,0.39569,0.31387,0.72582,0.64972,0.78121,0.74788,0.77525,0.5984,0.64478,0.74811,0.71963,0.63639,pd_on_open
0.04999,0.1002,0.13065,0.40537,0.31378,0.7435,0.623,0.6712,0.60731,0.6402,0.64692,0.5924,0.67078,0.70648,0.71917,pd_on_open
0.052729,0.10343,0.12975,0.39614,0.31795,0.76308,0.70414,0.73796,0.75356,0.80687,0.6449,0.6573,0.76319,0.74679,0.67949,pd_on_open
0.05309,0.10387,0.13316,0.39907,0.31081,0.68821,0.65094,0.68789,0.58276,0.76222,0.62122,0.49887,0.56033,0.60539,0.67702,pd_on_open
0.051207,0.10898,0.1319,0.40081,0.3071,0.67164,0.58183,0.63925,0.62565,0.7065,0.68206,0.55791,0.55943,0.62561,0.6484,pd_on_open
0.051757,0.10683,0.13007,0.39944,0.3119,0.70316,0.58932,0.64528,0.63548,0.6936,0.70191,0.6088,0.61317,0.61807,0.63436,pd_on_open
0.052499,0.11596,0.13209,0.39531,0.30413,0.60824,0.46553,0.49451,0.55601,0.59281,0.58373,0.51264,0.39646,0.42568,0.46895,pd_on_open
0.051422,0.10725,0.1334,0.40037,0.30756,0.63323,0.62029,0.63839,0.5846,0.65777,0.63546,0.56157,0.50347,0.4901,0.64645,pd_on_open
0.051201,0.10836,0.13226,0.39873,0.30945,0.66597,0.59996,0.6389,0.59584,0.70703,0.63727,0.60584,0.54758,0.52626,0.63196,pd_on_open
0.053934,0.10792,0.1341,0.4043,0.29975,0.7747,0.63858,0.65531,0.57697,0.5859,0.71909,0.62753,0.62733,0.6669,0.7665,pd_on_open
0.054307,0.10683,0.133,0.40266,0.3032,0.76485,0.67031,0.67571,0.62882,0.62997,0.70026,0.65106,0.65662,0.706,0.7074,pd_on_open
0.053373,0.10856,0.13726,0.40027,0.30054,0.76438,0.66347,0.65189,0.55669,0.63828,0.65665,0.61654,0.61305,0.6624,0.67482,pd_on_open
0.050187,0.10182,0.12698,0.39485,0.32616,0.73946,0.76716,0.7247,0.65786,0.69238,0.65922,0.71877,0.76198,0.75108,0.7021,pd_on_open
0.052442,0.11122,0.1324,0.40669,0.29724,0.75986,0.64686,0.61594,0.60781,0.63468,0.63153,0.57141,0.58684,0.63509,0.67518,pd_on_open
0.055415,0.11196,0.13315,0.39905,0.30042,0.81481,0.66427,0.67539,0.63953,0.6771,0.77714,0.7033,0.62619,0.69568,0.73752,pd_on_open
0.055037,0.10717,0.13157,0.40354,0.30269,0.78686,0.69744,0.70536,0.65079,0.68424,0.74272,0.67479,0.69797,0.75101,0.75806,pd_on_open
0.057143,0.11561,0.13582,0.38946,0.30197,0.68684,0.62039,0.65958,0.63138,0.60272,0.6189,0.56476,0.60379,0.65242,0.63618,pd_on_open
0.055729,0.11582,0.13094,0.3916,0.30591,0.69131,0.63446,0.66853,0.6228,0.63569,0.69155,0.61885,0.68073,0.71111,0.69676,pd_on_open
0.056336,0.11226,0.12708,0.39227,0.31205,0.7463,0.6663,0.68092,0.68702,0.68785,0.72801,0.66871,0.64282,0.70673,0.712,pd_on_open
0.057013,0.11389,0.13073,0.39182,0.30654,0.74683,0.6555,0.71457,0.65893,0.65098,0.70687,0.56559,0.59984,0.70579,0.71181,pd_on_open
0.056375,0.11189,0.12837,0.38964,0.31373,0.73666,0.71386,0.71393,0.70675,0.67811,0.72666,0.66215,0.68229,0.71693,0.739,pd_on_open
0.055158,0.11389,0.13111,0.38915,0.31069,0.71682,0.6648,0.65662,0.63178,0.63482,0.62831,0.57809,0.6255,0.69119,0.68769,pd_on_open
0.049683,0.10569,0.13048,0.39707,0.31708,0.71091,0.65906,0.66481,0.65288,0.60112,0.57535,0.56782,0.67679,0.669,0.68222,pd_on_open
0.048961,0.10439,0.12932,0.39885,0.31848,0.70217,0.59815,0.64669,0.64054,0.5883,0.62861,0.53562,0.60464,0.6307,0.68804,pd_on_open
0.052338,0.096772,0.13072,0.39032,0.32985,0.73938,0.70784,0.71091,0.72126,0.76363,0.71896,0.71945,0.71529,0.72859,0.7613,pd_on_open
0.051155,0.10716,0.13652,0.38815,0.31701,0.57309,0.59394,0.62413,0.69894,0.62759,0.64508,0.62756,0.5685,0.61324,0.69262,pd_on_open
0.051945,0.10236,0.13003,0.38662,0.32905,0.7731,0.73263,0.69808,0.71471,0.71268,0.73654,0.75599,0.70695,0.69482,0.78091,pd_on_open
0.054447,0.10172,0.13007,0.38587,0.32789,0.75894,0.7283,0.73449,0.76611,0.76574,0.72708,0.73883,0.73379,0.74405,0.77668,pd_on_open
0.050874,0.098268,0.12356,0.39137,0.33593,0.78678,0.76436,0.69999,0.75476,0.77199,0.77665,0.78996,0.72392,0.71959,0.79435,pd_on_open
0.054497,0.10064,0.12465,0.38898,0.33124,0.79468,0.78848,0.74628,0.74691,0.75836,0.7878,0.79204,0.77256,0.75814,0.80088,pd_on_open
0.053771,0.1024,0.13593,0.38539,0.32251,0.77497,0.70189,0.72484,0.81588,0.7681,0.67838,0.73845,0.69196,0.70337,0.77895,pd_on_open
0.050089,0.096859,0.1277,0.39953,0.32582,0.68881,0.67337,0.68317,0.65858,0.68883,0.58397,0.64267,0.69316,0.67326,0.58025,pd_on_open
0.049519,0.098022,0.12514,0.40201,0.32531,0.70022,0.6917,0.69311,0.6712,0.64953,0.66595,0.65992,0.7342,0.71992,0.63744,pd_on_open
0.04994,0.099612,0.1301,0.40082,0.31953,0.65773,0.6674,0.63738,0.69258,0.70629,0.59544,0.61933,0.76396,0.7216,0.65594,pd_on_open
0.05106,0.099715,0.12678,0.39917,0.32328,0.70439,0.65711,0.6649,0.70298,0.66619,0.6659,0.70405,0.72429,0.70238,0.65451,pd_on_open
0.051802,0.10128,0.13137,0.40189,0.31366,0.62232,0.65526,0.65785,0.69178,0.65878,0.58546,0.57886,0.66835,0.6665,0.62419,pd_on_open
0.050775,0.10201,0.13184,0.39064,0.32474,0.6554,0.70485,0.68525,0.75026,0.67098,0.66386,0.62487,0.6596,0.69431,0.70735,pd_on_open
0.051877,0.10226,0.13149,0.39991,0.31447,0.65154,0.69639,0.66443,0.7206,0.73715,0.64287,0.60214,0.7117,0.71533,0.65505,pd_on_open
0.053511,0.10183,0.13046,0.3897,0.3245,0.76488,0.74676,0.76344,0.67802,0.71852,0.69019,0.6224,0.76107,0.7487,0.78788,pd_on_open
0.052204,0.10533,0.13335,0.38902,0.3201,0.77113,0.67716,0.70317,0.69051,0.7289,0.79188,0.62828,0.66803,0.66384,0.78164,pd_on_open
0.054946,0.10666,0.13299,0.38442,0.32098,0.76181,0.71949,0.71484,0.63158,0.67508,0.78985,0.63138,0.7431,0.72633,0.76046,pd_on_open
0.055664,0.10667,0.13272,0.38675,0.31819,0.74261,0.7443,0.73628,0.72645,0.68686,0.77739,0.72869,0.75011,0.74382,0.78207,pd_on_open
0.054241,0.10792,0.13276,0.38926,0.31581,0.76663,0.72681,0.71338,0.68104,0.73252,0.80694,0.65992,0.73903,0.72724,0.80211,pd_on_open
0.056199,0.10649,0.13188,0.38416,0.32127,0.76139,0.75042,0.75657,0.72138,0.72225,0.78904,0.68551,0.71265,0.71225,0.79736,pd_on_open
0.05285,0.1053,0.13902,0.39642,0.30642,0.71612,0.64629,0.65885,0.67856,0.63353,0.64583,0.60579,0.62966,0.63708,0.63889,pd_on_open
0.053343,0.10366,0.1355,0.39528,0.31221,0.68432,0.63852,0.66471,0.69145,0.68072,0.67341,0.62967,0.6801,0.64509,0.70319,pd_on_open
0.055205,0.11325,0.13927,0.38544,0.30683,0.73626,0.56635,0.58167,0.72781,0.64311,0.70341,0.57567,0.60037,0.6004,0.66918,pd_on_open
0.052254,0.10856,0.12852,0.38845,0.32221,0.66877,0.66861,0.68008,0.75465,0.67731,0.72135,0.70538,0.60618,0.64974,0.72804,pd_on_open
0.053047,0.10756,0.13712,0.3962,0.30607,0.67493,0.65516,0.65277,0.66919,0.69653,0.69966,0.64307,0.68739,0.65035,0.72307,pd_on_open
0.054157,0.10747,0.14022,0.39044,0.30772,0.71883,0.62913,0.63627,0.66334,0.62414,0.67526,0.60515,0.66145,0.62706,0.70975,pd_on_open
0.055119,0.11425,0.13993,0.38552,0.30518,0.68274,0.55729,0.58974,0.60239,0.60278,0.62158,0.53013,0.54615,0.55874,0.58636,pd_on_open
0.049488,0.10532,0.12871,0.39098,0.32549,0.66931,0.57395,0.68007,0.72647,0.62516,0.63031,0.67631,0.64771,0.57858,0.65272,pd_on_open
0.049944,0.10794,0.13072,0.39139,0.32,0.56707,0.58424,0.62868,0.72033,0.6643,0.48693,0.59424,0.60692,0.54873,0.68766,pd_on_open
0.051546,0.11043,0.13211,0.39198,0.31394,0.62141,0.54034,0.61141,0.68191,0.62668,0.57572,0.56511,0.60974,0.54673,0.6067,pd_on_open
0.051299,0.11208,0.12878,0.39305,0.3148,0.61854,0.50287,0.59854,0.68024,0.67279,0.6014,0.60988,0.603,0.52793,0.62436,pd_on_open
0.050448,0.10969,0.12801,0.39253,0.31933,0.67613,0.5822,0.66618,0.74937,0.77041,0.64966,0.67622,0.71048,0.63999,0.64386,pd_on_open
0.050527,0.10957,0.13214,0.3917,0.31606,0.58174,0.55648,0.57277,0.65427,0.65028,0.53838,0.58995,0.5578,0.52647,0.64498,pd_on_open
0.05492,0.10617,0.12965,0.39005,0.31922,0.7773,0.75405,0.78762,0.77766,0.81918,0.75305,0.73136,0.79204,0.76236,0.79807,pd_on_open
0.051323,0.10908,0.13387,0.38816,0.31757,0.60564,0.59344,0.59425,0.61008,0.63555,0.61306,0.5748,0.55452,0.58547,0.59644,pd_on_open
0.056187,0.10852,0.1324,0.38676,0.31614,0.77759,0.756,0.76663,0.78097,0.82407,0.76478,0.65,0.7709,0.78857,0.78836,pd_on_open
0.054777,0.11079,0.13784,0.38796,0.30863,0.7412,0.7599,0.73485,0.65515,0.7715,0.69946,0.64584,0.7202,0.69921,0.72853,pd_on_open
0.055461,0.10696,0.13651,0.39115,0.30993,0.68922,0.6758,0.68921,0.71638,0.78308,0.73945,0.60006,0.69897,0.67281,0.72053,pd_on_open
0.055164,0.10804,0.13245,0.38857,0.31578,0.77743,0.76231,0.75809,0.77946,0.79838,0.76481,0.72727,0.75909,0.72982,0.76327,pd_on_open
0.055572,0.1082,0.13876,0.38635,0.31112,0.72862,0.72954,0.72534,0.71044,0.77768,0.74695,0.66191,0.6387,0.65698,0.64209,pd_on_open
0.053812,0.10637,0.13441,0.40125,0.30416,0.72832,0.58662,0.74323,0.68392,0.78822,0.71496,0.67294,0.64351,0.66606,0.69623,pd_on_open
0.05203,0.10828,0.13896,0.4002,0.30053,0.67717,0.57339,0.70051,0.6112,0.74114,0.66259,0.59645,0.55427,0.58654,0.5575,pd_on_open
0.053577,0.10689,0.13667,0.3993,0.30356,0.65504,0.56265,0.71057,0.63938,0.73714,0.69143,0.5635,0.55322,0.57127,0.56079,pd_on_open
0.05374,0.10732,0.13545,0.39881,0.30468,0.70039,0.59788,0.75498,0.70147,0.80263,0.59474,0.57446,0.61809,0.6334,0.62696,pd_on_open
0.053645,0.10634,0.13598,0.40146,0.30258,0.73303,0.54604,0.73979,0.67828,0.73866,0.66037,0.65809,0.56736,0.60363,0.62366,pd_on_open
0.051638,0.10497,0.13243,0.38743,0.32354,0.54321,0.55893,0.56722,0.62291,0.52468,0.49798,0.5336,0.56892,0.59231,0.58111,pd_on_open
0.054059,0.10824,0.13878,0.40058,0.29834,0.69428,0.56611,0.731,0.68141,0.78014,0.64521,0.63911,0.54939,0.56193,0.63215,pd_on_open
0.051925,0.10015,0.13529,0.39744,0.3152,0.67774,0.63659,0.65778,0.60276,0.64701,0.5795,0.55707,0.63511,0.65603,0.68732,pd_on_open
0.050374,0.10213,0.13955,0.39746,0.31049,0.56713,0.53768,0.52561,0.48902,0.61676,0.50319,0.44284,0.51866,0.54242,0.67325,pd_on_open
0.049505,0.097206,0.13837,0.40027,0.31465,0.58768,0.495,0.52316,0.49879,0.57042,0.50715,0.46425,0.54944,0.56552,0.62532,pd_on_open
0.05176,0.10139,0.13423,0.39762,0.315,0.662,0.59972,0.60623,0.62541,0.64256,0.56262,0.58414,0.61908,0.63081,0.69513,pd_on_open
0.051828,0.10283,0.13938,0.3973,0.30866,0.55343,0.51795,0.48103,0.52512,0.59426,0.44725,0.43979,0.54834,0.61119,0.67307,pd_on_open
0.049831,0.10307,0.13888,0.39457,0.31365,0.54426,0.5061,0.5248,0.57855,0.61034,0.46269,0.45212,0.47377,0.52204,0.61283,pd_on_open
0.053986,0.11364,0.1284,0.38342,0.32055,0.77883,0.66656,0.6865,0.71499,0.73337,0.73641,0.68887,0.77665,0.73548,0.80178,pd_on_open
0.054009,0.1117,0.12954,0.38222,0.32253,0.78855,0.69751,0.6571,0.7547,0.77633,0.68672,0.74816,0.77281,0.73409,0.79943,pd_on_open
0.054243,0.11254,0.12488,0.38657,0.32176,0.78179,0.62188,0.71529,0.78317,0.77839,0.74189,0.69459,0.7278,0.67159,0.7547,pd_on_open
0.052946,0.11169,0.12621,0.38331,0.32584,0.61981,0.66753,0.65141,0.73704,0.73917,0.58674,0.58026,0.7245,0.76959,0.7104,pd_on_open
0.054782,0.11565,0.12541,0.38346,0.3207,0.7589,0.58684,0.54324,0.62071,0.67272,0.61082,0.6698,0.74494,0.66738,0.78709,pd_on_open
0.052995,0.11316,0.12725,0.38171,0.32489,0.76213,0.6896,0.71217,0.71144,0.72895,0.68971,0.74432,0.75098,0.69877,0.80192,pd_on_open
0.054294,0.11261,0.12694,0.38588,0.32027,0.77484,0.63993,0.65883,0.66514,0.72107,0.646,0.69943,0.7128,0.66317,0.77023,pd_on_open
0.052634,0.10084,0.12895,0.39974,0.31783,0.74535,0.64574,0.61294,0.67892,0.65945,0.70513,0.7256,0.68397,0.66537,0.7062,pd_on_open
0.052961,0.099598,0.13291,0.39808,0.31645,0.69914,0.67732,0.58861,0.62648,0.58735,0.80633,0.71295,0.67895,0.64552,0.68507,pd_on_open
0.052792,0.099773,0.13162,0.39805,0.31776,0.80114,0.71166,0.64768,0.72128,0.70672,0.77932,0.7185,0.69123,0.71344,0.75942,pd_on_open
0.053045,0.098905,0.133,0.39844,0.31661,0.71611,0.63756,0.569,0.65518,0.62863,0.75711,0.6886,0.66931,0.63878,0.74154,pd_on_open
0.052715,0.099646,0.13257,0.39708,0.31799,0.75058,0.65136,0.57913,0.69297,0.60318,0.7204,0.77699,0.68271,0.68499,0.75859,pd_on_open
0.053666,0.097921,0.13277,0.4014,0.31424,0.79031,0.61871,0.62057,0.66085,0.70468,0.75212,0.71993,0.6421,0.58913,0.64604,pd_on_open
0.05433,0.11335,0.13308,0.39259,0.30665,0.61895,0.6967,0.66638,0.5608,0.66353,0.61408,0.5298,0.62845,0.72674,0.72148,pd_on_open
0.053551,0.11296,0.12608,0.38316,0.32425,0.63151,0.65093,0.67911,0.75399,0.75468,0.69138,0.64548,0.61342,0.68476,0.70128,pd_on_open
0.05601,0.1141,0.13331,0.38133,0.31525,0.48763,0.6682,0.61841,0.66682,0.61154,0.45876,0.47356,0.61515,0.7057,0.75553,pd_on_open
0.05502,0.11593,0.13433,0.38224,0.31249,0.45943,0.60124,0.53088,0.68324,0.56525,0.4431,0.47779,0.52743,0.60233,0.71355,pd_on_open
0.055911,0.12061,0.13358,0.38287,0.30702,0.40242,0.51742,0.45515,0.59908,0.48813,0.41477,0.42663,0.45478,0.47886,0.60077,pd_on_open
0.055493,0.12158,0.13495,0.38112,0.30685,0.44043,0.57558,0.49619,0.61776,0.52141,0.45795,0.42872,0.47523,0.52684,0.58484,pd_on_open
0.054831,0.11567,0.13249,0.38596,0.31105,0.45193,0.70606,0.56743,0.71855,0.62658,0.50541,0.42982,0.47842,0.56614,0.66381,pd_on_open
0.055221,0.102,0.1225,0.39531,0.32497,0.79685,0.80167,0.79343,0.76883,0.80439,0.79408,0.78813,0.76957,0.74914,0.77746,pd_on_open
0.054667,0.10292,0.12538,0.3978,0.31923,0.77595,0.77636,0.76263,0.76299,0.74882,0.70076,0.74562,0.64393,0.55198,0.7227,pd_on_open
0.055836,0.10328,0.12649,0.39429,0.3201,0.81573,0.7687,0.78247,0.79188,0.79089,0.79565,0.73165,0.72836,0.70471,0.7705,pd_on_open
0.05552,0.10484,0.12919,0.39516,0.31529,0.78094,0.75999,0.76471,0.79046,0.76888,0.75425,0.70873,0.69068,0.60627,0.76813,pd_on_open
0.05498,0.10367,0.12572,0.39678,0.31885,0.77095,0.78839,0.787,0.77813,0.78219,0.80661,0.7792,0.76257,0.74692,0.77932,pd_on_open
0.053118,0.1128,0.12307,0.38483,0.32618,0.55188,0.55995,0.55133,0.71872,0.78082,0.57671,0.57199,0.57213,0.63211,0.59655,pd_on_open
0.054542,0.10222,0.12675,0.39481,0.32168,0.77181,0.7539,0.73545,0.75808,0.76889,0.75696,0.75694,0.66752,0.62207,0.73995,pd_on_open
0.053707,0.10539,0.12806,0.39437,0.31847,0.78048,0.68926,0.77069,0.66063,0.67673,0.74308,0.7494,0.63824,0.63459,0.71031,pd_on_open
0.053414,0.10972,0.13872,0.39475,0.3034,0.60728,0.55329,0.62019,0.50575,0.63047,0.5566,0.49222,0.48794,0.48578,0.61591,pd_on_open
0.052797,0.10624,0.13946,0.39197,0.30953,0.57249,0.55175,0.57905,0.58134,0.63151,0.44303,0.51955,0.46726,0.464,0.60681,pd_on_open
0.051289,0.10413,0.13664,0.39999,0.30795,0.57619,0.57359,0.56653,0.5441,0.57276,0.53409,0.50281,0.4831,0.47881,0.68996,pd_on_open
0.053802,0.10926,0.13895,0.39597,0.30202,0.68024,0.58508,0.592,0.53264,0.60201,0.50344,0.52642,0.52284,0.51946,0.59371,pd_on_open
0.054664,0.11132,0.13793,0.39325,0.30284,0.55067,0.53539,0.62933,0.52335,0.57167,0.52474,0.49587,0.50469,0.5027,0.58935,pd_on_open
0.049448,0.09752,0.12922,0.41382,0.30998,0.62264,0.63959,0.63247,0.64018,0.65555,0.60503,0.667,0.66771,0.65382,0.6116,pd_on_open
0.051391,0.097796,0.12928,0.4135,0.30803,0.57662,0.57348,0.58367,0.63585,0.63668,0.59445,0.59226,0.58986,0.59438,0.68307,pd_on_open
0.052442,0.097584,0.13128,0.41119,0.3075,0.63243,0.64958,0.63616,0.67105,0.6751,0.63308,0.65717,0.65455,0.65459,0.62419,pd_on_open
